mid,radiant_won
3,0.633020016783682
7,0.7808708902256776
9,0.16717558510179722
10,0.5778989165169923
12,0.3569864088228094
13,0.18001928212194637
14,0.5061131336513128
15,0.4060729591879936
16,0.3619201219320378
17,0.2556111353469841
18,0.7920165050809558
19,0.22192386037594214
21,0.5713963522414612
22,0.898487013744939
23,0.8419030639672522
24,0.7994373190412778
25,0.8349794816921359
29,0.6501182254327904
32,0.7420563151479088
33,0.6264893054059669
34,0.7790823362210516
36,0.3011426683073408
38,0.944140675049784
39,0.4153697962523057
40,0.7301471490845816
41,0.39288280449087876
42,0.7409762986324435
44,0.29970876455216244
45,0.8950600122263189
46,0.5075066511375013
47,0.3699066893141737
50,0.25307159754734276
51,0.07688856034841367
54,0.5772297638917546
60,0.42125734444126367
72,0.1418524193382605
75,0.753761161268467
78,0.5574240081329522
80,0.14918534443509504
86,0.6925196348104389
87,0.793609358541865
89,0.5797735554095103
91,0.792398482183627
94,0.3996324757923377
103,0.3651216754752078
105,0.7631520461755065
106,0.33327432877901486
108,0.6499970154838732
109,0.7168091137436703
112,0.4196446157887321
114,0.6280966385754738
115,0.30117212308952035
116,0.8255797824179861
118,0.5431546816398864
123,0.6480885509803953
126,0.8941426345518427
127,0.6244440644734147
129,0.6494527916633573
131,0.9367447351091076
132,0.8533246222583861
135,0.7265512763088224
136,0.4171181097210499
138,0.44324989114575825
139,0.41967423508959734
140,0.3781093273441617
143,0.6829024685114113
144,0.2711361747611427
145,0.6899681472782709
146,0.8231246790822011
147,0.9120654146814455
150,0.34705928140669623
155,0.21395434487752218
159,0.7986768523376556
160,0.51073244126674
162,0.4510892220923311
166,0.3771548608909429
168,0.19611754599468478
170,0.3352116934565885
172,0.2767620267883484
174,0.7952343967789227
180,0.19671239578410515
181,0.42160360228976373
182,0.7731675490583696
183,0.2762025118424545
184,0.6673988555154596
185,0.8988838715095084
186,0.6606565047244041
188,0.41124865540816014
189,0.8532822962443751
192,0.3502259012789771
193,0.5176986821997657
195,0.2481937876191452
197,0.8751429700169825
201,0.37877383763486017
202,0.6405803855636338
203,0.1483211519038526
206,0.5447980113203037
208,0.933649992744029
212,0.7901121273941489
215,0.3995194994201244
218,0.3370435224063408
220,0.6850379484691504
221,0.08342935568040369
222,0.39458124629973435
223,0.2968791687384492
224,0.21109171241705846
228,0.7488492280821043
229,0.6409762425882625
231,0.7486571034427273
232,0.5670985298030033
235,0.5388925037428505
240,0.8361765576242518
242,0.3009236752843348
247,0.1770699776973677
249,0.5854906881714511
251,0.09257909369384042
252,0.8324796172768987
253,0.06229170079244219
254,0.8724364357701802
255,0.88653661747285
260,0.6365636931907678
262,0.11036941273826163
263,0.3081716877538207
264,0.7178008134014983
265,0.6010205076557082
266,0.5597216614713543
268,0.09741028477998717
270,0.5041427164678315
274,0.821720259765793
275,0.04917385163847873
278,0.7706016376229173
282,0.4062367031401407
283,0.28042339303029656
289,0.39845548879826864
290,0.32236476287730825
292,0.36724203124902927
297,0.4099019724187943
298,0.17382905715041502
300,0.6770983868216817
302,0.11030055094986418
303,0.8500290378267722
305,0.35767073991360165
306,0.5051007147754158
309,0.012401613984060525
310,0.5665942709879455
311,0.2168434630215189
312,0.9366210458801911
316,0.6110139083376658
317,0.15204984547663505
318,0.5473858631324751
319,0.4587957510605143
322,0.23695571958132522
325,0.13936032910935317
327,0.5491859291386763
328,0.16554868618174706
330,0.9092247243333536
331,0.3900255084624541
332,0.19160649786680628
333,0.8115082189564998
334,0.14677317864939107
335,0.7930483365946984
336,0.7833078237694693
338,0.7107393596645151
340,0.5684184619836898
341,0.18617272042169747
342,0.8489613712391428
345,0.6346719626206664
348,0.20664448623209125
350,0.21879167751883907
351,0.7394170685483471
353,0.5859065791147393
358,0.6872720182920289
359,0.39619772725100005
360,0.7006368045515762
365,0.3061790581558613
368,0.3349393314818131
369,0.9273879743024589
370,0.7624083613958492
371,0.17069639798020814
372,0.3659839493138031
374,0.8298027119829277
377,0.5650167819202055
379,0.7277262453409621
380,0.15649059681782182
382,0.4569931899036496
383,0.6923037655638198
386,0.41555513552791185
388,0.6171986513459855
390,0.47224188803897044
391,0.394101639268645
393,0.9141113352246641
394,0.26727551678573297
395,0.3237134923407927
399,0.38583420030838567
400,0.5112647637237302
402,0.4674021114254188
404,0.8055411054248176
405,0.7172815604967872
408,0.12066834037003904
409,0.5427154878621384
412,0.49794436317559965
413,0.7700236583085228
417,0.9485295761355614
420,0.33681291468627095
421,0.5944120426059725
422,0.40147199201460326
423,0.22864098741867062
425,0.15041852252232715
428,0.46029126764594475
435,0.42437672572196633
440,0.18008914344980925
441,0.32900882301478906
442,0.44676144386604455
445,0.6957726558690205
446,0.6739718137738132
447,0.3306905572938056
449,0.5526041156001361
452,0.6391119498049416
453,0.8227633981415468
454,0.5832134812614523
455,0.3328759396791964
457,0.25290458118979486
458,0.7395263699837823
459,0.46319837692298516
460,0.43621290618504316
461,0.5681885985032132
463,0.7455127823683984
466,0.8879527588504477
468,0.8229598445206997
476,0.43155753165915667
477,0.37107462490693366
478,0.19772836030433846
479,0.8761152709648592
480,0.7983969681878729
483,0.7319386262003097
484,0.4982774364586848
487,0.8601576424892166
489,0.7152938408229264
492,0.34093552366677415
493,0.20579640306399227
495,0.6186251176107818
498,0.286050792640357
502,0.8244793113174846
503,0.5331319029606133
506,0.3133914298853231
507,0.11801770423003659
511,0.3937021759176948
514,0.42209751900090897
517,0.855172208182625
518,0.19891178312156213
522,0.8376922678273832
523,0.7914014234063832
526,0.8820247393850783
531,0.6244076841712635
541,0.3831486418732089
542,0.2943873635448265
544,0.736694506301724
545,0.803684235359507
547,0.9072741904494005
549,0.5421872237526469
550,0.2613451824525509
552,0.9341282555310114
554,0.6778784881744
555,0.7296659262516542
556,0.8308487230620268
557,0.30522189472838585
558,0.7832621072895642
559,0.511051101779983
560,0.7642629869483808
561,0.6940044502866551
562,0.8551382713618397
563,0.7702235093915553
564,0.27513702904762655
566,0.42347990942017316
570,0.624378084227047
572,0.7281055200194723
574,0.3708680087459781
575,0.5889548376338987
576,0.7495185669273879
578,0.3728631725625538
581,0.6842406471497284
582,0.479470323068651
583,0.5026139128256997
584,0.3229195185074531
585,0.41269437949534354
586,0.6404447964140125
588,0.7307398395195485
592,0.6453240235416623
593,0.732190056922036
594,0.9267400396623608
595,0.6153818634838208
596,0.8351768387776423
597,0.9792842939341203
600,0.7495360612536404
603,0.16496411152745724
606,0.6650623170163592
607,0.303389184882111
608,0.5879731599325361
609,0.3259976256241609
613,0.8010392205517824
614,0.8586641443295512
618,0.3133144249507551
622,0.9410847041995556
623,0.43829168701234994
624,0.21401788910731068
626,0.651213108574523
627,0.4077853578579173
630,0.1768257724374075
631,0.24550799983610852
632,0.5024658819294782
633,0.6664610791209225
635,0.5990993986850874
637,0.592569285886646
638,0.5625469501012418
639,0.7635142612542654
641,0.37472199598766687
642,0.6234814988182886
644,0.6696665233518417
648,0.5681173061317992
649,0.5697370203562434
650,0.8459744246076695
651,0.7961098605283711
652,0.44679810397963754
653,0.3532338541309967
654,0.391193683607619
655,0.19903407960088718
656,0.6990711408218145
658,0.3659477606910716
660,0.9600819043476871
661,0.7630673716029331
662,0.6911485315887492
663,0.8239511497947322
666,0.09203242587589738
667,0.26222457623430856
669,0.4263028423615704
670,0.8038391886739944
671,0.497228200610554
672,0.5305091830487265
674,0.9019290772312697
676,0.3853859841717379
677,0.786885140060899
678,0.30971046478443426
679,0.26094282992879003
684,0.8165643239838571
685,0.3862405291289195
686,0.6900959129565823
687,0.2767446196542977
688,0.7788383094848259
691,0.2717987436004436
692,0.5129188859940532
696,0.7333583053774924
697,0.21887582568538477
701,0.3343961440404609
703,0.5899167259854307
705,0.9230502821024901
706,0.5093759299253071
707,0.8020710670495278
708,0.3304801501446998
710,0.261960527009294
712,0.5491195267931708
715,0.48271076381603806
717,0.5426866919262017
718,0.8477030072238485
725,0.38645293868671143
726,0.8164048711195672
730,0.8312652547106264
732,0.21713817204803615
735,0.8979366683163738
737,0.6663968383615367
738,0.9047396116482487
739,0.7657410485286129
740,0.20268975602594672
741,0.6306956699616828
744,0.7440142015213844
745,0.6270054021067365
747,0.2507997622583783
751,0.6114995088678181
752,0.42808046388303345
754,0.4849450186464376
755,0.5886964904419519
756,0.02933859345278175
757,0.8189985684012808
758,0.2868200314345001
759,0.3213262298675456
760,0.19323619135687894
761,0.6165570050685917
762,0.255028563919143
763,0.21920948497850606
764,0.562621010767725
765,0.5748188122342925
766,0.17887840047475873
768,0.23874495924262132
769,0.8550956355486209
770,0.6924262156933836
772,0.4327240823831389
773,0.74395522974686
774,0.4584605583845947
777,0.18597426608405826
779,0.5545276624507163
780,0.4202525531955413
781,0.2173405067666832
782,0.7330763582002323
785,0.8141923942875724
787,0.9352343371240573
791,0.8895643078366792
793,0.30357347955209707
794,0.5517566057126309
796,0.43449757397250244
797,0.794998337847039
798,0.4982310153741478
799,0.6570004055098989
800,0.948464862865017
801,0.7868568345601407
808,0.9632457457308353
810,0.6553264131676317
812,0.5772419530138908
814,0.4872170262521226
818,0.43149346718446985
820,0.5013238016032773
821,0.8000997595079625
824,0.10593025482722351
826,0.6003928080346673
827,0.5767508581505106
828,0.5700931464725421
829,0.2373837759133928
832,0.5720007228035707
835,0.860756265106111
838,0.598989174995423
839,0.6380599054920163
840,0.5377884805648117
843,0.7156933924039757
844,0.32575032974088763
845,0.6313144884146529
850,0.5207440418462224
852,0.8128222465190246
853,0.4408375352786762
855,0.7127651120551687
860,0.1327926838446253
861,0.8412064354116503
863,0.7494607675130948
872,0.24102249374084553
873,0.4045290065284936
874,0.679768465953886
877,0.09516185669511573
878,0.3873719785800865
879,0.3762343127057494
881,0.33723503718671655
883,0.979707308050461
884,0.5791858407751876
885,0.23928546810205217
888,0.8199209772332418
892,0.6741703246981486
895,0.6817561250040535
897,0.3510462390633767
898,0.16650420214803927
901,0.5981841552853876
903,0.873838584623069
905,0.3468425155940072
910,0.14395604133286946
911,0.4633952584956339
912,0.6651261560983944
914,0.893953179855236
915,0.7292107031474521
916,0.6752120181616514
919,0.5161089138709001
920,0.21397147472656042
921,0.14738617806374688
923,0.5589906944983736
925,0.9614040621672083
926,0.520202367599824
929,0.5879743998055461
931,0.1982901728195952
934,0.5531500228922568
935,0.7236116884999887
936,0.6023837418835295
937,0.6012648887864103
946,0.7267247662890147
948,0.14731766605581156
950,0.3783384786494494
951,0.5996261959644462
952,0.6975903685289726
953,0.5702535363689485
954,0.727606237471216
958,0.583948616139339
965,0.3220644114755233
966,0.5085931224100608
968,0.615148040015117
970,0.45632458420991884
971,0.11673196578555266
972,0.4558428229123096
973,0.7976855449733697
976,0.9015405985137266
978,0.8201632921182029
979,0.5165792590024197
980,0.5040414232578295
981,0.612233428714063
982,0.13571060921961334
985,0.4514014916443885
988,0.10883337764680491
989,0.43760480364351784
990,0.3362596250367721
992,0.6257485434774089
994,0.30689753454824753
995,0.7407997646543285
996,0.41313929594709664
997,0.6115083276879072
999,0.7949067433416381
1000,0.6549833786020388
1002,0.513537852534782
1003,0.38520001930610037
1004,0.33965012280877704
1005,0.8787594621749578
1006,0.29173817696808724
1007,0.45444958693347437
1008,0.17909294996580047
1009,0.06229348937210782
1013,0.6206069678217117
1016,0.7165152561699673
1017,0.5568654030958045
1019,0.3013984292301577
1020,0.9646543933955896
1022,0.3815551584537475
1026,0.8184886812454948
1027,0.3621788721968851
1028,0.7582828408377019
1030,0.3371780299711598
1032,0.7235758560797565
1034,0.3659746663962105
1042,0.6898278319739783
1045,0.16477467731583925
1047,0.09602568426651512
1049,0.5973691487347392
1053,0.18798805949026576
1057,0.31120046245968624
1062,0.6449618885961481
1064,0.27953735825742576
1067,0.6992781865811003
1069,0.7144525653822353
1073,0.7347500132469252
1075,0.2111244857999519
1076,0.44280099321775057
1079,0.5772315808658713
1083,0.6222648607037236
1084,0.42032598552199973
1085,0.789757749912554
1087,0.3251947530903651
1088,0.37725489590252337
1095,0.7954509596238316
1099,0.8553059733527311
1100,0.3268076495368984
1101,0.04594762044874722
1102,0.5178876334433465
1104,0.6555179049523885
1105,0.6545688010701435
1107,0.6170540049386521
1108,0.2560323004186352
1109,0.10793485223243302
1111,0.5457745913912138
1114,0.9138420663045193
1115,0.18595187399451218
1117,0.5240993431030118
1119,0.11464911052317867
1121,0.2736078549668679
1123,0.2603964889897221
1124,0.47038627683437356
1126,0.3619306482826752
1128,0.7527616325473372
1129,0.45405622297300124
1130,0.4199958441118425
1134,0.841340448315584
1135,0.6742473254984671
1137,0.44871696239336545
1138,0.16196007038412719
1142,0.3136090141257139
1143,0.5546880484637734
1146,0.41733921344908304
1150,0.38260586435085797
1151,0.37844212033853547
1152,0.8736776916352604
1153,0.09690341129559339
1154,0.5661687035698063
1155,0.8446396407933165
1156,0.9102785082828502
1157,0.10594360262362988
1159,0.7678625954301855
1160,0.7922388007913232
1161,0.9013042929343899
1163,0.3069458106476346
1166,0.946168676438304
1167,0.42909083569424633
1168,0.2817206989003773
1169,0.7417730917227123
1174,0.3411229590197685
1175,0.259275877517119
1177,0.7102896752364146
1178,0.1768349987441355
1179,0.514761322447789
1180,0.7448057453113908
1181,0.6964664050756515
1182,0.1545405938999832
1184,0.2097566542421029
1186,0.690678239388575
1187,0.5527103679700509
1189,0.8753496045029397
1190,0.7138518609044398
1191,0.635743894800062
1194,0.10665112749840967
1196,0.16524893155192752
1198,0.26620721686191245
1200,0.23384540423536046
1202,0.49239966159120746
1203,0.6560293979821568
1204,0.684829703433462
1205,0.32295786241732444
1207,0.23142345071464657
1208,0.2418352159482665
1209,0.5562861893615938
1210,0.5564116220212573
1211,0.6783081982353536
1213,0.4810437768229143
1215,0.35080465502387653
1216,0.09498459953082744
1219,0.2331632823366848
1223,0.2241834470205926
1230,0.8096198447666129
1232,0.26658697458148223
1234,0.48288147271184717
1235,0.596709793026895
1236,0.754687486811228
1237,0.25031914117457316
1238,0.364473776417325
1239,0.2956567160332984
1240,0.2453403465722755
1241,0.511000846506884
1242,0.5086110088972577
1243,0.8632002402117603
1244,0.6888448907033279
1245,0.33513542586612377
1246,0.9044351096443165
1250,0.08549795670959234
1251,0.569582708302468
1252,0.42262309700572404
1254,0.3933732534908266
1255,0.8874453843353689
1256,0.8902721932916868
1257,0.3369697019699188
1260,0.28813169970300545
1261,0.7699774639292081
1262,0.7925074555965408
1263,0.902710977994182
1266,0.27756987336735006
1267,0.38099605029805245
1274,0.7602623332725199
1275,0.39177524596328955
1276,0.03183251831513626
1277,0.9067397498208966
1280,0.5724995252776015
1281,0.5999021201002982
1284,0.8188132465909737
1285,0.7169773171550782
1286,0.11899480947295257
1287,0.15760731829132185
1289,0.6862037400177426
1290,0.6775286766192932
1291,0.6632041375858263
1293,0.6734995301621556
1294,0.6829356423739374
1296,0.598110636738019
1298,0.4470052195984306
1301,0.9152171849435348
1302,0.31645754091181
1303,0.5202027979866666
1306,0.7122800815360941
1307,0.779399590107327
1311,0.5029301439623552
1312,0.53132566778579
1316,0.7368034102369864
1318,0.30381080252488574
1320,0.8660878782106489
1327,0.7791662286244426
1330,0.6885166401598142
1332,0.6893157407403084
1334,0.3518726759397014
1336,0.5950442535963817
1338,0.6414438029913953
1339,0.2829717311653184
1341,0.3901002582649867
1342,0.37194915049250127
1345,0.1393333481678779
1347,0.02275984980892198
1348,0.7281442023217134
1349,0.5584461191901761
1351,0.6331550301246354
1357,0.18956231759602649
1358,0.8188729444170005
1361,0.30937423213976806
1363,0.7071474878550409
1364,0.6372046777409397
1365,0.8284394243913805
1367,0.6580815116238478
1368,0.2169694126387619
1370,0.9139335831495964
1371,0.3251305840282469
1372,0.8465119341174099
1373,0.2837041184797273
1375,0.6025477977253705
1378,0.12156469185362793
1381,0.14914605463771702
1382,0.27844929389087897
1383,0.34776700585707965
1388,0.713443270288542
1393,0.7279909183384361
1395,0.46213259374881427
1396,0.28820479944567423
1397,0.47022692742815525
1398,0.45351185817563905
1399,0.7460675080555371
1400,0.9531692008421853
1403,0.05000046010797119
1406,0.8892257950438488
1407,0.7402988748303807
1409,0.2418801249312462
1411,0.40459420115048994
1413,0.619773856960806
1414,0.3575050316563206
1415,0.046397634790034975
1419,0.09367356162715858
1420,0.708152581985997
1423,0.19831248896168185
1424,0.5718424430288578
1425,0.41708323740145536
1426,0.6977299498886211
1427,0.7323794703726931
1428,0.29863998636645644
1429,0.5581318077734426
1431,0.2586770090851768
1433,0.6035378959095009
1435,0.5592465090383626
1436,0.4223714968808534
1437,0.7951720263774346
1438,0.8112493472087923
1439,0.26733338496929754
1440,0.44716374220559835
1441,0.6969321026736579
1447,0.03283463225265881
1448,0.6486468809724929
1449,0.8492608779671723
1451,0.6345688999450836
1454,0.7537964636846921
1455,0.691747704454848
1457,0.945683265664777
1458,0.22425572377436173
1460,0.7198648797762882
1462,0.7145037177272341
1463,0.6800563731796534
1466,0.857410906391199
1467,0.46661342374810416
1468,0.4471720303624073
1469,0.6815826441149752
1470,0.6125409367376271
1471,0.6994904873966501
1472,0.531501956079952
1473,0.6758767400554088
1477,0.1907317553376733
1478,0.6051925405471572
1479,0.5757105656962928
1480,0.051726009338881676
1481,0.6534560108376448
1483,0.2805484449023546
1485,0.07131485806848047
1488,0.16286136388882871
1489,0.439724824454189
1490,0.47433360184793316
1494,0.746055931669061
1496,0.47734895353705165
1497,0.8478033170997432
1500,0.382152943003383
1501,0.12113825324377087
1502,0.6354768347418722
1504,0.8685562579192594
1505,0.3004514708972596
1508,0.1604134779183105
1509,0.2669476584605539
1513,0.7740027729324775
1514,0.43091104941111613
1515,0.6673121133466026
1518,0.3646922923349312
1519,0.5577029689472489
1522,0.1534410188004546
1523,0.7392146701405969
1528,0.18617081234863153
1531,0.625098064353985
1532,0.36677068789211636
1535,0.7977352207876637
1536,0.6970549328714165
1537,0.7615234404224508
1538,0.4205211382232139
1539,0.7982914115899231
1543,0.26454156922823174
1547,0.7683366723550915
1549,0.36336323611846755
1550,0.5646455187050128
1551,0.5499574947836365
1552,0.36483099294956534
1553,0.4874451907395679
1554,0.8776457486569819
1559,0.28926714697744166
1564,0.6146730327750616
1567,0.8698386754399039
1569,0.8051394926379443
1575,0.33096663797217885
1576,0.8063964846835306
1579,0.8381351727015346
1580,0.8389340134931426
1581,0.755213051637057
1582,0.5030100819419249
1583,0.7211169935112901
1584,0.4187465864092806
1585,0.7138880836418905
1586,0.08065644938928655
1587,0.6796045263097261
1588,0.37830907143741416
1589,0.7854482202010813
1592,0.4015565051455373
1593,0.7736183977422724
1594,0.3245398421491892
1596,0.5657289258238907
1599,0.5909301725386038
1603,0.5089707326704453
1606,0.4426291462320741
1607,0.15336111151303922
1609,0.7239135168719196
1611,0.6435452083078115
1614,0.3251411833138583
1615,0.2758232926192243
1616,0.23428813315009314
1617,0.6136584870094687
1619,0.8888347846771731
1620,0.6388689517206778
1622,0.5884053240483075
1623,0.34005063944596875
1624,0.4158915298885139
1627,0.5237764685292368
1629,0.6163158579161038
1631,0.37016333497920223
1632,0.6580754378203478
1637,0.7885103072315223
1638,0.2296786338503436
1639,0.061121412979951086
1640,0.6275545123902483
1641,0.1696637944687011
1642,0.6559022183139602
1648,0.6537144837971753
1651,0.41796432307100045
1653,0.16036955571194758
1654,0.36776224213046377
1655,0.1691414341452056
1656,0.1910883516004031
1662,0.5539439187294858
1667,0.9178235146022955
1670,0.09775967500110776
1674,0.6483050723489108
1675,0.8410336306311652
1680,0.3994822067516957
1682,0.5969223525783554
1684,0.6731791430394669
1687,0.7257195788420332
1688,0.24898605259760787
1695,0.7437939515577459
1696,0.5983933254235493
1701,0.2335907487382812
1702,0.6307139818974242
1704,0.6035716713428654
1708,0.6812391332613422
1712,0.6025370328096692
1715,0.284488026064232
1716,0.6044749084779889
1719,0.5791893108534157
1720,0.6766037486195854
1722,0.8814292477921536
1723,0.08232123602444397
1724,0.4265949614950341
1727,0.20475174353284303
1729,0.491777000656337
1733,0.6182746002338563
1734,0.7846063317211422
1735,0.458536869088686
1736,0.17897263444313416
1737,0.8448075637542908
1741,0.3168629086767586
1743,0.12080121196983115
1744,0.9198594206278762
1746,0.24779443448521327
1747,0.06135681255665968
1748,0.4556799080548918
1749,0.3019844950119096
1750,0.36242402051825584
1753,0.6374533944526976
1755,0.8610452731444652
1757,0.27903218067362373
1759,0.3677369349897749
1760,0.6987177009261778
1761,0.9231188577925723
1763,0.2887885347603774
1764,0.5932652453107244
1766,0.5153952347039833
1767,0.9171524838477909
1768,0.6381107867285996
1769,0.4307826512292692
1770,0.23330810578901923
1772,0.08116613375381858
1773,0.5431149145249058
1774,0.2567362575484993
1775,0.26083988398655744
1777,0.3447880224497281
1780,0.1772998863170978
1783,0.6313270563956747
1784,0.5384160485357844
1786,0.29080322638412476
1787,0.2986742588558108
1788,0.6375605560606397
1789,0.3571739329054434
1790,0.09674762306660001
1792,0.12442054286133122
1793,0.6821391027852797
1794,0.304576460911548
1800,0.4327309012446838
1803,0.3447313002722876
1808,0.32804502946665276
1813,0.511909424050347
1826,0.7418391850965744
1827,0.7565210478879871
1830,0.22771844462397542
1831,0.41727228274649253
1832,0.22308320976719126
1834,0.7067778958287282
1835,0.2405903838629924
1836,0.7469336561870059
1837,0.8030067034447579
1840,0.31312439353659427
1841,0.21415902404621606
1842,0.8235813875062337
1849,0.4018866776152637
1851,0.2641065402992082
1856,0.23976456923346506
1858,0.7419376692398776
1859,0.45046133777389213
1861,0.6247342698359181
1864,0.7000868392786717
1865,0.7220458915154581
1867,0.3091517961434468
1868,0.7810774734280146
1871,0.4122115679015476
1874,0.3032563001329956
1875,0.7994160199499233
1877,0.7367029916923514
1878,0.7817725900742462
1879,0.659443350070718
1880,0.8066590346513182
1884,0.09173899424564373
1885,0.2847941123626807
1886,0.7521224908951366
1890,0.1950687473300648
1894,0.24058717632228105
1896,0.22507725166856424
1897,0.49486364355747825
1899,0.17679617170590536
1900,0.23278045450968107
1902,0.5735642246862342
1903,0.42775999516758717
1904,0.6248642803155225
1906,0.6498064846343695
1907,0.07353950958245796
1909,0.21233394426253296
1918,0.7070628465632801
1923,0.8873624996070573
1924,0.6499436631851252
1926,0.9287483496391455
1927,0.39287771505872077
1928,0.7507676510344271
1932,0.27560156608316455
1934,0.26701426955752033
1935,0.04537484901281623
1937,0.6605508538414622
1942,0.3810729915127078
1945,0.5668705843982328
1946,0.3808805656255648
1947,0.2229935550102638
1948,0.5431909935909319
1949,0.16389690539863722
1950,0.5217950151927424
1951,0.37023884856606326
1953,0.7299621797447384
1956,0.6243243975448778
1957,0.5985534990396902
1958,0.4750531332453017
1959,0.6889079153458338
1963,0.8101088721757075
1964,0.12123834071379734
1966,0.04457058251294728
1968,0.53834583417509
1969,0.5178640205976284
1970,0.45575243780948616
1972,0.18718323850798468
1974,0.515377931887562
1975,0.8962539393224455
1976,0.25981356836746206
1977,0.47418815408320764
1979,0.6728544682650017
1980,0.34859967163788597
1981,0.878275910971397
1983,0.4154871183381396
1985,0.9240036906004213
1986,0.814449130246143
1991,0.1932634324397113
1992,0.6615789263314261
1993,0.548123778447701
1994,0.41247065279891415
1995,0.26376987987064493
1996,0.23356285996393833
1997,0.842523143552351
1998,0.3725989946460124
1999,0.050668652611245604
2000,0.6348050581245067
2003,0.18063707355477548
2005,0.42657235982760494
2008,0.6330642614783273
2010,0.945552726918788
2013,0.6066937337458688
2015,0.7763222221166118
2017,0.5931217543317333
2021,0.26028367655296175
2022,0.7440998994977376
2023,0.9007703421504372
2024,0.5697897564378059
2025,0.82811454577476
2027,0.6666837874497854
2030,0.1612683345461479
2031,0.5440797340816935
2034,0.34760436558998026
2035,0.3446992240980349
2037,0.876589112136981
2040,0.5910152377048642
2041,0.8582532235301037
2042,0.7728859350328877
2046,0.49290296192895267
2049,0.6558146536033972
2054,0.7233483489467447
2055,0.8967565839849174
2057,0.39056158458665463
2058,0.7537542938067573
2059,0.27243709482816203
2060,0.974663878962145
2061,0.5171585587020465
2067,0.7201454701575852
2068,0.6159448198752144
2070,0.6948113117715436
2071,0.9843198625923194
2072,0.7785921061132687
2073,0.4531666901552205
2078,0.7792676288701238
2079,0.6733070022955615
2080,0.5125200354427294
2081,0.5150432584226889
2083,0.7686379459973971
2085,0.47131097725506593
2086,0.4512473478215491
2088,0.6669104517081148
2091,0.7606644937645386
2094,0.5428456487370092
2095,0.6181242270475937
2096,0.8979365178625485
2097,0.6268145709497054
2098,0.45778607989313547
2100,0.1877924814907907
2102,0.8789810483903646
2106,0.4755444588648578
2112,0.6354812012844864
2115,0.9219826092623016
2116,0.03188565712172561
2117,0.740079261763531
2122,0.9538642794315405
2123,0.28866162656409705
2124,0.8644828011589364
2126,0.34703097862530774
2128,0.6785223839459595
2129,0.7716200523857336
2132,0.5122161111250646
2133,0.6019207363517834
2135,0.07951840955966301
2137,0.5467828651388275
2140,0.5901624526561429
2143,0.9792061506810055
2153,0.8856506413515846
2156,0.7700986584273475
2159,0.28804983724790173
2161,0.8655373757894881
2163,0.39154507383759724
2169,0.5873428648783672
2170,0.1550822391486005
2171,0.34330616323214286
2173,0.4887894916824509
2174,0.3258469046615616
2177,0.6442165650420789
2182,0.7841774974885315
2183,0.40400134344070204
2184,0.3789110157073131
2185,0.7859242714055208
2186,0.7221339768217043
2188,0.1422757993505791
2189,0.5666296943005709
2193,0.1698757472619728
2194,0.6712863445325692
2195,0.8254378381653926
2196,0.4703173609579781
2199,0.5229347297097946
2202,0.17108691033819254
2203,0.37503916984494945
2204,0.38225839701579883
2205,0.7699834034681773
2210,0.34786690662055114
2212,0.6349222133592805
2214,0.13616751667083063
2215,0.4273851879290148
2219,0.5877398029195781
2220,0.5141133178401809
2223,0.4742582683997459
2224,0.555806564359079
2228,0.26301116990936674
2230,0.3150435197511407
2232,0.26630272060590865
2233,0.3741362656524212
2234,0.1460569927084318
2236,0.9560364556313417
2238,0.6164879150370282
2241,0.6245433268852016
2242,0.22520470355836256
2243,0.19466100958256213
2246,0.8835409383366821
2250,0.2725020674701946
2252,0.37843811614025735
2253,0.41520552958797646
2261,0.20571705920636882
2263,0.7313295462444768
2267,0.5519105054506155
2269,0.061591978547001915
2270,0.3254615718433006
2273,0.7817700531832016
2274,0.8297599297944548
2275,0.4308903526514707
2277,0.6086291447255372
2279,0.5541398629669668
2280,0.3211308258643284
2281,0.5809663582051806
2283,0.5989504801904815
2284,0.2146272219846388
2285,0.835206791071129
2287,0.5590969613850277
2289,0.13032907663395535
2290,0.8759191337330411
2292,0.8430480639309447
2296,0.7030202534755573
2297,0.649347383861445
2298,0.4444761838979251
2299,0.4794357895596855
2302,0.4108587878158335
2303,0.8218242436047769
2306,0.717068073289746
2308,0.4348410845438809
2311,0.6531808499270864
2314,0.9279180981701902
2317,0.5170641693522988
2319,0.5530030724168976
2324,0.7670513530485641
2326,0.92037090949521
2328,0.6656098594066236
2329,0.40417229044335645
2332,0.38037548452073083
2335,0.7829409979405706
2339,0.8923731510795575
2340,0.5449924264978069
2342,0.17725159624779357
2344,0.3696526453320849
2345,0.4841892573256567
2346,0.8036154816778174
2348,0.9322425492308448
2350,0.629786898914949
2351,0.2662338157506955
2352,0.24418224558199933
2354,0.2320008995596703
2355,0.6940758991992799
2358,0.28906417794177475
2359,0.36816449993228334
2360,0.5609283017961292
2362,0.25712127718123984
2363,0.5328653746275804
2364,0.1900972534329737
2365,0.4757979835647587
2370,0.6847661895116339
2378,0.5633437900697242
2379,0.6714742706642262
2384,0.618650416523275
2385,0.7291031707315224
2386,0.8720677216904682
2388,0.7085120654079512
2389,0.6861357606508643
2390,0.7651650594416373
2393,0.4110321807042653
2396,0.5653335973533431
2398,0.7754265341330675
2400,0.6655128678956452
2402,0.8263485457332796
2403,0.7079026894460426
2406,0.555601222060803
2407,0.5963284625537162
2408,0.4718493192782062
2411,0.7578753930063551
2413,0.7614464974008395
2414,0.7475484534035787
2417,0.9921265575838147
2418,0.3279465950628236
2420,0.4285219788534214
2422,0.4223648051657681
2423,0.09271177212584072
2424,0.7134341343162689
2425,0.09047832305096215
2426,0.8014134588935825
2427,0.6488486944750461
2429,0.8969250548100396
2430,0.39620689097238887
2431,0.6761122272756871
2432,0.4390579325387456
2433,0.5167129843950184
2434,0.1802182299557512
2436,0.4781474711119799
2437,0.7287485251663584
2440,0.6724398321328424
2441,0.18875972807584257
2443,0.5949995655248596
2446,0.22418051385572732
2447,0.48342249791157504
2449,0.5520706226327042
2453,0.6445904076466923
2455,0.8990938055547057
2459,0.8532134151791079
2460,0.7168125498190425
2462,0.8384476448246475
2464,0.6284257786294335
2466,0.40250134201266674
2470,0.8180619466079379
2472,0.36062436860813507
2474,0.6321938491178242
2475,0.751640025578827
2476,0.5075561097044642
2477,0.5683203254402
2480,0.6453654659475437
2482,0.09615257793278134
2486,0.3239756034731255
2487,0.7397261125547954
2494,0.3154971977875537
2495,0.3380688972415506
2497,0.6266427365565619
2498,0.3820824665383667
2500,0.26098416804669283
2501,0.30961927469947464
2503,0.24586965122835297
2504,0.7057885737536235
2505,0.6585129106820258
2506,0.420910984930728
2507,0.3685235175098354
2508,0.8556307928906963
2509,0.48624979421212217
2510,0.4218682002292267
2511,0.09407423531205066
2520,0.4060309326159701
2521,0.32203020381736147
2522,0.9328300972848592
2523,0.5738172649114627
2525,0.24766121391495682
2526,0.3249066417686859
2527,0.563209817155912
2530,0.2559083781835729
2533,0.8622293966011524
2534,0.15004390898042022
2535,0.7643828396638118
2536,0.9235529094960439
2537,0.5788200297702959
2540,0.06855877671237494
2542,0.3402947819755468
2543,0.25798580656042275
2548,0.7479433994537962
2551,0.8241363931005907
2552,0.5129722029465982
2554,0.7653417846541108
2555,0.3477385285478068
2557,0.5957181149729204
2559,0.7467621439188498
2561,0.5338518232589244
2562,0.08169840337754773
2563,0.07024046366722847
2565,0.25147947445350327
2569,0.6560515367697585
2570,0.44978557393520674
2571,0.045658367093663894
2577,0.7938890548658291
2579,0.7215655069903427
2581,0.9037755184924243
2583,0.94341812188317
2588,0.5116464154575598
2594,0.7081847486114297
2597,0.4224405027651692
2598,0.15384375175120688
2600,0.07621017643162499
2601,0.15522989070885176
2602,0.42800280870887386
2603,0.5831024038688192
2607,0.5567003929420263
2609,0.4488341268591814
2613,0.4904436228542442
2615,0.4991447784980589
2616,0.8195785625647669
2620,0.5384217326583097
2623,0.9601055532003756
2624,0.8015097366660642
2627,0.6128766306783101
2634,0.38492008457778076
2635,0.45753450491124686
2636,0.6014009282333188
2638,0.7188961450520588
2639,0.27710856170966436
2642,0.6198454498870501
2644,0.7956361563365292
2647,0.47458916531830975
2648,0.6208242144685185
2649,0.325684165778377
2650,0.8498770901480198
2659,0.5283993653721479
2660,0.784803933441222
2662,0.5873244971109625
2663,0.05145099193610734
2665,0.5369255734302882
2668,0.4739365602287225
2669,0.6695611402805235
2673,0.7402021762018104
2675,0.059424212681351285
2677,0.7128980992421968
2682,0.45016489558658024
2684,0.30299921226294885
2685,0.7163525974294476
2686,0.3023360870008553
2687,0.45313470122961214
2688,0.41686619503113004
2690,0.2771136669132215
2691,0.8530302325953502
2692,0.2253367300889744
2693,0.6181460714988029
2696,0.4760498646856417
2698,0.28766149668383706
2699,0.42573946733589746
2701,0.6132439788802463
2703,0.5539525246243482
2704,0.38225972672392305
2706,0.8757260209389954
2707,0.5276963151303236
2709,0.43661289378173396
2710,0.2753527581539727
2711,0.8743511448353798
2712,0.5337189065262068
2713,0.566377791254265
2715,0.8727544775758606
2718,0.6736038289221005
2720,0.2531271919645383
2722,0.06698523709385726
2723,0.13093533076784195
2729,0.21371813173369475
2732,0.9109199833651493
2733,0.7639798270857167
2737,0.43842968763867235
2738,0.4193406544387326
2739,0.4489411145653634
2744,0.7141727413863362
2748,0.5101108852541124
2751,0.5405312912225316
2753,0.6105097367476584
2757,0.6084074691632366
2760,0.5126824068313945
2762,0.8801176463996121
2763,0.7559341887194874
2765,0.7581636863579068
2770,0.3299225419961339
2771,0.38679066179696164
2772,0.7175761248143844
2776,0.5826145644666698
2781,0.9675226890008747
2782,0.5552626718221386
2783,0.44680088940974527
2784,0.34254090575427093
2788,0.9005340731715152
2790,0.5243080839437027
2792,0.6014527686892003
2794,0.9694894556170602
2795,0.6372596197766446
2796,0.4728166893119309
2800,0.5640653305346469
2801,0.6141043123066489
2802,0.3224819728542863
2803,0.053398678579486235
2804,0.2254858307412598
2805,0.58087713853785
2807,0.8253655041119429
2808,0.2536387876724532
2812,0.7735147406896431
2813,0.7111660488795309
2814,0.5510803011089422
2815,0.5692311678655758
2816,0.4675468463988646
2819,0.8774874514474605
2822,0.527924124121896
2826,0.4655739412173115
2831,0.11414850985448323
2832,0.7070632631960151
2833,0.4126416717232537
2834,0.5451495895156111
2835,0.3930935867967158
2840,0.691646421251063
2841,0.4867402487429813
2842,0.7485745159334378
2843,0.35050253879219456
2846,0.5520071156232398
2847,0.3428021977228919
2848,0.459353868571263
2850,0.24957278886326734
2851,0.6436772531957545
2854,0.675214136275811
2856,0.7890035883810927
2858,0.43159020574082324
2859,0.35920043742810587
2860,0.5262434779630577
2863,0.561583119171175
2866,0.9422708788567167
2871,0.7279457601844599
2872,0.558151725786499
2874,0.8782208494921678
2875,0.1262533427213786
2876,0.2127214804046161
2881,0.3176530349448354
2886,0.6269814960683725
2888,0.3727966031275861
2889,0.30649300373883676
2893,0.9226901712963609
2894,0.3257449784606327
2896,0.6715013037664354
2897,0.44715940349810174
2898,0.7573349176900064
2899,0.6987449322505788
2904,0.45171002711306424
2906,0.24128651173930318
2907,0.16076580921414757
2908,0.8333960550899612
2913,0.7662814066527156
2914,0.9500188268042934
2915,0.5185556943897551
2916,0.3911960135229598
2917,0.22797419783220765
2918,0.7082137623174191
2919,0.4717350925465385
2920,0.9164249552598993
2921,0.7631559456933652
2922,0.934696383326835
2924,0.08517897431835815
2925,0.5157273292491507
2926,0.41247660569890854
2927,0.10927460099057659
2929,0.35905035785195294
2931,0.4939604649003955
2932,0.8722741520944831
2933,0.051220565628741686
2936,0.46430257036221545
2937,0.21323199578854907
2944,0.312802408981454
2945,0.7571746884694359
2946,0.3064220515266804
2947,0.9007122684454723
2948,0.22542601623916114
2950,0.6123926132208941
2952,0.7896937535835848
2953,0.35673502321978334
2957,0.584881688607413
2962,0.3470538342520027
2967,0.34063511063227186
2968,0.3761034852023067
2970,0.19378813118948848
2971,0.15321420815829379
2974,0.3563272307585844
2975,0.10338884681177009
2976,0.09799451895337638
2977,0.1258881664247004
2978,0.3414749176440434
2980,0.5744278778769439
2981,0.38746097971762233
2983,0.3774224650904286
2986,0.5558139353969183
2989,0.204287732024492
2990,0.5502443135578268
2994,0.15224570932580156
2997,0.9317313773955296
2998,0.85524026142822
2999,0.8201182110687208
3000,0.20589382445534485
3001,0.33545319353439806
3002,0.3247368206327349
3003,0.3567435303593306
3005,0.121022289298224
3007,0.44556492587351304
3008,0.6538860853829452
3009,0.4462188491046443
3010,0.5938366998335054
3011,0.38156086299142605
3012,0.7304531694969142
3013,0.7258141851476816
3015,0.7616700070484306
3017,0.8089302449466146
3019,0.18936980103008114
3020,0.5304322528206726
3021,0.3665401304269894
3024,0.1590793056891025
3026,0.39435791951913235
3027,0.49523283170936744
3035,0.27418977252618154
3036,0.8051782309626585
3037,0.36773688426238277
3040,0.7723473942895026
3042,0.2626647660953726
3043,0.7611729713303526
3044,0.46027492487551375
3045,0.6991030148927966
3046,0.07480642615889334
3049,0.6631864080693888
3050,0.41702771172142133
3055,0.9603842687435851
3057,0.3662368383794337
3060,0.7559248500090319
3061,0.4637465053111564
3063,0.24094053800594314
3068,0.5924422118424879
3070,0.6216639014093716
3075,0.6489017473972302
3076,0.6778318492011056
3077,0.34591847090143907
3078,0.7128551277690596
3079,0.45512292617975575
3080,0.2862557989659433
3081,0.5580095731833633
3085,0.6892230586108382
3086,0.8020289717954435
3087,0.37984706068920104
3089,0.38021415165613043
3090,0.7063242516932061
3092,0.5364162726770201
3096,0.2688663299563325
3097,0.5750103236855487
3099,0.43948418504194237
3100,0.24846451970387337
3102,0.521209715686084
3103,0.4174479963532688
3105,0.2738750519550962
3106,0.5522756737937424
3107,0.9097365262363077
3108,0.18406518790324963
3109,0.6432589215296823
3110,0.6327075959879742
3114,0.35511150780915446
3116,0.7959441583336359
3121,0.0829428021737723
3122,0.5360005934361048
3125,0.3292575487975443
3126,0.911683828219237
3127,0.6637136577873718
3128,0.6636101622743238
3132,0.8064364953848778
3133,0.3447150225236349
3134,0.841498624755011
3135,0.857259963177626
3138,0.39852628651860045
3139,0.7851989466946481
3142,0.6770097639080399
3143,0.7561918846758615
3146,0.852610728972866
3148,0.27032948058093725
3152,0.7365916277169673
3153,0.3068912511595382
3155,0.661154167190337
3157,0.544188104454725
3162,0.8862201804118456
3165,0.7159237233776511
3166,0.628325138974956
3167,0.3081167133317384
3168,0.15628124009769814
3172,0.5889922135667082
3174,0.8720630919953966
3175,0.38518752334486306
3179,0.41786512910297247
3180,0.15140823298688103
3182,0.21196606044282068
3186,0.13683448792051828
3191,0.8550290724877629
3192,0.37067516814105317
3193,0.706552508922462
3195,0.8348507658200588
3197,0.737107586841009
3198,0.8857977652208792
3206,0.8732542038804457
3210,0.7623707553014525
3213,0.4994511866089944
3214,0.4239365019713868
3215,0.13218776379156552
3216,0.4277563435743569
3218,0.810329993364451
3219,0.2957497662090981
3220,0.5831143650493822
3221,0.37770808863502614
3223,0.43236428253914105
3224,0.6059280566820963
3225,0.12532842274400324
3226,0.7748922346169728
3227,0.6029879424901327
3228,0.2821650616385644
3229,0.506843332825196
3230,0.866238943143651
3233,0.8438329155107496
3234,0.6507060119968611
3237,0.5388915223425159
3240,0.67175792414644
3241,0.6366737144968375
3242,0.507908965451377
3248,0.850902454722784
3249,0.45737584613626675
3250,0.6405759896690961
3251,0.8291519869892977
3254,0.32276150449940383
3255,0.41699507181424206
3257,0.542501294719369
3259,0.8687294135982412
3260,0.2882064150404827
3262,0.4194557363962382
3266,0.7217019301200313
3272,0.32529878978744053
3273,0.759518015786256
3276,0.6369405017551742
3277,0.7890039017316798
3280,0.2518352006604486
3281,0.8612876762374346
3284,0.24648606331249262
3286,0.3185692193878685
3287,0.4031989922717943
3288,0.3750134455410684
3290,0.2690045687444451
3291,0.5000350928133127
3292,0.3137652174177065
3293,0.25499081067945867
3295,0.6995063448225863
3296,0.5808438081140413
3298,0.5846438333016597
3299,0.7524116639703647
3300,0.74270978932754
3301,0.40900276845513805
3306,0.33901817423867464
3313,0.5753484356665844
3317,0.8054000389013828
3320,0.2395721641243776
3322,0.5696282092711459
3324,0.7985707554099717
3328,0.12666129488777556
3330,0.6191299901013093
3334,0.047754973317009876
3335,0.5584666412008958
3337,0.4894654384886462
3338,0.5113100946097071
3339,0.9837560189145322
3341,0.6189376753569535
3342,0.1392165457398331
3344,0.8954730402029378
3348,0.2827269304627035
3349,0.5544832941059505
3350,0.28877108067220625
3351,0.6770100696991056
3352,0.7462155635701417
3353,0.30255847135569136
3356,0.4610173068659236
3358,0.4281598343367622
3359,0.6856611239480855
3361,0.4767586396742901
3366,0.31849901579522893
3367,0.1429085978877982
3369,0.7265155667032016
3371,0.35685091222844906
3373,0.184360660376996
3375,0.2860260513700781
3376,0.2680653404997508
3378,0.13099064391799242
3380,0.133425907731568
3383,0.3927590674765684
3384,0.6680142006896944
3386,0.5875268062654339
3387,0.9716862215597358
3400,0.6984588322264249
3402,0.03966768504554218
3404,0.4414394499461648
3405,0.4776319021956505
3407,0.7976125204686303
3408,0.7126276336219379
3409,0.42111593697913535
3411,0.577776714593147
3413,0.8912337780174867
3414,0.7380253476424679
3417,0.5984091086598837
3418,0.5545956551163445
3420,0.7383833588249411
3422,0.7482097113345552
3423,0.25974866797380425
3426,0.5254316246625299
3429,0.5674833231858679
3430,0.5710013124895014
3433,0.5161231567415838
3435,0.3219137860474922
3438,0.09983401790101462
3445,0.6820336957702162
3447,0.18167358692372818
3450,0.6647490727979201
3453,0.8645036696982482
3455,0.6048194041059957
3456,0.23532839553414983
3457,0.40986644807552486
3458,0.3132831502394292
3459,0.42018368508176884
3461,0.6959981378463326
3465,0.9694936821455783
3469,0.3418518071509722
3472,0.45754007435004046
3474,0.18469440622560634
3475,0.14362721235163167
3481,0.2509054134436578
3488,0.046778058478220856
3489,0.8470837728934864
3490,0.8727316743711137
3492,0.7577282697173894
3495,0.5447720792467656
3496,0.5777947560356087
3497,0.33816897030206877
3498,0.3906736413596675
3499,0.8721695860610892
3500,0.679528417848064
3501,0.3538992099490747
3503,0.41895150683488436
3504,0.30440418092246196
3507,0.651408649213533
3508,0.5252579895579194
3509,0.4056944470990322
3510,0.4206567120649777
3511,0.24130331866943922
3513,0.32174915576937196
3514,0.1268373204411568
3516,0.3795716657214421
3519,0.11118411845018498
3521,0.09984376381441015
3526,0.3767408769487415
3528,0.2732264855994673
3529,0.8520562374830642
3532,0.6860502488190321
3533,0.6423984570972963
3534,0.359816120512081
3539,0.17683891328223178
3540,0.7047237140258441
3544,0.5383736166041807
3546,0.5187419944405314
3547,0.7710937124790193
3548,0.8936898701962873
3549,0.1723713855583766
3552,0.7260361094343256
3555,0.8465860209537966
3556,0.6877959164430104
3559,0.1761135517708823
3560,0.7726132131554183
3561,0.32031973251061646
3563,0.39255454261365375
3565,0.8897873458534656
3568,0.30388896117674813
3569,0.12193989462084959
3570,0.3125557921713125
3572,0.17729483023935616
3573,0.7716810273860382
3574,0.4341576882099019
3575,0.3568263021306947
3576,0.6349521122800798
3581,0.5926296753803418
3582,0.660777548390197
3584,0.7992299193533511
3585,0.17610118725455523
3586,0.4241316195097328
3587,0.5308198416196431
3589,0.6487823368593405
3591,0.12692258195633618
3592,0.5534524676100633
3594,0.05563704486884278
3597,0.14968473600447174
3598,0.8289649608420278
3602,0.24589796081667253
3605,0.28971848813900763
3608,0.3049147263043753
3609,0.2489558233569111
3611,0.28733143875054257
3612,0.5120932654214349
3613,0.2967101706291501
3615,0.8493083762145818
3616,0.33057669904133846
3618,0.4895992183395067
3619,0.644197613893447
3620,0.9496742711151007
3623,0.44214848591498324
3624,0.6823293360111875
3626,0.5518171138164525
3627,0.5210415792624395
3628,0.5254243663533483
3629,0.41864439698434724
3630,0.42469552528264376
3632,0.4355365358431923
3634,0.3154758784618629
3638,0.2149787592066849
3639,0.7383583436775888
3641,0.24940748966167975
3642,0.9433444162110005
3643,0.3415469241781429
3645,0.5588998795414231
3646,0.6210808804158898
3647,0.3948471055670841
3648,0.7254112495568872
3649,0.8208126415633565
3650,0.7922923044982246
3651,0.5550470584212509
3652,0.626041197769475
3653,0.947949500695392
3654,0.3334293513823098
3659,0.40210098453682436
3660,0.24234214569710924
3663,0.9759557323482334
3666,0.7087296835308667
3667,0.6360111683283557
3669,0.6896180559321355
3670,0.6448402637947295
3671,0.36928519126419873
3673,0.3868880498682559
3675,0.47657121529261365
3676,0.564070740802141
3678,0.7258333577037188
3679,0.24499134544714665
3680,0.43964217747371753
3682,0.5388443953581471
3683,0.6972249681840609
3685,0.3739789257717854
3686,0.8995971859941212
3687,0.49208554106950353
3690,0.3758246422837563
3693,0.13515626962911922
3694,0.7273312114017841
3695,0.8425336742014151
3696,0.8273720435095157
3697,0.4585204477145496
3698,0.48248435822377467
3699,0.46719310351743243
3701,0.46515931066383776
3705,0.3933580657575892
3707,0.6052685985840592
3708,0.6943191052519632
3713,0.801925513490688
3714,0.3248497116541171
3715,0.6442204677717188
3718,0.25976414682574295
3719,0.437082086644177
3727,0.8406834035496846
3728,0.9115723304921988
3729,0.8499199591751039
3730,0.7269841777811235
3731,0.12163845113620494
3732,0.9510652212630097
3733,0.10426922940670041
3734,0.8441419594901927
3736,0.10617479045871688
3740,0.43666328028530726
3741,0.6964516092255292
3743,0.6487436087592111
3744,0.221415038293987
3746,0.24984387057983354
3749,0.47003607573217854
3751,0.20834589882435287
3753,0.6588699985536391
3754,0.6819705790340472
3758,0.8231592706254641
3761,0.8057267512929805
3762,0.838873378750688
3768,0.1299624648375924
3769,0.28082366977295314
3770,0.12885319315264152
3774,0.25025251833137885
3775,0.8223863209077218
3777,0.4537806581440153
3779,0.5737009488173053
3780,0.6950132003630984
3783,0.6708964667254695
3787,0.89911533922206
3788,0.26908020285946443
3789,0.8449298212460461
3790,0.6109301414457351
3791,0.532536821178705
3793,0.3104063704757567
3794,0.2624431148293916
3796,0.8813943574120551
3800,0.2551672054015367
3804,0.3123993043162276
3806,0.377429228924215
3807,0.2947191181179779
3810,0.6685090955604603
3811,0.10636836330336638
3814,0.6894982482637187
3815,0.5381825131119503
3817,0.8138483819719528
3818,0.7659161334752128
3820,0.23160871035897165
3821,0.7372537472721287
3826,0.1769149861500148
3828,0.8666919140021724
3829,0.5768196818204104
3830,0.3622156434846939
3833,0.48629072499066084
3836,0.28126599064137264
3838,0.403670402277953
3840,0.38875731126340973
3843,0.11092047433133113
3847,0.5838625885255602
3852,0.5853962688058876
3856,0.8103256260199198
3858,0.054756377229143616
3859,0.3395329802216543
3861,0.5828279925567669
3862,0.5122910286822121
3863,0.7455192693225572
3865,0.8501047450733857
3866,0.8017781066486804
3869,0.5924629340133685
3870,0.5542650566685862
3872,0.8140386405179546
3877,0.5340876143481483
3880,0.4745154397918844
3881,0.25808099649755617
3883,0.8740402359469864
3885,0.6081535179233257
3886,0.7787762583583182
3887,0.5161512437937563
3888,0.5724750315388116
3890,0.8299449442264931
3891,0.4694159690961522
3892,0.21079347915927232
3893,0.45703143763015935
3894,0.1366512095838205
3895,0.2024577285976962
3896,0.2655703688762887
3899,0.32006744110274993
3901,0.2683128512716832
3903,0.9230114734469023
3904,0.08957116260337618
3907,0.5792417193903626
3908,0.3073364334250809
3909,0.051706817021280924
3910,0.7816563857416342
3911,0.3498429758253802
3914,0.9061853877208607
3915,0.1808918903272343
3916,0.07034271293376099
3917,0.4377252174583773
3918,0.4312763998604131
3920,0.42949373235906263
3925,0.13868489677160142
3926,0.2188007724367467
3927,0.9333287909994741
3930,0.40653349122720883
3935,0.75676874524524
3936,0.343970637650043
3937,0.9718766796863456
3938,0.44364332421956804
3939,0.5293440684040913
3942,0.44804032370570684
3943,0.5200358413721256
3944,0.8244933730517929
3945,0.2165119216820055
3947,0.4203523414296972
3951,0.849919323980333
3955,0.8547199070313294
3957,0.30637556882282707
3958,0.5215338866779345
3959,0.8299649796091397
3962,0.41730899728481324
3965,0.33166182313217624
3966,0.6975403292381616
3968,0.32181362904009014
3974,0.36070612889685527
3976,0.9083302220044527
3977,0.32885735548106027
3979,0.8504912857417483
3980,0.652208676563601
3981,0.5196666376268807
3982,0.19739724898890412
3983,0.6654472574869402
3986,0.16043453542277386
3987,0.7118571185843091
3988,0.4801927366100688
3992,0.7915342080803456
3994,0.4471946097189995
3997,0.817708185302473
4000,0.24559351700517743
4002,0.4147617411509199
4003,0.6685100602035028
4004,0.14778166025029868
4005,0.3831771143554025
4007,0.724212166404064
4010,0.14172822411635025
4011,0.3884480687326735
4013,0.3951296120801853
4014,0.2391250392187373
4016,0.3095902531124634
4017,0.16197536990766986
4019,0.4972875646096524
4021,0.5038662169002466
4022,0.5176819212383477
4023,0.1253798347791107
4024,0.8643831760825577
4026,0.9786541276554195
4029,0.7928810530922066
4030,0.6795301470213415
4031,0.5982755352077492
4032,0.2133768241547869
4033,0.24395336513804639
4035,0.18491752086086458
4036,0.9222585603682203
4037,0.3068485572443635
4038,0.37501534712141116
4039,0.7476889992846455
4041,0.5782080284404981
4042,0.3035419738372179
4043,0.5935243824401136
4044,0.15121357397296958
4045,0.4903935120756668
4047,0.1931926984463922
4048,0.7308727798515758
4049,0.7197406671247569
4050,0.38567238221062383
4051,0.8876098166943646
4055,0.24381889029524495
4060,0.3364826713703892
4062,0.47211397196015514
4067,0.3909093949226663
4068,0.9198707862369704
4071,0.5227145522821264
4073,0.5457285596045236
4074,0.6952598732234411
4078,0.684188223557076
4079,0.4002457616851117
4080,0.617788879225679
4081,0.9373958050685525
4082,0.3452668066323845
4083,0.5823171002299318
4084,0.290513777356428
4087,0.22714637125905937
4089,0.24396766620784158
4090,0.4954825251381087
4094,0.5672762852125768
4095,0.19565366399731615
4096,0.6602230050798175
4097,0.27881314686705516
4098,0.5463964596464904
4100,0.29735308534417926
4102,0.9003280796419513
4104,0.12346571791393272
4106,0.14083937299157903
4108,0.7886623479785151
4110,0.4638102318133745
4112,0.16191523588360085
4116,0.12579311522143155
4119,0.7699860477851003
4122,0.21460015152660936
4125,0.2557518857079773
4126,0.31298370809523446
4131,0.3906522717938724
4132,0.7959770572257936
4133,0.24921037555570566
4137,0.6082383424204025
4138,0.7042615181119539
4139,0.5450469549132938
4140,0.23109138392092557
4143,0.3536599216132051
4144,0.7490189894943605
4145,0.9741495399875539
4148,0.8969138210922689
4150,0.8050122842627303
4152,0.8425194963309769
4154,0.45993874475305047
4156,0.7319589664565389
4157,0.8876976879039791
4158,0.1783859946218807
4159,0.2102420440277545
4160,0.4687468576915286
4165,0.6446656386080973
4169,0.5952033243727036
4170,0.29492145153711447
4171,0.7272454620493125
4175,0.37146380346822305
4177,0.2254651130553738
4179,0.6560563260929207
4182,0.8027077574115453
4183,0.4666125024987284
4184,0.16877396540165276
4185,0.3506788532134442
4186,0.6966672669168501
4187,0.13575684928396983
4188,0.3046238890290052
4189,0.4139099204440063
4192,0.6524928674129209
4197,0.5227303017896086
4198,0.9045878281787693
4206,0.9346444269178494
4207,0.550194881385456
4208,0.7348003209193363
4209,0.6612605918658045
4210,0.39708450967643166
4211,0.849069885171471
4213,0.250834240938142
4215,0.7093135658065088
4218,0.2090296792904028
4219,0.29332628169849306
4222,0.6990208307482693
4223,0.8988503174424717
4227,0.2634170340094722
4228,0.7169366669729257
4230,0.1551349848216105
4232,0.5362647005782987
4234,0.5945907725532269
4236,0.7193161016701418
4237,0.3253515622421042
4241,0.5449089040611783
4244,0.6866492882599506
4245,0.75887768622931
4246,0.8370328620765874
4251,0.9133579229539596
4254,0.139475266545754
4255,0.8594995890264101
4256,0.537830554432677
4259,0.6429680089592139
4265,0.639144270640057
4266,0.20121341167297385
4267,0.5658820114190087
4271,0.4079081961771695
4272,0.8389281850289967
4281,0.3284218813388157
4282,0.9140667906193142
4283,0.338229010057062
4284,0.4568974255172842
4285,0.913706901638699
4290,0.21253689115717675
4291,0.788318137233208
4292,0.34607985642007494
4293,0.6769438583381937
4294,0.6514293341969486
4296,0.43543655126919434
4297,0.4131201314794756
4298,0.33003890871199276
4299,0.11510830290815813
4301,0.47478376857600324
4302,0.3457080226725251
4303,0.3665759422920944
4306,0.2163419606599851
4308,0.21833674578729514
4309,0.9127387391535535
4310,0.46719316406654404
4314,0.2543519366361522
4315,0.7846320010985106
4316,0.3515335670258031
4317,0.9615233262005976
4319,0.3210551248360487
4321,0.14889517334377733
4324,0.6955626749311656
4326,0.6292591280348673
4328,0.33644487381388444
4329,0.6937943087641376
4332,0.592841300558129
4335,0.8452695021544641
4336,0.5025166220442249
4342,0.6193365651968715
4344,0.6411305602007866
4345,0.5000673050261039
4347,0.12011085536594046
4349,0.6236811234501476
4350,0.4906981009878842
4351,0.5530654399982462
4352,0.5734832627981221
4355,0.8226248146990709
4359,0.5804622086391825
4363,0.60161581146031
4364,0.3813661647771812
4371,0.8981982845893587
4375,0.6396764236675156
4376,0.6353318345908269
4382,0.16168872670657217
4383,0.64535069317288
4388,0.8550704595392272
4391,0.9042524752209048
4392,0.22352322794964186
4393,0.07828802425252548
4395,0.15471602646679192
4398,0.4323682990244341
4399,0.8266290015866622
4400,0.2685373680027763
4401,0.14364947222262314
4402,0.2853624362098932
4405,0.5432437594128986
4407,0.4968245035638656
4408,0.659229183975842
4409,0.877444400001943
4410,0.2365285164533858
4411,0.8520279468966114
4412,0.47052386154098114
4414,0.08718157732955377
4417,0.5746275859797437
4418,0.6046334816232882
4419,0.7649627255159991
4420,0.7311768437980358
4423,0.46897246988589913
4424,0.5906696733651875
4425,0.6912093821452896
4426,0.23042897846215576
4427,0.15434106763517055
4430,0.7762418439366988
4431,0.6193480461990332
4433,0.7600349726979343
4434,0.5447687862587072
4436,0.5969187919665695
4437,0.8659906755086627
4439,0.5220377604683644
4440,0.8059386269790294
4443,0.6376605254009097
4444,0.6290387936969488
4445,0.5269337551871383
4447,0.3346071622609275
4448,0.45252368222333617
4449,0.7137520719653206
4450,0.24972412589888762
4451,0.5313682686815281
4454,0.33361657247721427
4455,0.4935977343117823
4456,0.4126703336224615
4458,0.7163812178101622
4459,0.7795506375269664
4460,0.8738959787070069
4462,0.8167031347367911
4464,0.7834231234226394
4465,0.28268734369123993
4467,0.44369809501346197
4469,0.5949120991089648
4470,0.23170344612947452
4471,0.4484713389594475
4473,0.43547986453247806
4475,0.5875132151594084
4477,0.18395926317041233
4478,0.24808021811436134
4479,0.8863896639926715
4481,0.7176890792803272
4482,0.15096050266552388
4487,0.5037630932319029
4489,0.5693082898797613
4491,0.7495873953277822
4492,0.336709199458771
4495,0.24772572939221327
4498,0.7621684464746826
4500,0.5527609904241727
4501,0.6686609167186274
4502,0.5875673291816103
4505,0.2818229960643095
4506,0.6189366306029462
4507,0.03108872046351234
4509,0.2720413152180442
4512,0.8782586672288414
4513,0.6766338947614596
4517,0.14998034795523835
4518,0.9532156797937326
4519,0.2558147027948368
4521,0.6325146998315142
4522,0.7065697377031263
4525,0.33448375979717254
4526,0.33167527777243033
4527,0.4722732734115977
4528,0.4472790676401874
4530,0.2532612190237821
4535,0.8321376923694607
4536,0.34950293049519876
4538,0.5103621679907744
4540,0.8930797213147292
4541,0.20809179298295372
4546,0.5657586695722128
4559,0.27757277689678644
4562,0.6612479342135593
4567,0.7016917147565639
4570,0.3639023203873212
4573,0.867312512142282
4574,0.6091820892270047
4575,0.3727005063119077
4576,0.3504229745665722
4577,0.4646208295508301
4581,0.6364839566440694
4582,0.5584053088069354
4584,0.3633071041337211
4585,0.10602905791798099
4589,0.7133471793870605
4590,0.6119968365243079
4592,0.6434161304406133
4596,0.9649146143574366
4597,0.8549146210327782
4598,0.2400216969073155
4600,0.6014264124067329
4601,0.2175452585655672
4602,0.16925441953640474
4603,0.6326903358551283
4606,0.29526691698568386
4609,0.17044744002253823
4610,0.29326265057179857
4611,0.3368453313787554
4612,0.036568087117287006
4614,0.8689369718593256
4616,0.6520644498358645
4617,0.05136993830680253
4618,0.32208142271583184
4619,0.3182869700059808
4621,0.4100418479713201
4625,0.8392640882756562
4626,0.2628800836090412
4627,0.5155143074808906
4630,0.208680879479954
4631,0.7412811928734911
4632,0.3144260541382575
4633,0.5231885674167382
4636,0.5183478341788017
4637,0.3368380917282922
4639,0.3451711667514566
4641,0.3628866848637045
4643,0.5709749297442829
4645,0.4167957278700758
4648,0.667525272587062
4650,0.6114543834075675
4651,0.3847265913097579
4652,0.906585889017042
4653,0.7236723300830699
4655,0.16534763463656316
4659,0.7608150745592619
4661,0.12192749181315267
4664,0.18596721441559239
4665,0.8361718342503666
4669,0.19093424108366575
4672,0.22902161236266208
4674,0.7605383864530244
4677,0.49773804488597495
4679,0.39423266937088736
4681,0.3441749121215881
4682,0.3064269956798152
4686,0.3279162122272266
4692,0.41175889698106366
4693,0.9083223069463761
4697,0.3895516476529851
4698,0.7128200859238971
4705,0.5462382409786375
4708,0.7762004259686207
4710,0.7379960651660333
4711,0.13404393568907752
4713,0.07635151540463847
4714,0.7648773580994771
4715,0.6984988478982304
4717,0.3909792361557891
4718,0.8833115041070477
4722,0.38711200098160164
4724,0.7698995724453335
4725,0.37633761510074887
4727,0.5141690078684357
4730,0.35313016943813164
4733,0.8126192334955292
4739,0.848645366669312
4741,0.3279203738234374
4743,0.44075914814188094
4747,0.21805439094803658
4748,0.7350375085992368
4753,0.4943901139987662
4754,0.582488885494432
4756,0.7229446502523105
4758,0.5709522246975755
4759,0.7046921944317112
4760,0.40095288469532414
4761,0.28467501416105323
4762,0.8277619560573592
4765,0.28951566673794454
4766,0.47625888801012217
4768,0.5675873968378958
4770,0.747506473920629
4774,0.5438324479862597
4778,0.609417558177574
4780,0.6113466159804207
4783,0.3229926670720273
4786,0.3913684707844494
4787,0.21603391046590406
4788,0.43633564104993033
4789,0.502667519833702
4791,0.45098417791643863
4793,0.6601267185606206
4794,0.5173708066589483
4796,0.22949580352349822
4799,0.7634583433335914
4802,0.15229806091543566
4803,0.23517230483187773
4805,0.9162203739812148
4806,0.18853815118141862
4808,0.20620968243411558
4809,0.5001839333528981
4811,0.9673082928638898
4812,0.562346485107158
4813,0.8278385517751838
4814,0.268591369044943
4815,0.777105910984357
4816,0.15814100242939452
4819,0.6791897294341078
4820,0.22228430073097932
4821,0.3777855648636127
4823,0.4249813692800841
4830,0.33018926294602546
4831,0.19080561339864527
4834,0.13502367412798041
4836,0.4690510783563367
4839,0.32727728982909204
4841,0.6634990156917707
4843,0.5324245740508748
4844,0.5713480151330176
4845,0.4453710964949185
4846,0.535684924185735
4847,0.35517187381352006
4848,0.31086972260072315
4849,0.5993415370493901
4850,0.08748895211950866
4855,0.18867578969329937
4856,0.8572423963107145
4859,0.3120062108271721
4863,0.7447495886401972
4864,0.31257997087298806
4866,0.32248208370932585
4869,0.776974396819871
4870,0.4692114278772514
4876,0.18754423816151589
4878,0.060494122774729236
4880,0.8990298907431765
4881,0.5389049666608007
4884,0.3859579512544887
4886,0.6434255675279662
4887,0.4005665050423316
4888,0.3302106172146824
4889,0.34309268141820587
4890,0.15726557293721186
4891,0.5580159828730578
4893,0.5177544147385688
4895,0.5997200991186374
4897,0.5794654832684025
4898,0.691305862799037
4900,0.3731384653442039
4904,0.7307340780197736
4905,0.647381596098131
4907,0.31251700440370983
4908,0.3581590687088766
4909,0.27572722990662507
4913,0.8086495591575855
4915,0.5754357592763041
4916,0.8399021531394905
4919,0.8126209447084863
4922,0.5518615778450703
4925,0.823918554902967
4926,0.3858939416844178
4927,0.17319887451840593
4928,0.4746856583804626
4934,0.07868429000289742
4935,0.39981778838106685
4942,0.1132378236337312
4943,0.6247508087220944
4944,0.4117175132695873
4947,0.7323779505448195
4948,0.07879181396090869
4951,0.9310845396306131
4952,0.5966273924767996
4954,0.8793340174283863
4955,0.3985627523564413
4959,0.6851823392962918
4961,0.9267075393116836
4962,0.6436205426656013
4965,0.8325868689604783
4967,0.39083743034609414
4969,0.34856426566735355
4970,0.18360224309851453
4971,0.8985844459995891
4972,0.558541893947309
4973,0.2639769014405042
4974,0.5064405348004384
4976,0.9629452104613833
4977,0.6805335566318825
4978,0.7430211763023347
4979,0.5913107273963117
4981,0.7260065355788176
4983,0.24337059074156675
4985,0.05208116390599279
4987,0.3835146551622503
4992,0.9411925552568399
4993,0.21954385687287262
4994,0.5607509319886389
4996,0.3548788410950101
4997,0.34106269754213936
5000,0.31036214720758293
5003,0.5119234842979861
5005,0.6521049051867942
5007,0.31218873569698263
5008,0.6502666331257647
5010,0.5543221475900929
5013,0.56523234431966
5015,0.7071234652496213
5016,0.2917485685294711
5019,0.8563997986642581
5020,0.651634907197625
5021,0.2772890605841333
5023,0.7183741302628108
5024,0.5982624197603931
5025,0.7501923237837639
5026,0.4012291578679569
5027,0.706523333743257
5029,0.47504640601018355
5031,0.46771992545413116
5033,0.08856551814485149
5034,0.7799010788840866
5035,0.8397026317947123
5036,0.21330855634712642
5037,0.8147285684232517
5040,0.5084289384876198
5041,0.5531503034203314
5042,0.7038364791872848
5048,0.7044365377522139
5050,0.6311680086170435
5052,0.21083580209988206
5053,0.6260130335328147
5058,0.7025085988517755
5062,0.5856549829090503
5063,0.7665960006263579
5064,0.6137990430317032
5065,0.8091181821239528
5068,0.27877965347852407
5069,0.6598223013532005
5070,0.8307470427417317
5071,0.3779613556228309
5074,0.8365949160009497
5075,0.5184744224815845
5076,0.6031001852952348
5078,0.19598484327893217
5079,0.7398355406981273
5080,0.2545820363422387
5082,0.39378274215549064
5087,0.7045461369986799
5089,0.5540268443157746
5091,0.7144251930392814
5092,0.29757407121866963
5095,0.2976895216110808
5096,0.467792664877678
5097,0.2755568240026221
5098,0.7243229061974111
5099,0.7034334374004845
5100,0.8340718979049297
5101,0.6663745216676987
5102,0.2599364329870926
5103,0.29444611871599774
5104,0.26671943973205264
5106,0.44213634552877745
5109,0.5125998043862082
5110,0.8480438133570547
5111,0.6395064832690933
5112,0.2788841663574758
5115,0.6377287097365607
5116,0.5932353933077674
5126,0.5747261022553964
5127,0.44413277072263097
5128,0.7848582937592832
5129,0.8726030042645649
5132,0.7203650517606669
5136,0.33241203835619704
5137,0.37859217820034713
5139,0.91952734305062
5141,0.2511753984089269
5142,0.4576344919063157
5143,0.23518556149618589
5146,0.3836728908084202
5147,0.3204820435793338
5149,0.3612599498658462
5150,0.4270970265046318
5152,0.34208028793984085
5155,0.8730555148780771
5162,0.742059894834665
5164,0.3150067861689913
5165,0.47516929477608905
5167,0.47293085861057005
5168,0.13512336489723228
5169,0.5403369043050048
5170,0.5257923184855948
5175,0.5810734296204618
5178,0.4426792933104838
5179,0.15706063528855901
5180,0.6420941871465055
5181,0.6895375782589384
5182,0.15607696999083973
5187,0.671415762004722
5191,0.2731129430114723
5194,0.34827070693694756
5195,0.3556821182173394
5198,0.8268077274832469
5201,0.6472163785994878
5202,0.5332621525458655
5203,0.3569718850193171
5205,0.7216778449027036
5206,0.6456461847720266
5208,0.49206451166321535
5211,0.5548906987484694
5212,0.44168498497995434
5214,0.9076010821545623
5215,0.6213437686922776
5216,0.5928253164040316
5218,0.45763414156823
5220,0.2840954545876684
5223,0.6263602727844091
5225,0.7608853720901264
5227,0.46834154211489154
5228,0.8884876451379264
5230,0.38713181625041665
5231,0.8789453472423563
5232,0.9070519637364275
5233,0.5351861399907684
5234,0.4224970520532448
5235,0.28746282202335405
5237,0.47037165900746314
5241,0.6972127861989289
5243,0.2887193828524786
5247,0.3346836276116982
5248,0.6579738361652603
5250,0.5354850346922674
5251,0.186442759945417
5252,0.7465081759839749
5254,0.4191746321264331
5255,0.23488724968773306
5256,0.3186052645166528
5257,0.48841887997461303
5260,0.6868239860845473
5261,0.4576397420288082
5265,0.4600448382894463
5268,0.64357462268649
5269,0.37517081871509245
5271,0.32823424596104234
5272,0.40784347261946835
5274,0.449319658585062
5275,0.49173195150995086
5282,0.583846098712613
5283,0.33820823679581563
5284,0.7645824363368146
5291,0.47563730023491113
5292,0.15937426182773096
5293,0.7281813512939808
5295,0.35474757492286113
5296,0.2453571018817447
5297,0.13636750497379574
5298,0.5750201980062255
5299,0.28641361817115935
5301,0.3946334409783084
5304,0.40911561757680315
5305,0.5166364327640907
5307,0.26904967423153886
5308,0.9284829325400247
5311,0.8999597741641067
5312,0.5134398069485119
5315,0.7009769362722345
5317,0.6927679066399135
5320,0.13261167946019387
5323,0.5590328777719394
5326,0.5839201144229197
5329,0.5819485775755127
5330,0.8436105041221873
5332,0.2787350695916815
5334,0.283567901714947
5338,0.3565111047032169
5339,0.1741003888634071
5340,0.4843701741645774
5341,0.8180428244012993
5342,0.9200299044286623
5343,0.5685697945659687
5349,0.7011898477141962
5352,0.2779259095421543
5355,0.8427276536357938
5356,0.8344225812051743
5359,0.7533758023796063
5361,0.5915347558073135
5362,0.3909334440702685
5364,0.8313618629725634
5365,0.4103857164544929
5368,0.06812333532133531
5371,0.7783195859126001
5373,0.9384273551908874
5374,0.5221353543830907
5377,0.30834235213218086
5378,0.8278717714060218
5381,0.5938447496644831
5383,0.09996967750207036
5384,0.37587426815996056
5385,0.41020027404658344
5389,0.04890883316503011
5392,0.3096303254227847
5393,0.28818964035993905
5394,0.7751166926387
5396,0.20862196508175396
5400,0.4057949064022056
5402,0.3681758613131146
5403,0.634632277622755
5405,0.6238136353569164
5410,0.8297412945828407
5411,0.9033973728213845
5414,0.3039150162401468
5420,0.5987226045961679
5422,0.1527179530366814
5424,0.3308243590813254
5434,0.728603712501187
5437,0.3504061932949974
5438,0.877155517744358
5444,0.5395534988039181
5445,0.8388103869168023
5446,0.8819938127396348
5448,0.6166391181762318
5449,0.2756799766272289
5451,0.6053752530517651
5452,0.4212299417470176
5454,0.6878844082737251
5457,0.398312541126648
5458,0.5275983450840376
5463,0.5375675154222529
5464,0.4828931993013199
5466,0.39008021108263957
5470,0.6658830790747186
5471,0.5925944463103596
5473,0.8355194544468375
5475,0.6446295477087549
5476,0.6468697295900512
5481,0.5708242816925833
5483,0.2052164687087864
5485,0.849514502399464
5486,0.6290532694105646
5490,0.16508128306896172
5496,0.3707872525787934
5497,0.140382145435241
5498,0.21834802941550027
5499,0.40479470691338376
5500,0.08181193746983499
5502,0.06940981149587337
5504,0.061309364250008165
5506,0.7595004529720377
5508,0.8648189120124719
5512,0.7403940105127377
5514,0.1706614521033083
5516,0.8354536610520578
5517,0.21077670162026285
5518,0.7070863188591016
5521,0.18785257413445772
5522,0.7747154261860187
5524,0.622275222494733
5525,0.5498404312407109
5527,0.12819925841318994
5528,0.44357684508357675
5529,0.8474234317553042
5530,0.819238422127883
5531,0.22340545884265145
5535,0.7370947494643962
5539,0.5229057266531157
5543,0.4507678208477083
5547,0.18867293836347693
5549,0.6236672541788694
5550,0.30482808690002483
5552,0.3384110217479457
5554,0.8498746854093469
5556,0.6293267910010928
5557,0.9321573088914646
5560,0.6239244011202142
5561,0.7933015006053512
5564,0.3640811445543507
5565,0.21474478672544897
5566,0.2543144360504322
5567,0.6436164447229282
5568,0.7237457428255494
5571,0.2758837310349648
5576,0.6083909399472313
5578,0.519235791732485
5580,0.053963940036418766
5583,0.7341003498963641
5584,0.5279484222606307
5588,0.8190695314263259
5591,0.7065613430985939
5593,0.4046363130204193
5596,0.20312165294886933
5597,0.5038889298803148
5598,0.29408178079952557
5600,0.7633387736423622
5601,0.39412737263455383
5602,0.15631839813974469
5603,0.55979534020275
5605,0.18349608170659007
5606,0.5425304190274635
5607,0.7851184371580361
5608,0.41449265485167486
5610,0.7385977080943277
5611,0.8122122592182753
5612,0.7308033597808699
5615,0.6026539275328829
5618,0.35912136696434244
5619,0.2954993604464015
5621,0.3072029277195291
5622,0.6124474829301704
5625,0.170334589122216
5628,0.6647939438996401
5631,0.9359575579693374
5632,0.47074340420086347
5633,0.12242521445439498
5638,0.8440934721629596
5639,0.49161859353839993
5640,0.5390176696805027
5642,0.21642863417105876
5643,0.6862105150665352
5644,0.7743828306195665
5645,0.7773150132970919
5647,0.19628030339596544
5648,0.5300386032105678
5649,0.05263628235418638
5650,0.4730010873575968
5654,0.5683830757864805
5657,0.20677849451199815
5658,0.14036752003806022
5660,0.5873792800737736
5661,0.6572692361615946
5662,0.760372307103492
5665,0.6892881327773994
5666,0.30439280084034254
5667,0.8268107427603913
5672,0.5843690089896126
5674,0.4481651064013234
5676,0.3006294909820747
5680,0.7677226114677305
5683,0.33897749803468463
5686,0.8396238219989691
5688,0.06357077377552024
5689,0.08145812000239233
5690,0.41769693668303964
5691,0.29292683360913513
5692,0.5592649541321448
5693,0.349691998152305
5694,0.4528359538567598
5695,0.8589734241041119
5696,0.5684840150746322
5699,0.1261256348625267
5701,0.4834395017833047
5703,0.4113515463285526
5707,0.5736787620712287
5708,0.539075610170043
5710,0.37246505017994197
5711,0.8504705917975767
5712,0.6584304471776626
5715,0.6118846527356097
5719,0.4990603794496714
5721,0.07415915932238006
5722,0.5293713282534432
5726,0.6906469287288675
5727,0.45963699740844194
5728,0.13317173843143462
5733,0.542003718565691
5734,0.735835506628251
5735,0.3614584524590545
5737,0.3391349933063942
5738,0.4872963787735694
5739,0.5615112968096443
5743,0.6873852033646068
5744,0.4565011832330006
5746,0.3166951224886949
5750,0.11864948247948909
5751,0.23605421945321195
5754,0.5216390701421204
5755,0.45868352375447846
5757,0.3312251357432772
5758,0.6286638889330857
5759,0.6556226664284023
5760,0.4199259901115142
5761,0.8127040826551222
5762,0.17602705658314907
5763,0.8778352058925536
5764,0.4902820299847532
5768,0.7885289009645596
5769,0.7222892181326059
5770,0.6623279663662079
5771,0.23170352993001136
5772,0.9213707917330534
5775,0.4799919385714772
5776,0.4781170702416656
5778,0.2880208635902392
5779,0.7089588081241912
5780,0.913512622456357
5781,0.764310707056823
5782,0.18181814643774638
5784,0.2091634997775191
5786,0.8975012765493097
5787,0.4546590613333143
5790,0.6664986182347596
5792,0.6158568894848822
5793,0.5353007511736897
5796,0.5084109165276604
5798,0.430590677561338
5799,0.12262667489126848
5800,0.4352149181402541
5803,0.8293941634789879
5804,0.5840925228832372
5805,0.650322149161029
5809,0.8209701617892813
5810,0.7837731266725139
5811,0.6547305671698058
5813,0.3693353372832452
5814,0.5484989303873414
5815,0.14067389753648205
5818,0.41497038562054
5820,0.6538318059760623
5821,0.1929339510756284
5823,0.8009561668298772
5825,0.670105628097261
5826,0.5604887573856325
5827,0.1046922304035404
5829,0.677473385994355
5831,0.9114964862772206
5832,0.43274664436998395
5833,0.6880105570206083
5835,0.708135361062307
5836,0.6202245464336786
5840,0.3008151983641145
5841,0.6220795810959987
5842,0.8919938443562015
5843,0.5436423803199402
5847,0.036746393710424034
5848,0.2943001664437542
5849,0.8305978659691969
5850,0.5084679758638828
5852,0.2983321885994698
5854,0.1226436279016414
5855,0.6945403205578847
5857,0.415580783548951
5858,0.5594188257876185
5862,0.2627820773685002
5864,0.573589345957276
5865,0.28767204786800643
5866,0.7406197923778906
5869,0.5172665388683951
5874,0.22697393452027695
5875,0.34543065054124444
5876,0.5703682262938008
5877,0.9286533923733932
5878,0.31429454234019477
5880,0.36317493432559583
5884,0.41020474166729665
5886,0.2659325056109921
5889,0.4807967752724806
5890,0.4277759349191864
5891,0.6965316088231144
5894,0.891487203455786
5896,0.5144240687061549
5897,0.8668800079043291
5900,0.43372030878676815
5902,0.7893923597677291
5903,0.8293243822998142
5904,0.9452254243370578
5905,0.9092247713393065
5906,0.4285826610948071
5907,0.06851842400490123
5908,0.7824994887751744
5909,0.6042705669326018
5913,0.44159717366778806
5915,0.40973285091617345
5916,0.5289397657042351
5917,0.6363018716323214
5918,0.8800264322926211
5921,0.5273207270377365
5922,0.7871856077943389
5923,0.6921686546845257
5924,0.659158979305673
5925,0.6208844002341997
5928,0.36141243265532824
5930,0.5375920970522641
5931,0.598458336610652
5932,0.5651740361184698
5936,0.6487329806488656
5940,0.7426458321809365
5941,0.7378299288658757
5942,0.33864503069893226
5943,0.6639143362614516
5948,0.7665514046311364
5950,0.07079278002466748
5953,0.5423171560766684
5956,0.8646250280332526
5957,0.34856380334107073
5958,0.26945603844359567
5959,0.23325812749848024
5960,0.48589033586646796
5963,0.19333432851656437
5964,0.309558616318492
5965,0.2786393681521114
5967,0.17273706705876304
5970,0.6519146546582077
5972,0.5595614901332904
5976,0.4830771472643049
5979,0.6313849634707105
5980,0.7179246518581752
5983,0.47960583749291824
5985,0.3683140167562091
5987,0.5847475755480704
5988,0.5022123083543204
5990,0.625279281158357
5992,0.6415354779733469
5997,0.6287856810400884
6000,0.7277132750822908
6001,0.19386898090043037
6002,0.6650573671409938
6003,0.2061492739575585
6004,0.5884198606445423
6005,0.19930258826990374
6006,0.43792967649535824
6008,0.17548813668656546
6012,0.5034470268398885
6014,0.6578444801137864
6015,0.4263023048806134
6018,0.47836595351480793
6019,0.6670860510693624
6021,0.1341805993344942
6022,0.691535795067848
6024,0.7106788182983541
6027,0.3976610297853845
6028,0.1673374143316841
6029,0.7191070064231854
6030,0.48626694663915576
6033,0.8549938791736913
6034,0.2829004825510187
6035,0.18804326772895058
6037,0.12128776272527174
6038,0.6161278993811138
6040,0.7484053770402038
6043,0.5575903053502074
6044,0.5460138877512858
6046,0.7577052120526271
6047,0.7025528728985736
6049,0.30834996583630786
6051,0.48281398042746126
6053,0.2650789252508051
6054,0.7850266781220214
6055,0.717113183539742
6058,0.4433296888157766
6059,0.5306079500563742
6060,0.8398292940348755
6062,0.6473290036570519
6064,0.8895831676493423
6066,0.46358220914572446
6067,0.9278418169946712
6068,0.17113494174079583
6069,0.4347841199504288
6070,0.17136693084737886
6071,0.5436244697091729
6072,0.34708821276784957
6074,0.649460701245952
6075,0.7716238016614607
6082,0.258452068287049
6084,0.2935595937748074
6086,0.19573900290067867
6088,0.41151266144663
6090,0.4180454589920052
6092,0.18678720239237404
6096,0.38367137596286605
6097,0.7331594774282394
6098,0.18414904389989187
6099,0.8749652235140808
6100,0.8170819442745487
6101,0.45012885187126855
6102,0.44910571321594583
6103,0.8469060676088811
6109,0.7118847009646083
6110,0.4266937035437494
6111,0.143326558200509
6113,0.43290652433777455
6118,0.8488343477038386
6119,0.6522068978569597
6121,0.5092003758964097
6122,0.16859941500058298
6123,0.5144404373173475
6124,0.052940394392622825
6127,0.661644479267486
6128,0.2812226576728
6129,0.44124981595522095
6133,0.20634642972891964
6136,0.6913930358292458
6137,0.49921642605026495
6138,0.8859729818626465
6142,0.05844762495989185
6143,0.06855251549536252
6147,0.7384012318189247
6148,0.693966259358786
6150,0.9016324215031309
6151,0.5335465320346138
6154,0.6978815135862954
6155,0.2325991693298038
6157,0.6386085760765408
6158,0.2902706641316238
6159,0.9462396564475192
6162,0.10705856894814136
6164,0.6241310860643583
6165,0.23683289202477972
6166,0.42518176158025506
6167,0.9368033245893501
6171,0.5297512509249815
6172,0.6650845917523837
6173,0.11804822183529866
6175,0.8649491114108145
6177,0.8957607726311877
6178,0.5674584365430615
6179,0.9459133942899018
6181,0.663334121735496
6183,0.7105533907789223
6185,0.8608796924014555
6186,0.8116121724700396
6189,0.3027356043203369
6190,0.7415533445875326
6191,0.8828457074482541
6192,0.7194953966058838
6194,0.8726601105122316
6197,0.7495472263881472
6198,0.22965810714455
6199,0.7017529360549396
6204,0.6008968992401794
6205,0.3454922053135423
6206,0.6234544532910955
6207,0.7068614196825295
6209,0.7721373774258051
6210,0.5875779715783489
6212,0.8452795525158949
6214,0.6944148346221826
6215,0.05372665164840663
6216,0.7822565165234602
6217,0.3410953883213997
6218,0.7026577155601281
6221,0.25536455939637404
6222,0.415093677720865
6225,0.0545857360931646
6227,0.21510563109280006
6228,0.6030564552945055
6229,0.7635191198218391
6231,0.6458319827412754
6232,0.3977931002201685
6233,0.5323790115768017
6234,0.9596087815831496
6235,0.5237600453794083
6238,0.6441257523162439
6241,0.7000877269011235
6242,0.7925055906062883
6246,0.8857198474190957
6250,0.9002202036111717
6252,0.6816720043938571
6253,0.2542773155628341
6255,0.35438393952090913
6257,0.7811232109551148
6258,0.1503141735124801
6260,0.28594868429990833
6261,0.8378201946432554
6265,0.2061421001239728
6267,0.7996296267312215
6268,0.5284495942006522
6271,0.8010507084715727
6272,0.815277335393123
6274,0.7028952500791061
6276,0.1559241831985285
6277,0.8438504871930245
6278,0.18678371197601393
6280,0.38139719671435934
6281,0.6189513434213934
6282,0.4256663398345428
6283,0.40701508712178736
6285,0.2305324630495234
6286,0.5373685650581445
6287,0.4262524108122123
6288,0.7674636635081632
6290,0.7262785440940038
6291,0.3955030855931645
6292,0.8232514661295232
6298,0.7969602456587104
6299,0.36277049540498657
6300,0.4925430965170799
6301,0.3065197611544448
6302,0.3369208408888921
6304,0.14953187024326803
6308,0.9407508516927905
6310,0.47802778734927176
6311,0.5290916181682181
6314,0.16369465189523805
6316,0.19272455627693827
6319,0.3440120088167295
6321,0.16346618281067207
6322,0.5940957211019575
6323,0.18097529268723392
6325,0.4449845614310089
6326,0.3556254784771904
6329,0.7193840620735046
6330,0.8502312752396787
6332,0.20868126072840865
6336,0.16568414620989272
6337,0.8124948263835504
6338,0.7339367758770535
6341,0.6675289337401458
6343,0.37608660388383336
6344,0.4229001425315694
6345,0.2280913812900343
6346,0.5243495614133159
6347,0.18787611311279456
6348,0.8310065535686648
6349,0.7664097111226353
6350,0.4163382249627292
6353,0.13469104691612277
6354,0.5009945753576674
6355,0.6553512320951487
6358,0.541744698381154
6364,0.4916971574869802
6366,0.7600738608880498
6368,0.6054673658911386
6370,0.13453554712144838
6375,0.7568495897908001
6377,0.45739167733732866
6378,0.19772160991797766
6380,0.47812760348738287
6382,0.311946893611598
6384,0.938158650967532
6386,0.8792582488854659
6387,0.16001630713462534
6388,0.6868515128075731
6391,0.26167745491564975
6393,0.5075714032999451
6394,0.32219598741970745
6395,0.8879454580918082
6398,0.6719618806043932
6399,0.7481811520707137
6401,0.8470760050839757
6402,0.6805922580428649
6403,0.578247900002793
6404,0.03216906128679926
6407,0.3411919700077942
6409,0.6990711465933197
6411,0.5923256086216601
6415,0.13233346388889078
6418,0.283741672290023
6420,0.7531975818018779
6423,0.5706043483148585
6424,0.6748079222817731
6425,0.30910112386037536
6426,0.5991729389233456
6428,0.7030230408041891
6429,0.7096170798612106
6430,0.6189969814510987
6431,0.8407297965558042
6432,0.6411029256994193
6433,0.9447024917122744
6434,0.36631623190445
6437,0.8382111608282786
6442,0.23233879474651054
6443,0.37714945989645193
6445,0.34508005218349447
6446,0.6904842715265291
6448,0.32929394475110474
6450,0.09686218457437933
6453,0.2680207907975821
6454,0.6703058837052251
6456,0.8424928728178083
6458,0.6703125026333809
6459,0.7347593926961946
6460,0.8420588560520136
6464,0.0613565769140171
6465,0.3754999025939244
6466,0.3444356132642009
6468,0.4978523275164903
6469,0.5146586745329379
6470,0.357109414347093
6471,0.45975124837601544
6476,0.49407160075454204
6480,0.707909797247214
6481,0.9253779904652317
6483,0.9069452510681186
6484,0.7371033713692586
6485,0.5204952548237158
6486,0.8692184175483874
6490,0.5461880903092644
6499,0.6649352157679242
6500,0.5931923199032306
6501,0.7718718947339331
6502,0.964672637770758
6503,0.20278277750863585
6505,0.9363112143173765
6507,0.7411461391828881
6508,0.7435364047270044
6509,0.9904326580645868
6512,0.7167638089461001
6513,0.5039604040254662
6521,0.8756532342732296
6524,0.47096366029280157
6532,0.32243268224329036
6537,0.08102312246884354
6539,0.3564270563518116
6540,0.08814212088431617
6542,0.5823700554836888
6543,0.27598506805560025
6545,0.22134662719144899
6546,0.4924027849728305
6548,0.53403744342672
6549,0.6512966540115883
6550,0.7876305666966716
6552,0.5664466948238492
6553,0.3849242393356633
6554,0.41359462416136716
6556,0.745910795769105
6557,0.7769398957984162
6559,0.4994127307889834
6562,0.7471689301857432
6565,0.08466976129997232
6568,0.6058195721817159
6569,0.8468826880008231
6570,0.2663465171743736
6571,0.24857941632682445
6572,0.20707501434725087
6577,0.4131517825216183
6578,0.3489674005542838
6579,0.49274093730724877
6580,0.7869256766723796
6582,0.11261602532332068
6584,0.6797714465779379
6585,0.5293382790756775
6590,0.3581594628138971
6592,0.4121438718205897
6593,0.43520130741084695
6596,0.19360658607248307
6599,0.6802006184895445
6603,0.5177238518850293
6604,0.4154074178672101
6605,0.7824522689925122
6606,0.14507743448553917
6607,0.5623734106508952
6610,0.18794918333984934
6611,0.3679615900997159
6612,0.1458372545628428
6614,0.528245769861978
6617,0.7035551355687072
6619,0.4758049873214847
6620,0.814947868282906
6622,0.09011018177860625
6623,0.3126559311107907
6624,0.828660887897274
6626,0.4859679535664004
6628,0.2937929976489433
6629,0.4408682308547949
6630,0.3463423119513308
6632,0.5277604882795197
6634,0.4629412765525652
6638,0.4525911316280191
6639,0.14434761235643429
6643,0.2241146868207908
6644,0.507721689169041
6645,0.7737847173712549
6646,0.6371231943864787
6647,0.2419104333298046
6648,0.4137562047257535
6649,0.7673279385047056
6650,0.24784330543016803
6652,0.5772223044329992
6653,0.7817895284235391
6657,0.2901470491317529
6660,0.23561154813423743
6661,0.27711364876424077
6662,0.5447050080047509
6663,0.21718364032904774
6665,0.5359740292724122
6667,0.6300413863149967
6669,0.7584449299082893
6670,0.30224746006719366
6672,0.3995536345184272
6674,0.1305738484043039
6675,0.4666026646356
6678,0.5875630816220274
6680,0.5881082977995734
6683,0.8127791271680275
6685,0.12993515884721996
6686,0.8478541488478284
6687,0.17192507994203896
6689,0.20005979722184142
6690,0.4317552288083227
6691,0.24280243995674844
6692,0.5590009431472229
6693,0.3153073756222896
6695,0.39138438537234116
6696,0.5062859649861479
6700,0.16550915441470412
6701,0.6038738729945513
6706,0.2009949562607677
6707,0.30795326481959817
6708,0.3954096497945692
6711,0.5986732438494312
6713,0.8765402103271646
6716,0.7384437426392582
6718,0.31392113519265524
6719,0.43243265733801317
6721,0.24945652635022897
6722,0.6296255154236864
6724,0.3068640775584932
6725,0.6650966647951428
6727,0.7332641470607707
6731,0.5713170923407523
6732,0.7865946908996476
6743,0.33966858189543325
6744,0.7202375792128981
6751,0.33667498490412456
6754,0.15318615184026438
6756,0.5489455404689974
6758,0.2970393587503989
6759,0.605412387294009
6760,0.4817624634696967
6763,0.44280011118519524
6764,0.45855553482581535
6766,0.48506479219870385
6768,0.37387415876237
6770,0.8545145878009358
6772,0.3762467722663637
6775,0.37073967386225776
6776,0.5293671475271978
6777,0.5289910462872294
6781,0.818675130625376
6782,0.8990263249770369
6783,0.5377931564989302
6786,0.6575932569528821
6787,0.2624829507006621
6789,0.22184310114159708
6791,0.4021481992566831
6792,0.7246572759541872
6794,0.6039671998120342
6795,0.8848687531467002
6798,0.5149112540542199
6799,0.7350361509957023
6802,0.49420406410111767
6804,0.32181697288300193
6805,0.5236636860913226
6806,0.6213309602261863
6807,0.3170968208485432
6808,0.3161428376969102
6811,0.11471297923163874
6813,0.140627857143398
6816,0.6700172119941
6818,0.3278978806437694
6820,0.20979985236363044
6821,0.0850253610540158
6823,0.6470895849544877
6826,0.31504596914746263
6827,0.6192913810559658
6831,0.7931244344474843
6837,0.6386951954583263
6838,0.6648925213434609
6840,0.5790627557571439
6841,0.7629666543196026
6842,0.8007555868687068
6844,0.8479061986564028
6848,0.7570957266658617
6851,0.6498068543379701
6852,0.45978137995668594
6854,0.4368913125420029
6856,0.46106913953951195
6857,0.3753269694774911
6858,0.8582909710350721
6860,0.6112144552751198
6861,0.25417852120252243
6863,0.5431588907441084
6864,0.9257079089348388
6867,0.030857020310903368
6868,0.8709712821402846
6870,0.2770376958138091
6872,0.578655564618232
6874,0.18070313243969716
6877,0.5363156103028901
6879,0.38217901152157624
6882,0.5097332605037568
6883,0.9450447024879567
6884,0.5044559726339259
6887,0.17093942744833135
6888,0.4068988268361364
6889,0.4357474863877441
6892,0.74651477783602
6893,0.7875077177982142
6894,0.8224835707415833
6895,0.5278570930093934
6897,0.891243909440752
6898,0.6628617305216279
6900,0.3976013558610143
6904,0.23719594158192248
6907,0.9420166714985534
6909,0.9185881402721682
6911,0.4244107651903412
6912,0.5024224107860742
6913,0.5863594532669356
6914,0.8590718666395157
6916,0.5857519630927909
6917,0.4833943494113706
6918,0.6742068207008616
6919,0.6257036010097577
6921,0.44023712162969353
6922,0.1238087107398454
6923,0.7702965673526064
6924,0.324264499059623
6927,0.3803625450314814
6931,0.6835933814410653
6932,0.8378303265736908
6933,0.5035016224439548
6935,0.5637563882909463
6938,0.582927504954905
6940,0.058644501945206005
6944,0.82971532088395
6945,0.3938166848475551
6946,0.5844163528285027
6947,0.9543434036756695
6948,0.8960873169240767
6949,0.32169533020648033
6950,0.2616916041044838
6954,0.6858938437521613
6956,0.6454180146787567
6957,0.9305481129563267
6958,0.46935082672894196
6959,0.9267127425594106
6960,0.13033169367730393
6962,0.3535664251830669
6965,0.20904643655758548
6967,0.7059328177890903
6968,0.3468664023995107
6971,0.32361449676905435
6974,0.6813415220908053
6975,0.4500975119384524
6976,0.16669057492808212
6978,0.1960378759002044
6979,0.3669905666365294
6993,0.1162371253019401
6994,0.6985441191062645
6996,0.9567162530837962
6998,0.3039865354489948
6999,0.18685167364837008
7001,0.4987682860960757
7006,0.6866447858151217
7007,0.9238608861647211
7013,0.5795603626038445
7014,0.6542169147816997
7017,0.20572244442926443
7019,0.5549212665665023
7020,0.1814044780037318
7023,0.14873415636062057
7025,0.7961374577159945
7026,0.38730631637380614
7027,0.19310345799734036
7029,0.23641547055030826
7031,0.40128525014004685
7032,0.8540105825978763
7036,0.8755536579351186
7037,0.4383903386201061
7038,0.104917549004238
7039,0.5884300017252597
7040,0.7086530508731296
7041,0.7849071344342966
7045,0.8525809876955973
7051,0.5623242217474234
7053,0.12196385616943495
7055,0.8870414513362156
7056,0.6109692858253142
7060,0.2709657003511237
7062,0.8131576197307414
7063,0.6427661424723722
7065,0.6995612385493643
7066,0.6601253713207783
7067,0.2337839134093061
7071,0.6705927746351306
7076,0.48389430730069866
7077,0.543563754965642
7079,0.9418018713892472
7081,0.7580630114503644
7082,0.5467658711413366
7085,0.8159477526281692
7086,0.48447529551322654
7087,0.554316311608116
7090,0.8024938274435167
7092,0.34732050311909807
7094,0.6092820825936267
7095,0.8216698357586928
7096,0.33676816828500783
7098,0.6982577927392476
7099,0.35461692110980736
7100,0.8911739274195569
7103,0.33502018886599577
7107,0.13224052191388233
7109,0.45982647043186087
7110,0.2818245313071859
7111,0.41948438229898133
7112,0.40168759062638754
7113,0.46968947675508016
7116,0.8832532798457107
7129,0.3211594286236132
7132,0.43823181797924604
7133,0.23933111049910147
7134,0.4630662059646255
7135,0.4445641659481516
7136,0.3028486998895506
7137,0.15798243146024324
7138,0.18396657893266577
7139,0.06432889265104985
7142,0.847433828987813
7143,0.6891855007490707
7145,0.42252022429819835
7146,0.32981677001599574
7147,0.46871130902652536
7149,0.9554765180869887
7150,0.28671956888340944
7151,0.8077960932995929
7154,0.17133227936468945
7157,0.8056209960592273
7163,0.3587056213250323
7165,0.51410911351404
7168,0.363049486530546
7169,0.6807334620506027
7171,0.47214726797693113
7172,0.26120067093120725
7173,0.1947008337872634
7174,0.6157366911003096
7176,0.5431061967634591
7177,0.6796319956146222
7180,0.6051450393440071
7182,0.24194960253931985
7184,0.37452446765470604
7185,0.47748886490579556
7186,0.8790954670214346
7188,0.8729604347911442
7189,0.21017871958456213
7192,0.7227599223902658
7193,0.41527765752243945
7194,0.8196472171184137
7195,0.6205537834017235
7200,0.4070529292590406
7202,0.5743929019670639
7203,0.45124230455339753
7205,0.3583428001141704
7207,0.31795395959571027
7208,0.6541556535510661
7211,0.6136934298968412
7213,0.8550523390346069
7214,0.29713922977904494
7215,0.15525482265392
7219,0.5758389769460213
7220,0.34883357180075664
7221,0.8346264924480717
7222,0.8319761128339187
7224,0.6958480341769775
7227,0.66530007834936
7228,0.7458103923179288
7229,0.7167961121209429
7230,0.2879584350557701
7232,0.6725501327718943
7235,0.6225642485283506
7246,0.5638202506055305
7249,0.9171549394699938
7250,0.8255858152504842
7255,0.9073731472539491
7256,0.24398191932769023
7258,0.9276459093598729
7259,0.320860341527961
7260,0.07871489448806848
7262,0.4719946674874347
7264,0.18017887821163178
7267,0.8041019689130471
7268,0.31210514788745136
7271,0.7277180634568163
7274,0.21696029653976456
7276,0.836205546231569
7277,0.5798901434112365
7281,0.7074964097320314
7284,0.22582813555493506
7285,0.041929932930251726
7288,0.8640189735152413
7289,0.84508338047159
7290,0.6756959321564749
7291,0.7615665712516806
7292,0.21331625495888226
7293,0.0676065661346741
7299,0.22072979820293237
7302,0.23546879887947372
7303,0.8131116751142935
7306,0.18510558523266588
7307,0.7157813015729956
7308,0.6979841742661649
7311,0.32919239984104404
7312,0.4921463243636458
7313,0.8213638680609923
7314,0.4732893090813382
7315,0.5031519280046055
7317,0.9326797508919451
7318,0.6116146347953222
7320,0.9365219294478712
7323,0.8664363842431844
7324,0.7065902802150982
7329,0.5101241700293258
7330,0.7355000897339198
7331,0.10461014213860362
7334,0.27505846979625453
7336,0.1817424612813426
7339,0.5463805331252731
7341,0.0014678220407027334
7342,0.332505870428842
7344,0.706425773874124
7346,0.21885368763444668
7348,0.34690374805158747
7349,0.9570999454299958
7350,0.3574452206871688
7352,0.81515877058888
7353,0.8215768150200216
7356,0.35599865787926416
7358,0.8715396939036308
7359,0.4386916732274362
7362,0.14438466816234402
7363,0.35976908940041163
7365,0.47912301892708026
7366,0.5628803992674042
7367,0.35632339291760345
7368,0.2903485943467356
7373,0.7267030917413511
7375,0.2674204529041739
7377,0.6625877264804596
7379,0.7557068905342883
7380,0.18841606941336494
7382,0.3896508378238812
7384,0.952651884198633
7387,0.1751287843020711
7388,0.3511312639053498
7394,0.11400051313964826
7397,0.49105156785833626
7401,0.7738435146150686
7402,0.6796375136888041
7404,0.9032655656393933
7405,0.7086232741713673
7406,0.1671225452812582
7409,0.7463853541228641
7410,0.4642869837679269
7411,0.9669131868162839
7412,0.2631700131960449
7413,0.41549768152975286
7414,0.36543162874067703
7415,0.4409132853982584
7417,0.2814094857744011
7418,0.5682192679584139
7423,0.24424037894239808
7426,0.51865304691103
7427,0.674428928332923
7428,0.8904137800456261
7429,0.5557188705245552
7430,0.3983932672080694
7431,0.8403281425213007
7433,0.3272824055452324
7436,0.7973727776545269
7439,0.6463306641380828
7440,0.5568392845153506
7441,0.7299852710075023
7442,0.5916660455283322
7445,0.3254544769974476
7446,0.5471104130725908
7449,0.5845385198526082
7450,0.2102226293010356
7452,0.7860371468752366
7453,0.6575451914579946
7456,0.7983022614995385
7457,0.8919800538536887
7458,0.5108394843878004
7459,0.36568593435322067
7467,0.5038521429665757
7471,0.8791735031824801
7474,0.1951309259289442
7475,0.10379130806614642
7476,0.3464632869529981
7478,0.4523123901902168
7479,0.4616334503829224
7482,0.1552092791706055
7483,0.4422376065317291
7484,0.5190585158398485
7486,0.2014568684233348
7487,0.5747968375940934
7488,0.7383300789236046
7489,0.5433852439105773
7491,0.35138326509680134
7492,0.25811248080481797
7493,0.593273637741169
7494,0.2531110403927196
7495,0.5866566825478569
7496,0.6770858752818321
7498,0.475070073808704
7500,0.7069785448204318
7501,0.433576847718155
7502,0.444539931648518
7503,0.7941679707109834
7505,0.46926225159541407
7506,0.436701696872218
7507,0.8563038366435626
7508,0.9198684584932098
7510,0.07946473867070354
7512,0.6399972185372133
7516,0.9443738712516754
7518,0.7983634804727365
7520,0.2151872475100178
7522,0.6717958031427851
7523,0.6393614261163301
7524,0.47527214259531236
7525,0.6968836630833289
7527,0.9946629060159611
7532,0.7814003658265357
7533,0.30066677885791965
7534,0.2717509500469709
7535,0.43323899139348226
7537,0.605924041000535
7538,0.7869328588260093
7539,0.5265258998757928
7540,0.5780167010175871
7541,0.45781313774052274
7542,0.7165463840004103
7544,0.46848554370131845
7547,0.38177046584272356
7551,0.18357218214158036
7552,0.22809007426499978
7553,0.5223817983634781
7554,0.5993725237372174
7556,0.7768610695739764
7557,0.11708871041386747
7559,0.5921548563265137
7560,0.6712166267169795
7562,0.12780907641634945
7563,0.8373818478384792
7564,0.4299455067611891
7566,0.5969583683694156
7571,0.8269352261277071
7572,0.7326594563735022
7579,0.48051807747238984
7581,0.8684456564078344
7583,0.040785879765029
7585,0.7274194754963599
7587,0.6079190289385338
7589,0.619882742020394
7590,0.5472804789769623
7591,0.6500708666190975
7595,0.44997457054706685
7596,0.8990270786018119
7599,0.7808056741541021
7601,0.6476446571737251
7602,0.899937170343556
7604,0.955217050653622
7607,0.14001715811262924
7608,0.49253220350794846
7610,0.7639059563758023
7613,0.8110720776978999
7614,0.6952857315365573
7616,0.8881743319074027
7617,0.7541019687400543
7618,0.6678645586615956
7619,0.11420256136891704
7620,0.48626056740029644
7622,0.634204933800297
7623,0.10734471216668891
7624,0.5232386810657146
7625,0.47181100187970926
7628,0.5167320094863972
7631,0.6091473010369634
7632,0.7530440269136143
7633,0.5697952696958606
7634,0.7271368140484096
7636,0.30041607754193655
7637,0.550597589507271
7639,0.14863555876487042
7640,0.738459199280625
7642,0.9237498025440012
7644,0.5921739937798676
7648,0.21818172496180155
7651,0.3478696641740227
7652,0.5474748281012739
7654,0.413625342259801
7655,0.6978424009949755
7657,0.6013788627737446
7658,0.75356935122587
7659,0.7512242476638872
7660,0.300821861855108
7661,0.43230828370176905
7664,0.27084459474179995
7666,0.6713581772709555
7668,0.7751592223746256
7671,0.22426954015921102
7673,0.3577670952458524
7677,0.4708106826336975
7680,0.6142031475471973
7681,0.7384839092416031
7682,0.31952015812136514
7683,0.8250710152050237
7685,0.27132801242790106
7694,0.8987959273704847
7695,0.68959640849239
7696,0.8231227496817592
7698,0.6631257399651753
7700,0.6879229229022534
7701,0.5002848149234403
7702,0.7305827631860702
7705,0.6806887437879331
7708,0.3983262659071892
7709,0.25119897191740825
7710,0.7178568268723945
7712,0.49759651248737874
7713,0.3361772409072328
7714,0.7009393823229763
7716,0.6997411060186834
7718,0.1316822916834269
7720,0.10173346408419925
7723,0.8150431757699815
7725,0.4008509239793753
7726,0.8373628594713508
7727,0.2918269461283763
7728,0.20541900632472712
7733,0.5222257059657996
7734,0.24208297720463687
7735,0.7122943061721068
7737,0.2811067449562692
7739,0.6978279644626357
7741,0.5244666148587637
7742,0.19623278258637755
7745,0.5548927093793604
7747,0.6667771246519782
7748,0.16098417277617957
7751,0.7659721177192615
7752,0.077565123765256
7753,0.46939779753832267
7758,0.35678754001078444
7759,0.5776587141273646
7762,0.2627693321039803
7763,0.6494491049935691
7764,0.7985560207419772
7768,0.3072262486667081
7769,0.28217755508225334
7777,0.7675368073239078
7779,0.6869643088681684
7780,0.7861432021746727
7781,0.6639016146427829
7784,0.782666717130451
7786,0.6574228875281867
7787,0.1002988263771429
7789,0.5349182028629003
7790,0.17611394263578106
7791,0.377613400101889
7792,0.4427022714791514
7794,0.24554293851953332
7795,0.6748021353565549
7799,0.3842070843239167
7801,0.768296310245355
7803,0.10503631145859207
7804,0.500257480806619
7806,0.41250872535426775
7807,0.4288466996219929
7810,0.35240303064368816
7811,0.72715477523923
7812,0.4095505833543368
7815,0.06640681033689169
7819,0.711801951594113
7821,0.6219115685651627
7825,0.8016520336927775
7829,0.7498027155898191
7831,0.8396650970315988
7832,0.7386659256196554
7833,0.5038290560953811
7837,0.2161302474107932
7839,0.8041687135782197
7840,0.3079148618668172
7841,0.3676443343539848
7844,0.600948573279542
7845,0.6911882436997691
7847,0.5776989863180129
7848,0.7576919813722158
7850,0.18685064434438112
7851,0.3144353793093145
7853,0.811265011619827
7856,0.9189002107083055
7858,0.24623386911533826
7859,0.7863855450339928
7860,0.653793961256954
7862,0.6617684432451164
7864,0.6365322071384453
7865,0.5882277534130983
7868,0.869148795957425
7870,0.2895024950434119
7871,0.5989861918954051
7876,0.7440670849755862
7878,0.7810782623078316
7880,0.42671157033794754
7881,0.17418567467650994
7882,0.3516011041432764
7884,0.9235219095147466
7886,0.42274656693499674
7887,0.6851200195091365
7888,0.7938814740222208
7889,0.39474459649847726
7890,0.8891596181496677
7892,0.7458501484045471
7898,0.8536639589794641
7899,0.5678354318211296
7902,0.901500061849165
7906,0.32020639888176217
7908,0.7694532882998225
7909,0.17643244569761904
7911,0.5044800350840972
7912,0.12648376975682918
7913,0.548514468480509
7916,0.522409425997544
7918,0.6991163336822601
7919,0.17584868099136816
7920,0.6505052582508235
7921,0.5387923524508307
7922,0.5660198421726805
7924,0.5818783171823566
7925,0.07731718398192519
7927,0.44618766343553196
7930,0.5533830490002497
7931,0.35989355105872656
7933,0.5780042844336701
7937,0.7774974878418959
7938,0.7998186736077036
7939,0.27324128748669424
7943,0.8152890903641298
7944,0.7482572946468266
7947,0.10317126562117093
7949,0.054860476512771025
7950,0.6954957784621771
7952,0.6391993960753182
7954,0.6202346729034398
7955,0.3214891989888345
7956,0.49795387200649655
7957,0.2604999418140327
7960,0.7954438529827965
7961,0.4579041611160765
7962,0.6380911427803969
7963,0.848628148275954
7964,0.8894024748590836
7966,0.3240563817929061
7968,0.6805825939723265
7970,0.4907767391491737
7972,0.45449799322579837
7974,0.8752733694117845
7975,0.3449546022800246
7976,0.9080247677923707
7982,0.6401612693709375
7983,0.7546568054244948
7985,0.3642305304284064
7988,0.47107282314971904
7990,0.438028279690297
7993,0.39819435282485177
7994,0.8273093181723237
8000,0.6362426575795125
8005,0.20676937853832483
8009,0.3553990972602693
8011,0.0838704045081241
8012,0.5124425839842939
8015,0.2951023297553841
8016,0.2222857968021572
8017,0.7814917623444025
8018,0.2405972581808438
8020,0.5149280202765539
8022,0.7804227052399062
8023,0.27878385889216356
8024,0.5594686031943265
8027,0.48636119162233254
8028,0.6143687474349009
8030,0.5777928433400683
8035,0.09370102615391435
8037,0.3620234909643313
8039,0.7476990419853397
8043,0.20256325561512695
8044,0.8058241723379612
8045,0.45770143433584626
8048,0.2092487539408262
8049,0.8855302918081946
8052,0.47792371399431666
8056,0.07802376752357129
8057,0.6236627804035907
8059,0.40701088705753463
8061,0.1321930059063143
8062,0.6954815802185772
8064,0.79042399235781
8066,0.8223752131215114
8067,0.34599081998216374
8068,0.5032738438739529
8069,0.6508044260290352
8070,0.9077506218248131
8071,0.44925568334482135
8074,0.8685350192732922
8077,0.2000492308203352
8078,0.7340957436106721
8082,0.7049335335221366
8083,0.7445596834281595
8084,0.5112205958032948
8087,0.5310698601375512
8088,0.8802198415464623
8090,0.794505461286005
8092,0.646410374971618
8093,0.8545919981383335
8095,0.6945499854101611
8097,0.23820826293994846
8098,0.7615322348416447
8104,0.48029092219668595
8105,0.7898384102150422
8106,0.560932717163687
8108,0.31046008106820616
8112,0.41448377948356596
8113,0.493375039762067
8115,0.6282300916451313
8116,0.564393778141472
8117,0.30371399308691727
8118,0.8618512960743645
8119,0.5699852524120325
8122,0.710501661775893
8124,0.5678173985351055
8125,0.6497153023780987
8126,0.645267815896068
8127,0.9509605972921109
8135,0.10625890501150943
8137,0.6734696397146923
8138,0.3658221717471254
8141,0.6775792866185811
8145,0.27413205194309465
8151,0.38834978500272477
8155,0.5228196437294197
8158,0.3421174112922297
8160,0.4088501351682647
8161,0.9496115223155179
8164,0.654856073141173
8165,0.49380823608390545
8166,0.858793802054544
8167,0.3520860556540208
8169,0.33885295753503747
8171,0.8568643742480109
8175,0.2842685663180718
8179,0.7522059393371361
8181,0.49892091389557863
8182,0.5099831762420146
8183,0.5812474153718634
8185,0.4535315451131581
8186,0.8192462241949052
8187,0.8267532486359077
8189,0.4259489260036948
8190,0.46008454224833156
8195,0.23624596760579109
8196,0.18735737288071266
8198,0.7213089281408137
8199,0.46640718755256133
8201,0.18935375314736566
8202,0.9096381215732274
8204,0.07829555101706652
8205,0.5041756259734285
8207,0.28194060679481414
8209,0.0807146071329539
8210,0.23041908501243655
8211,0.4930741024223326
8213,0.7362782576028768
8214,0.7550868826697357
8217,0.774774483383467
8218,0.6784632370247693
8219,0.4700152649218194
8221,0.35517078028479704
8224,0.8416330801221754
8225,0.1438332693949592
8226,0.512517171453097
8227,0.6743740250294471
8228,0.6411895187112541
8231,0.8359036088480566
8233,0.9400690658187385
8234,0.20391773279232964
8236,0.6387079193970003
8237,0.7816300031573309
8238,0.2549480903382502
8239,0.21582058199764598
8240,0.4890030801790569
8242,0.810731007652343
8246,0.7795719237426084
8248,0.22970759727019113
8249,0.7708252816960992
8250,0.478536068291768
8251,0.48175665228818537
8252,0.6780319865893557
8253,0.8246677359793212
8254,0.44029632681543357
8255,0.7744901091136068
8264,0.6040565082073662
8265,0.11973060571139417
8267,0.3139524142763049
8268,0.38950821364155036
8269,0.4136891201385653
8271,0.4884885881111644
8277,0.8123662724377257
8279,0.04964832279131458
8280,0.3096002918763809
8281,0.5213024285488773
8282,0.25928124693872606
8288,0.3147145499472114
8291,0.3053732646315957
8295,0.4718627278646988
8296,0.33050747711694295
8297,0.47379195204290986
8300,0.46756762473467245
8306,0.46227828255746406
8307,0.7428581493210538
8308,0.6863755959164985
8309,0.5772423159625382
8310,0.13664724938103803
8311,0.6748516143064255
8312,0.3085254955361151
8314,0.6468856920038492
8316,0.5771201401426193
8318,0.31640202472291545
8321,0.5477991458327212
8322,0.9519111177788953
8324,0.8461593848851556
8325,0.7064712478897421
8327,0.7346631853789306
8328,0.6677657498827313
8330,0.6663169205631738
8340,0.3201420661946473
8341,0.6697057210399906
8345,0.33124085896445465
8349,0.925484815423517
8350,0.5347329597877892
8351,0.17811728297395255
8352,0.609540739457828
8353,0.2896194324818571
8357,0.3702471083304597
8358,0.7224565405208299
8360,0.23042892569133003
8361,0.275839619793321
8363,0.6448933125254266
8368,0.23182712799468752
8369,0.24434087732910187
8370,0.6710568089670633
8372,0.22527963220971925
8374,0.22420053544477062
8377,0.2493327244799243
8378,0.7104033875303356
8379,0.3302593809754481
8382,0.23354847113087893
8386,0.29952873500017757
8387,0.8248005535153674
8389,0.45370805516161133
8390,0.853606134773404
8393,0.19608340735378654
8394,0.857690539134124
8395,0.3650717478630506
8396,0.31528900092977047
8398,0.31428302228257016
8401,0.44737202433881906
8402,0.1393949574628209
8403,0.17327593968546992
8405,0.31018909215203117
8406,0.5126677911636006
8408,0.01817980676567609
8409,0.3287684883477371
8411,0.7837651428655438
8413,0.22966553311527918
8414,0.8458377719768709
8418,0.6339040246447344
8419,0.30502864853333234
8421,0.582697829348966
8422,0.7634294848038987
8425,0.9096226828731867
8429,0.07806519629046493
8434,0.934426443114324
8435,0.5118651198135697
8436,0.9551624931888022
8438,0.611015720773992
8444,0.655736448983117
8445,0.05887793716653532
8446,0.3280923119137938
8449,0.8093870217580006
8450,0.2600241110830693
8458,0.9019225512896997
8459,0.20510676491814966
8461,0.37800520087449946
8462,0.7099531238798666
8464,0.486425045018643
8465,0.4084994485875822
8467,0.32743977029126126
8468,0.05551692766111737
8471,0.23745808323815656
8472,0.04277427126551599
8475,0.5793513567210755
8476,0.7794340808914755
8477,0.9158204893152601
8479,0.8634470535245294
8480,0.5773860609512133
8482,0.7836073179165919
8483,0.6172986403540853
8484,0.9082612628586464
8487,0.7040388796356335
8488,0.7525417840766004
8489,0.879895956459512
8493,0.5287665037663425
8495,0.2981243261755042
8497,0.4810353857154088
8498,0.05189891501942567
8500,0.35497384193261
8501,0.7244203751390218
8502,0.5245358215555468
8506,0.9432562484320158
8507,0.930578526552602
8508,0.9273064770229836
8511,0.5896084423142285
8514,0.35380217690802923
8515,0.9483134783555176
8517,0.6586430951266021
8518,0.7685021739077744
8519,0.4573196480999475
8521,0.8951028306183096
8523,0.9115550084033643
8527,0.5419483151834232
8528,0.2662186951147867
8529,0.5455451215518955
8531,0.4366565577198144
8536,0.4384724656255943
8537,0.6535244489888136
8543,0.748020119963469
8545,0.6148035642317548
8547,0.4484667639947331
8548,0.7826164037379117
8549,0.7477411503261421
8557,0.5844665957357902
8560,0.6095430501273691
8561,0.3769924917395748
8562,0.5277394691638668
8563,0.26615287296478646
8564,0.4806904478670344
8565,0.35717287047038815
8570,0.9281919399196307
8572,0.25085121485228695
8573,0.14491612019597544
8575,0.8991042291835246
8576,0.3443313017525049
8578,0.20950836634776757
8585,0.44902312598806254
8588,0.6290356973827246
8589,0.7648606381596547
8590,0.9262641411582825
8593,0.80522853027404
8595,0.3352687506481756
8597,0.9173785212225302
8598,0.5896377586336766
8599,0.10409366306014278
8600,0.5608592837116181
8602,0.599112453146658
8603,0.9290332928750469
8604,0.38224420011586113
8607,0.6320844615155012
8608,0.6352503893361175
8610,0.5513420587901435
8612,0.34795207674069184
8613,0.18685971170852256
8615,0.8125818127171484
8616,0.4614821347064459
8618,0.5330895555676378
8620,0.21234209225849465
8621,0.7993827910844588
8623,0.5838774847211068
8624,0.9176727721548116
8631,0.9090575792031094
8634,0.7720711162904458
8636,0.40148803950832157
8637,0.6945595101443476
8640,0.34509160362125063
8643,0.690101884453523
8644,0.7280824215753934
8645,0.5934414168408677
8647,0.9062490174526249
8648,0.1082393035174799
8649,0.27781412947608025
8650,0.9349331086578714
8651,0.22307280795388315
8652,0.5652427880447859
8653,0.4613452128532453
8656,0.786684340362334
8657,0.12023490814629317
8658,0.6746391556992759
8660,0.8159645664896695
8661,0.3189044778827886
8662,0.7398361972874001
8664,0.3098951611464528
8666,0.6429352195765476
8667,0.778212903593562
8670,0.44351023256330807
8671,0.6942200288318343
8674,0.3884818955012001
8677,0.2523913255547123
8678,0.22857343974891645
8679,0.41027799670251697
8680,0.26240204123685584
8683,0.15863932931667823
8684,0.7905000697271276
8686,0.5461023724443899
8687,0.1988187966689101
8689,0.6983944194790018
8690,0.449961584767692
8691,0.8619192668295689
8692,0.47683347838657236
8695,0.17792564942596042
8697,0.3124660418551318
8698,0.5403564984375453
8700,0.5106514308887838
8705,0.8965777795507177
8709,0.3218027474980033
8711,0.3370825019518361
8717,0.7225461976495029
8718,0.8493248740816397
8722,0.6154014038010159
8724,0.04638057473908577
8726,0.454520997680684
8727,0.3784128800726138
8729,0.5881886967028691
8736,0.6318985057899801
8738,0.18887483913397862
8739,0.20333861847172882
8740,0.427721940319566
8741,0.11106137637148833
8742,0.7284428602922197
8743,0.5064633417268626
8745,0.4634551161178917
8746,0.24007070140776382
8749,0.5537628638330486
8750,0.597769231323522
8753,0.04041078855278085
8754,0.019873671065210034
8759,0.6574045059765521
8760,0.28049311222992934
8762,0.5041166924162418
8763,0.43334022867667793
8764,0.663017324118741
8766,0.6756527961744833
8767,0.6475579218071682
8768,0.5569489350301723
8769,0.589115115642949
8770,0.08846575433229331
8771,0.34744504005196913
8772,0.8347708356267869
8774,0.10427076303855132
8776,0.6576082974708934
8777,0.614527687365104
8778,0.26925302728069034
8780,0.2791586277960272
8781,0.32275011030820416
8782,0.41543918967876853
8784,0.4500184172673096
8787,0.2911177487515829
8788,0.16579624699964968
8789,0.7758350079879257
8790,0.21032670439944254
8793,0.4984498774669611
8795,0.6016864833033233
8796,0.23842034020659214
8800,0.3134258923107296
8801,0.8281425638363209
8805,0.38215653962831614
8806,0.8364373678118568
8807,0.3656066086179631
8808,0.4184043505262417
8809,0.574607019200753
8810,0.46107959539517873
8812,0.36468331049916125
8813,0.9380615996165784
8814,0.42921662540204913
8815,0.7954471339477351
8816,0.5212670083115887
8819,0.6586837928647625
8822,0.44676408402900497
8824,0.25181687239043576
8826,0.18765707646823596
8827,0.7619617897173343
8829,0.5860972217130157
8830,0.06061187613429868
8831,0.12514802466628908
8832,0.4591431511099167
8834,0.7281338975065084
8836,0.5986770522352705
8837,0.11131525249333762
8839,0.46440138016755705
8840,0.738667203920507
8843,0.718819005605285
8845,0.6751176757611679
8846,0.5381131509236319
8847,0.48715645872696656
8848,0.6355913834541853
8849,0.4680597065864249
8855,0.3874931668777974
8858,0.7282952358000214
8865,0.3419738610855463
8868,0.16038128467484125
8873,0.6973873538083253
8877,0.15673737111474256
8878,0.5910815581049649
8880,0.5702313589541477
8881,0.33230125358279744
8882,0.5435809535154492
8885,0.8891768371954495
8887,0.7522529124412486
8888,0.848614613505024
8889,0.0842386984010821
8890,0.5546190880033404
8892,0.864480980290903
8893,0.961414849052343
8895,0.2305203595090081
8896,0.37730855795538526
8899,0.6511983541205413
8901,0.11434741399171769
8902,0.5423692904084929
8904,0.715583647926932
8906,0.33280509307160094
8907,0.46525300291965155
8911,0.7531333141512305
8913,0.22122135592838676
8915,0.729665441545326
8917,0.8604729972376005
8918,0.2469438328821026
8921,0.7661447036296117
8922,0.07689393823673311
8923,0.4749728665041002
8924,0.7708691364918562
8925,0.2220826382263293
8926,0.01630011223234179
8929,0.8058765246983828
8931,0.3604108394724206
8932,0.14835035056743015
8933,0.6113256320412367
8938,0.37938109703052825
8940,0.38654379676283146
8941,0.21346331165972698
8945,0.5711084527595955
8951,0.7779932607494766
8952,0.45794927091780385
8956,0.8469862746377083
8957,0.35220318622314756
8960,0.3872675663524278
8961,0.24032395518115676
8965,0.8134537877639398
8966,0.055456124700956747
8967,0.8994211975791471
8968,0.5015821758719119
8969,0.2599894318937173
8970,0.9317063404211641
8971,0.7917289051377485
8972,0.20528634863798512
8977,0.850762387522352
8978,0.8531190688155305
8983,0.7282956652567885
8984,0.674422066518738
8985,0.733666163754178
8986,0.548246871921144
8990,0.17374209020966427
8991,0.9175825988760778
8995,0.7939543497092534
8997,0.8508869656006107
8998,0.4066611515468711
9003,0.2893959055187393
9004,0.8757479182850563
9005,0.46479159013211324
9006,0.6392460039944956
9007,0.8748762332999468
9008,0.6461824919296298
9009,0.5129031793660714
9010,0.3625244922448172
9011,0.8282024566811211
9012,0.8270727756879381
9013,0.8044896506289954
9014,0.7232717323795117
9015,0.20687559139861694
9016,0.804586638553067
9021,0.5229426319189804
9022,0.73382367555623
9023,0.29262119104567974
9026,0.7647791562244055
9027,0.6912778574632352
9028,0.48238875033775913
9032,0.26338324306791994
9035,0.6207634260123205
9038,0.9875248760230901
9040,0.6215049148571034
9042,0.03896818838238631
9043,0.7137315440196391
9044,0.3726329822103575
9046,0.178517899678063
9048,0.3558191229938023
9051,0.7886212765597017
9053,0.31828667878967015
9055,0.33152628433886655
9057,0.8982471745038525
9060,0.8170879946684203
9062,0.15393684895167817
9064,0.07254973186131819
9066,0.9367076503677603
9067,0.6184801985840823
9072,0.3107194869033422
9074,0.5552705344782254
9078,0.30239483643217113
9079,0.6522728205307037
9081,0.5669410045926566
9082,0.34738717253415863
9083,0.7000662389473878
9084,0.9105054353104889
9089,0.3367860844120671
9091,0.35595024263519015
9093,0.8062954528889406
9096,0.7116582936795346
9097,0.513841883429
9099,0.3438499634524654
9102,0.353760772425728
9103,0.36839559436496805
9105,0.4827417247263744
9109,0.9127766618228078
9110,0.666195139038644
9115,0.17269820250235324
9117,0.6503430775674014
9118,0.6157077821506112
9119,0.48173106491710294
9120,0.5717064551929004
9121,0.54108644763131
9122,0.8718991766510313
9129,0.6248197646711032
9130,0.891801221653224
9131,0.577654409735943
9132,0.7947085881926926
9134,0.24231159567928906
9135,0.7711438985581422
9137,0.34669589288969
9141,0.5308586115207892
9142,0.28417170769299727
9143,0.05042567528827888
9145,0.7341080821585072
9147,0.67425701009487
9148,0.6684255908817446
9149,0.7837216044904204
9152,0.8450703895004864
9155,0.34638588077682003
9157,0.9024970091888102
9158,0.5742751920911622
9160,0.9129327174225498
9161,0.6501638516403462
9164,0.5719988981336032
9165,0.5944885318999511
9167,0.5163024636486584
9168,0.2910502543830919
9170,0.21465492941229009
9171,0.7086473710517994
9172,0.09847400351002007
9173,0.39762481833716035
9176,0.4474270076470182
9178,0.3900639470116178
9182,0.26782574387631497
9183,0.7852257684661842
9184,0.7598145537662957
9186,0.6878932655183365
9188,0.7948083500227404
9191,0.7294508392787222
9193,0.5593640319939084
9196,0.5213861530802512
9198,0.5097304136978075
9200,0.5118432925549479
9201,0.8108306808073507
9202,0.9433625173154259
9206,0.3683253751359246
9212,0.6891731006211078
9215,0.5392555308175441
9219,0.9260867402001111
9220,0.45474693377251146
9222,0.6010450245007309
9223,0.1361027322692579
9224,0.822092212492457
9225,0.16117716061958667
9227,0.35775231798883356
9228,0.05240296032543922
9229,0.6480572725997769
9230,0.46779222560104733
9233,0.7857380636657828
9235,0.7971623769540148
9236,0.0963294640894399
9237,0.703437009153364
9239,0.18074654308003987
9242,0.559017584405603
9243,0.5936248633983593
9245,0.5125284194961601
9246,0.3139135940122329
9251,0.3656625593250038
9254,0.301476341586067
9256,0.8786715441268901
9259,0.13518731823192853
9262,0.7711817755914101
9266,0.6100749394925943
9267,0.609273532349289
9269,0.33947151095501327
9270,0.5066249085616974
9271,0.420308333417136
9275,0.0821077093152994
9276,0.608570548889117
9282,0.48484324377227045
9284,0.8462508798517664
9286,0.2941287674970365
9288,0.4553160097589183
9291,0.14085534978595152
9292,0.9467963685244816
9293,0.5927021043414037
9294,0.8706124835704955
9295,0.8546972152012126
9297,0.2926464783071979
9303,0.9468301026917311
9305,0.8560910026263998
9306,0.7913638215353622
9307,0.38863390466515385
9308,0.2058055036577101
9309,0.44742917844402513
9311,0.4648153623317437
9313,0.11702299602495729
9316,0.41891737093387893
9317,0.8990453870200309
9318,0.27774719461796266
9319,0.597003821613253
9321,0.6375726830429913
9322,0.7914620758888409
9326,0.5898513480035965
9328,0.23982225736675303
9330,0.4126056784652197
9331,0.3772364049308056
9332,0.5363201821573925
9333,0.5028450937041513
9334,0.9825596214954393
9335,0.7235054392747445
9337,0.46084455404879865
9340,0.08666946794884704
9341,0.28725121143382365
9345,0.19338439688480955
9346,0.7816017628083826
9350,0.8832318190789947
9351,0.9333676749990895
9353,0.9036350466967632
9354,0.2532766091543773
9355,0.22972250092192972
9356,0.7336649331490784
9362,0.5808306865163588
9363,0.27421288689707307
9365,0.3919845975910794
9367,0.6708844999260205
9369,0.1745566826192271
9370,0.5891481594429956
9374,0.49091877258874006
9375,0.20562282759579567
9377,0.45840466829812915
9380,0.5443007400611263
9382,0.25543423353672295
9383,0.6820216860307157
9386,0.7580486744372715
9390,0.6859914574392088
9393,0.4908888589989278
9394,0.3147229251115418
9396,0.29381112202048015
9397,0.4581845642636855
9398,0.6569355890676395
9399,0.5472893464129598
9400,0.5003346304386435
9401,0.5490689433756065
9404,0.47638696171130324
9406,0.6225864016412522
9407,0.5825241692128643
9408,0.45000004922125114
9412,0.8832277574323871
9416,0.3453439706309371
9419,0.5615320612034888
9420,0.6544544295342922
9421,0.5912742096582596
9423,0.49409872815145284
9424,0.4238380862403356
9425,0.892918336522633
9429,0.7878076441923665
9430,0.2745894708083111
9431,0.3652141180701238
9435,0.4168351189813956
9436,0.6698303148767437
9437,0.5828120489619891
9438,0.9408710785654282
9439,0.0949232789393025
9440,0.07598967827342445
9441,0.19746949534928818
9442,0.12491442547026309
9448,0.3914554810105686
9449,0.8471112399339217
9450,0.38332114447053334
9453,0.6926702543598092
9454,0.1624307902069185
9455,0.4994359385168553
9458,0.9154487764156883
9461,0.36478348354749573
9463,0.6133901459830606
9464,0.3453832641279014
9465,0.0490318202788201
9467,0.9240144482091084
9470,0.8128498697840199
9472,0.6473969276301604
9474,0.7155904673153518
9475,0.3603480784103193
9478,0.36952447434778035
9479,0.5144900318282167
9481,0.3455540539515927
9483,0.7492801194136843
9484,0.5858641443776961
9485,0.43810962076852455
9486,0.6496277589971244
9488,0.7863955490768584
9490,0.22467605947955804
9493,0.17767284791559676
9494,0.5599637823589678
9495,0.09395522070196662
9497,0.540766789392344
9498,0.47947280101498885
9499,0.47362854720497355
9501,0.8005237152509084
9506,0.25845930755033525
9508,0.8089306427300265
9509,0.6988098135578488
9512,8.15047029060439e-05
9513,0.3507060961210086
9514,0.5949534480857502
9518,0.4667546929263619
9521,0.3981775657237486
9522,0.631145738157267
9524,0.264534919157795
9525,0.46521852154218857
9526,0.24261761054925182
9527,0.3965122764324847
9529,0.26756936933146724
9530,0.6134035115843011
9531,0.3881940326268214
9532,0.7110315245140568
9534,0.48130035603575244
9536,0.6917172577838763
9538,0.6067283921622801
9539,0.5152572564577831
9541,0.0358158232258918
9546,0.7587200408797331
9547,0.05671229491785951
9551,0.05971993259219494
9552,0.19510620294806935
9556,0.7365609041269771
9558,0.8377698489457452
9562,0.26616504646064093
9565,0.4292186077463853
9569,0.3603727753279208
9570,0.6140880530575232
9571,0.39021325253541017
9572,0.5550879677740397
9573,0.6727349543490586
9574,0.8686529409547411
9577,0.8787344847083526
9578,0.4395823838117609
9579,0.9557150346522655
9580,0.8398823890120222
9581,0.504720538246617
9583,0.07092421642953636
9588,0.585289914635663
9589,0.6093663357289643
9591,0.4159151805209617
9595,0.6726664237679055
9596,0.4889200026796055
9599,0.8365744229008811
9600,0.8864396913603262
9602,0.7984188496199183
9604,0.07443097677714675
9606,0.7027042580778605
9611,0.5174995376750888
9612,0.21322990117008708
9614,0.8655347662496513
9616,0.819455431243053
9617,0.767655742412157
9619,0.3100903784957037
9620,0.4565312997743393
9621,0.6919200623616883
9622,0.3873120288875973
9624,0.48241239357143495
9626,0.5040811199024775
9627,0.26148705361460073
9628,0.40000362267715434
9629,0.8170535231172241
9631,0.11276073479647634
9634,0.7117386587359623
9635,0.2677812667243163
9636,0.9604182538817103
9638,0.6679233219305649
9639,0.592236774663759
9641,0.6985101097743892
9642,0.7468466236072188
9645,0.9176541943003071
9646,0.6081317811597461
9649,0.38339377944819303
9651,0.28134201833349215
9652,0.8732548642141129
9653,0.11027832751356796
9654,0.3508016315846341
9655,0.6703747759574435
9657,0.445171585803023
9658,0.27975886783684445
9661,0.9923840142235092
9662,0.10521596909134712
9670,0.5423508067249098
9673,0.9339738780421916
9674,0.2292785940477056
9675,0.07255275705051495
9677,0.7250215008569104
9679,0.5969986995202766
9682,0.5073380311685937
9683,0.5322636473506652
9687,0.08672136147035306
9690,0.37750860565614897
9692,0.9502501099765972
9693,0.3756085626740953
9696,0.49834971425391755
9697,0.46934620752303896
9699,0.7575014877117469
9702,0.9100771519476817
9705,0.3379879399104536
9706,0.2486439091244356
9708,0.19111404767961968
9709,0.6897525295872365
9713,0.28603800248544786
9714,0.22263300401077485
9715,0.1979602897916116
9719,0.17074072274807403
9721,0.2884499759421925
9722,0.41296303172980653
9723,0.8423234809965934
9724,0.1359598397221794
9725,0.30797353897463575
9727,0.9393894161699653
9728,0.9610859430593525
9729,0.8308117115614702
9730,0.8373704533609994
9732,0.8541214635446007
9733,0.33556752116094707
9736,0.5378982076584234
9738,0.5223832084386487
9739,0.8637539539719858
9741,0.863342494757951
9742,0.9507489072012351
9743,0.7372564546864954
9744,0.5225780035997711
9745,0.6369391058735178
9748,0.6120622196014764
9749,0.677368966205285
9750,0.24431361381602043
9751,0.6653389023228088
9752,0.33703069582450074
9754,0.4998810827747717
9755,0.36330609516382295
9758,0.8158818385615016
9761,0.5405555528778975
9763,0.41593069461355703
9767,0.7172744857071608
9769,0.49831141803586215
9771,0.64425539173495
9772,0.8091992520371667
9775,0.520542257064941
9776,0.8835799239768564
9778,0.6145552119135755
9781,0.34758713546541775
9783,0.38284672293961125
9787,0.5378665473780487
9789,0.648797109562204
9793,0.5466962713471021
9794,0.6028232731367067
9796,0.48690822918453613
9802,0.39575385958606407
9803,0.885524721564089
9806,0.4075241317285642
9811,0.48410960694101446
9818,0.6513428233388875
9820,0.33420252126704236
9822,0.5840993959253734
9824,0.9150161358004814
9828,0.6133961974611376
9829,0.6796745923262278
9830,0.6619528242302679
9831,0.8202705307534539
9832,0.29662352830821714
9834,0.2676452499310088
9836,0.39679812016045424
9838,0.7264821054981307
9841,0.758738786276679
9843,0.7199226201994361
9844,0.21569830405463736
9847,0.7709132293035437
9848,0.255382887834748
9851,0.7922585029518747
9855,0.6356240544425947
9856,0.7341675015869338
9857,0.1333449731061263
9858,0.850786652179766
9859,0.7263197540529223
9860,0.16842828498728318
9862,0.6200710038345691
9863,0.38059294378207564
9864,0.31475614185224965
9865,0.7734453948125971
9866,0.7057803740435042
9867,0.5668509065376229
9869,0.623329836919083
9871,0.8845602163815337
9872,0.4102558883357956
9874,0.6698912734521429
9876,0.1457865432035129
9877,0.46074524420101715
9878,0.3820114963083996
9879,0.7166552959131547
9880,0.2899733453293533
9882,0.11913962900857447
9883,0.592241907950176
9887,0.6271060265072741
9889,0.07246994281888523
9890,0.464268611817829
9891,0.29707675295158975
9893,0.3921379854945083
9894,0.6340945084885359
9896,0.5378691794829608
9899,0.11793006583302812
9900,0.5080570422567037
9901,0.5944148777285817
9903,0.4041352639766867
9906,0.9000522763828708
9912,0.45076074162688984
9913,0.7615820761947849
9914,0.8528910719244293
9919,0.6374118571389488
9920,0.7265466501339752
9925,0.3667760888585326
9927,0.8864979274111853
9928,0.36538347872491783
9930,0.7032489766898222
9933,0.7640235338395462
9935,0.11653188723057913
9936,0.45375802780931307
9938,0.48128232723296666
9941,0.7405019024445462
9942,0.4910571112217122
9944,0.8372447971470932
9945,0.4481039592579096
9947,0.463487831296679
9949,0.8998883065022991
9950,0.7481602083492044
9957,0.0743362135953451
9959,0.7721586764436884
9961,0.45477283003449165
9962,0.5217257743432929
9964,0.4754039845113387
9965,0.3893186388447664
9966,0.646713953546053
9969,0.7332409348013582
9971,0.8605087182087929
9976,0.44638714795056095
9978,0.4200696624741158
9981,0.5966347842747542
9982,0.4142006986498171
9988,0.44037463646402997
9989,0.48186135218479
9990,0.7859661076638426
9994,0.5969865615907263
9995,0.5527343973439204
9996,0.24172235430115538
9997,0.25446013006185686
10000,0.5778145230514883
10001,0.6747911921950862
10004,0.8222140100768855
10006,0.028035959567948545
10008,0.590102315127469
10010,0.07398996146425571
10012,0.3161461417466002
10013,0.820563171584561
10014,0.8206094575077473
10015,0.6684024625085937
10016,0.8076033518784729
10019,0.20580219533184985
10021,0.28948012538613077
10022,0.49622746213501556
10023,0.7865102819071794
10024,0.37298543621101377
10025,0.3004117231462976
10026,0.5851702156636142
10030,0.7942389627576917
10037,0.6855540471269956
10039,0.7456780791283408
10041,0.49720460319381504
10043,0.08654299210574294
10047,0.7716399367751288
10049,0.3354055020777332
10051,0.31241715085179267
10052,0.40981638690342126
10053,0.1276528797117852
10056,0.43743121254772244
10057,0.9622582641135138
10058,0.2108776144864973
10063,0.9244187120018845
10065,0.37191783326042727
10066,0.5104249885301424
10067,0.8274126171315072
10069,0.32926006593697976
10073,0.21814330966558454
10076,0.46083322980790403
10082,0.825784688533405
10085,0.5441173164530276
10086,0.7858100741291677
10088,0.3884820199197268
10090,0.7358590529718273
10091,0.5758669365249104
10095,0.8056629233101776
10102,0.7072166225192541
10103,0.04573157584141232
10104,0.3261067700268935
10105,0.2620635847775879
10106,0.3485596711662536
10113,0.1268664455608522
10115,0.4809909165633009
10116,0.4693557678829352
10117,0.409102134663027
10118,0.5864486895604352
10119,0.6357382379296762
10121,0.5274355731050028
10123,0.9007937323411411
10125,0.1769089401368241
10127,0.2477093045603241
10129,0.162410295894595
10130,0.8147426278225554
10131,0.5557811920289255
10133,0.9634865674258872
10136,0.5067273452237199
10137,0.8969604174075164
10138,0.5739325268405161
10139,0.6282076346884876
10140,0.8450519370154026
10144,0.21107754469879714
10145,0.8974712652249753
10146,0.18428776656602422
10147,0.40007157324640386
10150,0.26329113050233266
10151,0.8315753408614024
10154,0.7650104600676018
10155,0.31378336820202013
10159,0.9486364945742483
10161,0.8905471873350985
10164,0.7909880619357433
10165,0.3473673427105372
10166,0.17801180342647882
10167,0.8330557348691277
10170,0.6459750405704922
10171,0.7614535976445799
10174,0.3300127352295038
10176,0.5118324594464886
10178,0.1305559247327207
10179,0.43264835484833614
10184,0.3591505799104486
10185,0.8547824311262058
10187,0.8380273241377653
10188,0.6663475093716242
10189,0.5251889817780264
10190,0.6735563307182723
10191,0.3049345974557782
10192,0.22883712674774723
10196,0.6303387418607765
10197,0.19100542749739866
10198,0.6275928182551127
10199,0.445538142716499
10202,0.3943887971847959
10204,0.6978759231372978
10205,0.37271067734032626
10208,0.24598169907067685
10209,0.6523368068935583
10210,0.36962481859059015
10214,0.6344675515091571
10215,0.4743841676185263
10217,0.7196784159399757
10219,0.7731194782160862
10221,0.5639167192533492
10222,0.5990933722415565
10223,0.8743003302570638
10224,0.10165108804090242
10225,0.7322146825891507
10226,0.8240862045060162
10232,0.46084285658661334
10233,0.493235211088202
10234,0.7586144355074791
10235,0.8484601506955012
10236,0.4179413503238233
10237,0.2763841412483619
10238,0.7807906564252094
10241,0.8837309114954515
10242,0.18044771981448746
10244,0.6768775334236921
10246,0.7697278864489924
10247,0.557978422080814
10249,0.4253195071932951
10250,0.3773205108542274
10255,0.3477220706967741
10257,0.8476536306727311
10260,0.518822864709862
10261,0.7803145409147458
10262,0.8612951342687325
10263,0.7681285608802083
10264,0.6085338894091815
10266,0.25137424472622005
10268,0.30854926876396715
10269,0.25880818450546816
10270,0.6117968931853177
10271,0.291416891240096
10273,0.3129703200512766
10274,0.5340440831430652
10276,0.6362865011834709
10277,0.44524428256703935
10280,0.15242104176211863
10281,0.5303563414984405
10283,0.9287945717724841
10284,0.1121088777360854
10285,0.3369164744006027
10286,0.6230338588855682
10287,0.8206230110020094
10293,0.5220137586846626
10298,0.6194792579670747
10303,0.7693179534189684
10306,0.3956801783627432
10307,0.5523705932071834
10308,0.8125759351579215
10311,0.12392956208343633
10312,0.4271372141799973
10313,0.7556059160588916
10316,0.6665428187336142
10318,0.43240603438455605
10319,0.28202719641206186
10321,0.3911398178468526
10323,0.5679263004259181
10324,0.3952846366465409
10330,0.9698011111952094
10334,0.3297619721257783
10335,0.7093986010846983
10339,0.8636274727550594
10341,0.5741517231805546
10342,0.5704533358053259
10346,0.31984045749780293
10347,0.7609339697544999
10355,0.271974000332421
10359,0.09551961487522292
10362,0.40999226734803734
10365,0.2593027459987205
10367,0.508654290416667
10374,0.5061889235516381
10379,0.14331646251670538
10381,0.2710247290881173
10382,0.47229359058719733
10383,0.7174782123483723
10384,0.7024866203481991
10388,0.3879233329262359
10389,0.9125208990426885
10390,0.545298600974015
10391,0.7604379440032192
10394,0.44431802653026453
10396,0.35992169892472753
10397,0.5567938876046215
10398,0.6159995897174441
10400,0.7456371507509781
10402,0.39578958413832227
10404,0.37860553193387214
10405,0.3945243124826597
10406,0.5560302990458239
10407,0.7469474525679258
10410,0.9862717773745024
10411,0.4927382721560449
10412,0.3486252053954173
10423,0.27904264456470906
10426,0.34578236407172713
10427,0.5925866742860745
10429,0.407374522089024
10430,0.4881586519104772
10431,0.7970501718043774
10432,0.4887523166517922
10438,0.15946176955499003
10439,0.5611502717279735
10440,0.7069611899718369
10441,0.4166459864548488
10442,0.4855158125376116
10445,0.6973950132300114
10448,0.8753341065066005
10449,0.06850478108154302
10451,0.2866237267236125
10452,0.49908548392957713
10454,0.7729690858731854
10455,0.2238546865891997
10456,0.5052315431264394
10458,0.5850434814837245
10462,0.8070812480781782
10464,0.30557384359473144
10465,0.27323792734952357
10467,0.23636935083858737
10468,0.14889079993330853
10469,0.7780417816733233
10470,0.8076625498964548
10473,0.9046435656254019
10477,0.49971660183322897
10478,0.6119561600959302
10479,0.7149341170621972
10480,0.526857896477519
10481,0.9069455630554016
10483,0.5904097948251893
10484,0.7147231756861203
10485,0.13557926165402473
10486,0.8904310924156396
10487,0.800159346571924
10490,0.7100021122340819
10494,0.14078958854643106
10495,0.5439595287536431
10496,0.39476602197217064
10497,0.7070870663896853
10500,0.14207093165087786
10509,0.8722917399867696
10511,0.555286503693758
10514,0.7376805975321963
10518,0.4651491646378137
10520,0.5477244432886783
10521,0.5941644505858604
10522,0.6743246553112049
10523,0.3792754533365866
10524,0.8658478238465899
10526,0.7696050980010498
10527,0.801503844291409
10530,0.7135534571687957
10532,0.6229437132488068
10533,0.9736521971666151
10534,0.7301332632786178
10536,0.7744991552679495
10537,0.3239794268352334
10539,0.8470903119811601
10542,0.35192055876116257
10545,0.35453876967880105
10550,0.8551595689783961
10552,0.5923984984258254
10554,0.06769728826315023
10556,0.39557543916499555
10557,0.19229099774228392
10559,0.7748142232849929
10564,0.16943029211637337
10565,0.3530654566928164
10566,0.49122509215539517
10567,0.6876939003208496
10569,0.8475220876381646
10573,0.6164548613365154
10574,0.6422572244397113
10580,0.9011509916947136
10582,0.4489705641141981
10585,0.6362483973418034
10587,0.7376344714975663
10590,0.6035219936353746
10591,0.6447656099842132
10593,0.538874688687344
10596,0.32165518197590226
10599,0.6568322926269958
10600,0.48311106796998854
10601,0.5232995646949854
10603,0.2731118875818131
10606,0.5456253532193712
10607,0.3285053208907733
10610,0.7538466053562206
10611,0.8938236026335764
10613,0.6514405963787441
10615,0.6522022226908681
10620,0.35184685030363716
10622,0.3053980535441093
10623,0.37265550152841315
10624,0.37151146936594726
10625,0.3105583868270576
10626,0.8193474765329268
10627,0.5298091774485734
10628,0.6598890698465643
10634,0.18889453894391925
10635,0.5716477036392029
10636,0.7403383068477788
10637,0.3815664109986788
10640,0.3111503285697462
10643,0.5420138434042041
10644,0.31270670025389957
10645,0.2267742101247604
10646,0.48147158414419367
10649,0.14392512032378948
10651,0.648059814758357
10653,0.4197528380445926
10654,0.7689013059659249
10656,0.5725722056097966
10659,0.5581125289237538
10660,0.4236053798143726
10661,0.8281934841213471
10667,0.7511927466833617
10668,0.36125257210246253
10669,0.9239321777542204
10670,0.8180569373457266
10671,0.364655634970143
10672,0.36570279626783414
10673,0.22915883269237322
10674,0.6534455868428768
10676,0.8074198750324043
10680,0.6247603375002856
10681,0.37054365758700153
10686,0.7453242531313254
10688,0.8547189128687614
10690,0.1886181835199775
10692,0.2642307669587655
10695,0.4909239010749966
10698,0.9357874610703448
10700,0.6417763330971678
10704,0.20300300063088916
10705,0.5840835695074851
10706,0.22467034962893914
10710,0.4567768167924448
10713,0.5157928646209043
10716,0.9037622500635875
10717,0.8534389575900384
10724,0.0768811068606838
10725,0.3948033270505075
10726,0.35248067364806585
10730,0.27886248781320383
10732,0.8696055568168928
10733,0.5771158102625439
10734,0.6619696948414718
10735,0.9113652170780869
10738,0.8647955002548665
10739,0.41377615301842396
10741,0.6003763638246691
10744,0.40045850657300136
10745,0.30395317287050566
10748,0.3374749897951015
10750,0.16692668126530025
10751,0.7588410599204625
10753,0.09067969109368879
10754,0.24612547374478733
10755,0.2708542477156706
10756,0.7589216364534004
10757,0.5453489203616138
10760,0.2035019898349679
10761,0.4661671660020173
10764,0.5719405370682419
10765,0.7734085960414822
10768,0.4099107494021753
10771,0.7159229250842042
10772,0.5044908048893266
10776,0.11901663017255626
10779,0.0734880682198652
10780,0.17571812747225699
10781,0.3399812049438736
10783,0.7592153526258938
10784,0.5227333376234772
10789,0.20428104883503387
10790,0.5744834717329217
10791,0.7742168242524863
10793,0.6246137106626735
10794,0.4952607754721301
10799,0.7274818064089729
10802,0.319350108077557
10805,0.918155410070728
10806,0.3177678362421281
10807,0.9633980350526661
10808,0.7342315926570959
10813,0.4951112390143066
10815,0.7060233276451596
10816,0.9082259085977451
10819,0.7141428305972787
10821,0.5422038190426309
10822,0.15633941396583753
10823,0.141825097906017
10827,0.5443098043706891
10831,0.37992957981073605
10832,0.4919071547469943
10834,0.21797535312525815
10835,0.4495988919991851
10836,0.37420492205057687
10839,0.8775247924703402
10840,0.8518441384543343
10842,0.13644945738167222
10843,0.6224292502002573
10845,0.8267328326163379
10846,0.791726256804022
10847,0.5705686405122488
10848,0.8021349316235511
10849,0.37208019620521227
10852,0.37202766157972816
10854,0.1023375415017198
10855,0.01241952164152662
10856,0.3396773710863421
10858,0.5348625395771974
10861,0.29967550758115974
10863,0.492565655213874
10864,0.5950198346539474
10865,0.21588293017076102
10868,0.7219792450730459
10871,0.35435272708249516
10873,0.4397237318609506
10875,0.4147748464806911
10878,0.8137841016753129
10880,0.8017071821732192
10881,0.48729758193004263
10882,0.8365726158213574
10883,0.6130943775300968
10884,0.6696729626553017
10885,0.620733123982135
10886,0.2697990988176481
10890,0.6535357618271627
10893,0.39173447883529566
10897,0.45516940140779616
10898,0.178410065408352
10900,0.7567923539893728
10904,0.2651638043236573
10905,0.19037933975851093
10908,0.6758135649107287
10909,0.13146566185999595
10910,0.7322932387202781
10911,0.10233238524281081
10912,0.6208233537391177
10913,0.5614685431704479
10915,0.34170364519446306
10917,0.36930093562393573
10918,0.5277020428706312
10919,0.30241591055401634
10927,0.45316868134089605
10932,0.6049883050795098
10933,0.24097348457830983
10934,0.4329393389571827
10937,0.7327355899658119
10939,0.37384014155822565
10941,0.8626183562454021
10943,0.32494425066722377
10944,0.5165292410669855
10945,0.24271519019102106
10946,0.7388802819354198
10947,0.9220210355226347
10948,0.2442330217465642
10952,0.7259459956513836
10953,0.4394398166123078
10954,0.7802392682132087
10955,0.43484947560627923
10957,0.24411108726136435
10958,0.547385704148334
10959,0.5262560658833214
10961,0.41543725799182435
10962,0.7897053617798099
10963,0.8471496056063132
10965,0.32119591906524336
10966,0.7164610196881094
10967,0.24485383067711905
10969,0.5427695077322572
10970,0.38177521236689743
10971,0.31244090847841066
10978,0.5920710206696307
10979,0.42578953306270007
10982,0.3701263772314669
10985,0.24138213207440995
10986,0.5103092467654738
10987,0.13609331985967293
10988,0.18852860499066199
10989,0.4931617799252819
10990,0.7633799196052053
10994,0.8434770024102013
10997,0.8255537926905044
10999,0.47213232601076327
11002,0.7806618869447925
11004,0.3890739262283564
11005,0.6666469349399157
11006,0.4153553663775125
11007,0.6172096527773362
11008,0.2254024954737042
11011,0.936806665245439
11012,0.09532231141319605
11014,0.6604043621623288
11015,0.5957795044919643
11017,0.7728164670603671
11018,0.33193030993691536
11020,0.44027032558056595
11024,0.9582011294402134
11028,0.6585989037505526
11029,0.5848352712654601
11030,0.30176187814169003
11032,0.39539839198859766
11033,0.8283837184038344
11034,0.5883158296413552
11036,0.23498750867754864
11037,0.5486725437438328
11038,0.4386324321031832
11039,0.7271173397379117
11041,0.7975964508977537
11043,0.8332454079833755
11048,0.18340311619964947
11050,0.45600232291907405
11052,0.4031825868825083
11053,0.7405164428438901
11054,0.8253866643131028
11055,0.8909448331949804
11058,0.4941443668008207
11059,0.21134676719991224
11060,0.8128739450323564
11061,0.768850975689182
11063,0.4708561104148295
11067,0.5362972722423862
11068,0.5343113082766501
11069,0.24766316043204836
11070,0.8816318119717574
11078,0.2790636066934758
11079,0.15294031027708585
11080,0.10128909394366414
11081,0.5753229295781851
11082,0.8122418282779167
11083,0.5412761274030093
11085,0.23252257314254735
11086,0.1837487188552767
11087,0.7948041325326032
11088,0.14604554781087759
11090,0.43755351651359065
11092,0.3620795598401891
11093,0.8470690616899906
11094,0.6590870186904381
11095,0.06465660733235462
11096,0.357466969382925
11101,0.18888018108367333
11102,0.40159622769737974
11104,0.7074226518973522
11107,0.41238141264780726
11108,0.2873557399929718
11109,0.3579174011601631
11110,0.6597770441842812
11111,0.7016645336867254
11115,0.41507654691116797
11117,0.96637086017411
11118,0.30545203633238643
11122,0.6868386686515395
11129,0.722237309191609
11130,0.12888788874403945
11131,0.5157482533041219
11132,0.2418253876504672
11133,0.6954194092526489
11134,0.5884059148511004
11135,0.3204674543182506
11136,0.40247554096707355
11137,0.7813676570124013
11143,0.8572738884164655
11144,0.5071187567546424
11147,0.6792897283011398
11148,0.8853984181801271
11149,0.10825301451507396
11150,0.2946497032987659
11151,0.808767607292095
11154,0.5461561723375538
11155,0.20762283868462703
11160,0.5626427545748515
11162,0.4095703164772845
11163,0.6791770700902401
11166,0.14907191891165664
11167,0.5951048572411858
11168,0.2595520480338535
11170,0.9131413243127134
11172,0.7476445099353844
11174,0.29068251282696517
11175,0.8010999770914606
11176,0.41281997107362195
11177,0.9835617822651579
11178,0.2971605545639269
11179,0.3593295311073646
11181,0.453990362035137
11182,0.7937350102643744
11184,0.6976360833360982
11185,0.808788985949957
11187,0.793444268564007
11188,0.8508809097072886
11190,0.43779362239086045
11191,0.6476256109101919
11193,0.19877593763365614
11194,0.45830273129478294
11195,0.15817795062325907
11197,0.3642727743477795
11199,0.5162088446338446
11200,0.20113485328693612
11201,0.493908904397749
11204,0.5831811553992897
11205,0.6047688714570311
11209,0.6822029454217398
11210,0.8243026935197876
11212,0.27252421063641163
11213,0.6935071176089932
11214,0.7369530560837004
11215,0.5178793537825017
11216,0.6125818655904407
11225,0.30404592575310846
11229,0.6959212474578012
11230,0.4373712339498431
11232,0.333528574688924
11233,0.13532572824174094
11234,0.5062249068908753
11240,0.9015504590316954
11241,0.8747854754911416
11243,0.2643003300012206
11245,0.647192785012992
11247,0.6329611707588644
11248,0.6535332749636719
11249,0.32603479858932055
11251,0.400600881814185
11253,0.3125910547275418
11254,0.2480404706846167
11255,0.40209410127569395
11257,0.05513530875996542
11258,0.6513248317191387
11261,0.1472641379555267
11262,0.7581618542241696
11263,0.7615216056979887
11266,0.3521963372031909
11267,0.620575053931621
11268,0.498062196445975
11269,0.356889795296555
11270,0.42682021067635806
11271,0.8631832165206107
11274,0.14465814076331496
11275,0.6955831618314595
11276,0.08610986917192984
11278,0.8654319455195512
11279,0.7956525852226691
11280,0.46894382107730004
11281,0.18936425939507975
11283,0.551318305918918
11284,0.8715233931541014
11288,0.176187702782092
11291,0.460798553353353
11292,0.5246012129536666
11294,0.30560728667602977
11297,0.6989643675648592
11299,0.43337080694636365
11302,0.08604073822836737
11307,0.6428291707688034
11308,0.6577866771423406
11309,0.13582152201421055
11312,0.8287909280461218
11315,0.40663568871475025
11316,0.3173079487561458
11319,0.3160198311092838
11320,0.5157361653611973
11321,0.33308840408328705
11323,0.5274729167759257
11324,0.5380910839625161
11328,0.36997242455836
11330,0.457194404332655
11331,0.483244350003302
11332,0.8073088546053514
11333,0.1418702846900303
11335,0.3014991415815785
11337,0.7798000690580781
11338,0.6430694989584349
11339,0.5420139498174005
11341,0.23414684650598258
11342,0.6857304225397732
11343,0.26872803699683223
11346,0.6259756074955132
11347,0.431170719024419
11352,0.7920338287305791
11354,0.6562913060637339
11356,0.1360382498996147
11358,0.6321991608706912
11362,0.19453878951478726
11363,0.0784484538386058
11366,0.6400040492250643
11369,0.6793901777013397
11374,0.16958160763262697
11379,0.3771506093027526
11380,0.9486547472549796
11385,0.7534952556640355
11386,0.3747870306530019
11390,0.5206651341108814
11391,0.6918181162281352
11395,0.9022956190669467
11397,0.16467489079275194
11398,0.16632550462868587
11399,0.6064056625001201
11402,0.5689720220753216
11403,0.6205123814691099
11404,0.8682736215645724
11409,0.8233203366486411
11410,0.47828317709404045
11413,0.5955374839441078
11417,0.8518085134854623
11419,0.5827025640918734
11423,0.31470611033980334
11424,0.6039519031320876
11427,0.43897102272966193
11430,0.32095152606378236
11431,0.7834801417531878
11433,0.6315305109981575
11436,0.16942453980817473
11437,0.8882808028743109
11440,0.44015208249441024
11441,0.47873344920826877
11442,0.7313169306411179
11443,0.9059753548943709
11444,0.7671999012845456
11446,0.7599323997216503
11449,0.23250704967290073
11450,0.9496749006751929
11452,0.5553262193198979
11456,0.6036190208414907
11458,0.1949965374692269
11459,0.6777068858686387
11460,0.624990022726343
11462,0.5773459496045624
11463,0.6131953487149647
11464,0.5481466976999316
11468,0.7260530186598277
11470,0.45965987923631874
11473,0.7251710455220097
11474,0.16812303235161258
11475,0.15892914631490462
11477,0.8456634446845239
11478,0.332428833011692
11479,0.586063424937719
11485,0.9628472001378228
11487,0.4579191165537071
11488,0.4029758902204979
11490,0.22332937238608533
11493,0.6494498682066241
11495,0.3124985418417498
11498,0.9908332932801976
11500,0.26756258181845066
11506,0.1438925789026456
11512,0.3794223361574189
11514,0.6765266646366503
11516,0.8934304452970256
11517,0.74015319752535
11518,0.322637290375143
11519,0.4369374026441823
11520,0.6449996766777676
11521,0.8164931606221061
11522,0.6743938392068571
11523,0.39705623798213563
11528,0.6987688236085513
11529,0.26664290728713036
11530,0.13356844540331994
11532,0.7835193745745895
11537,0.45050932193300774
11538,0.5878552451271635
11540,0.4897202210213785
11541,0.5036877897454367
11546,0.34628571455214624
11547,0.5204079893510241
11548,0.32382714539144786
11552,0.14824830021117427
11553,0.2990636523484118
11556,0.2461500561930653
11558,0.5577702013734174
11566,0.8729573970128929
11567,0.1658132983642605
11568,0.46111533034644486
11569,0.2638498463054599
11571,0.5840363248333732
11573,0.6857793760519683
11575,0.8695828151317364
11576,0.5643596938810234
11579,0.896609051247365
11582,0.3545172175174792
11583,0.18651183771065863
11584,0.5120966039417149
11585,0.6185687043806507
11586,0.4465356457006682
11587,0.6810765816628176
11590,0.41732085258482987
11597,0.9172241332798378
11599,0.7302176359657878
11601,0.32978259621524947
11602,0.40635900658211704
11604,0.10478739106895214
11605,0.09051157973611598
11606,0.4826341959363043
11607,0.829949146354282
11610,0.11728319456765479
11611,0.2952059158231672
11612,0.37744695477823303
11613,0.2195539757262503
11614,0.5585735461904572
11616,0.846234712953343
11617,0.5574693437880888
11618,0.314017904884161
11620,0.1473958341224459
11622,0.7893863797710983
11623,0.5577021181422065
11624,0.4408549886978751
11625,0.2518007491792133
11628,0.7728582538569886
11630,0.1427265678530952
11632,0.7969048291243573
11635,0.43997177395901
11636,0.7101949361560651
11637,0.5043165033754774
11638,0.6902720920091211
11642,0.8354581369595562
11643,0.3621754241080945
11644,0.19040828366581683
11645,0.5441304054979583
11646,0.6309137903254268
11647,0.8421019905441949
11651,0.27031087325105263
11652,0.3261519160445763
11654,0.48150618863666017
11655,0.528754050546084
11656,0.40197204564124595
11658,0.21816246973910547
11659,0.9341755299780928
11662,0.45455860688951494
11665,0.6711117035968347
11666,0.31003466689567627
11669,0.2869623499667146
11672,0.47742810142812137
11673,0.8729293691633433
11674,0.6278163140229749
11680,0.2741994026710418
11681,0.3608185628070935
11682,0.19667189299553184
11686,0.5451610962450297
11687,0.9429213761522458
11690,0.7691533259297909
11692,0.5852526847011732
11693,0.3633335209023834
11696,0.7112883390903212
11697,0.1812346655301715
11700,0.48733960806515275
11701,0.45216681118438035
11704,0.3560277313580948
11706,0.8304920890585387
11714,0.5587975511026708
11717,0.12093763330988397
11720,0.36721386521396604
11730,0.21565686955613686
11732,0.6165071571362155
11733,0.6417108735365401
11734,0.3598864330948522
11735,0.5006605699941589
11738,0.6561115192702601
11739,0.8205607553429572
11740,0.8511349393437719
11741,0.5355072352944783
11742,0.8935670739769053
11747,0.33073237179148385
11748,0.4809837253206137
11750,0.21711961849161573
11752,0.6684357820579273
11754,0.9120669374362337
11756,0.5469400625208737
11759,0.4483498011228126
11762,0.5267778547848674
11763,0.7252918717981455
11764,0.3492293488248095
11766,0.5451257808400404
11770,0.8629158319261847
11771,0.2924577901075954
11772,0.8045126788444946
11773,0.4438572128097079
11774,0.981401015008314
11777,0.7047426880824089
11780,0.14336153101666207
11782,0.3198717486571655
11783,0.5188548968343635
11785,0.8937244311523064
11787,0.05839620340111975
11794,0.5351164037734647
11798,0.9127178236117263
11799,0.8618903528453657
11800,0.6838857557528825
11801,0.7557865033796677
11803,0.1511072854054022
11804,0.669378717980835
11805,0.503829162082264
11807,0.6166286125104423
11808,0.568132743770475
11811,0.5007950909383381
11812,0.12744869745650944
11813,0.7052594169322858
11814,0.23096683168439847
11815,0.6149358311381287
11817,0.06737711562436065
11818,0.550675565908214
11819,0.4958859476286671
11820,0.17685004887666336
11821,0.31404519269964487
11822,0.3563278069667214
11824,0.5288825740906412
11826,0.862669345504036
11828,0.42577417208976737
11829,0.20298204358018307
11830,0.24707581920645996
11831,0.7278596123037868
11832,0.23706794042427373
11833,0.5915445229708607
11834,0.7359138234834679
11839,0.25162251984132894
11842,0.632166417966427
11848,0.5920057390499731
11850,0.6749593972658784
11852,0.14824307292010092
11856,0.40828777453438336
11857,0.9131817272065719
11858,0.8114360659717431
11859,0.24618820897158833
11860,0.5201954894350435
11868,0.6783895814266384
11869,0.78685189618478
11870,0.8335619578857747
11873,0.10042379017013146
11876,0.24134979965607012
11881,0.6722748512739023
11884,0.9729103120527475
11886,0.7843454374825956
11888,0.524352413606343
11889,0.41655803959902826
11891,0.877900330849905
11892,0.32107603140921637
11894,0.5718392938241278
11896,0.22521862619068792
11900,0.3775098539684578
11902,0.1550954949703544
11903,0.8909664357645593
11904,0.9000899400796186
11910,0.6918191425850572
11911,0.8083592893084781
11913,0.8582918495860167
11915,0.6483411127223454
11917,0.8462540146660091
11918,0.5383664373783601
11919,0.49211452824857244
11920,0.9110855348539535
11924,0.4064044163568546
11926,0.40695534297237784
11927,0.7514156536676447
11929,0.7027712859036683
11930,0.1972221860806803
11936,0.25483060823805986
11938,0.5616020472895531
11940,0.7252521670158137
11943,0.0330376387511833
11944,0.9466489365676689
11948,0.4759880847187643
11951,0.3810574565309056
11953,0.4245392550539431
11955,0.3411661319997164
11956,0.14299391290870694
11957,0.8960646072582928
11958,0.7069220659284322
11959,0.7541772611411546
11960,0.16639545957348253
11962,0.815779754197648
11963,0.6039944550563268
11965,0.07609276242138827
11966,0.2809090213328864
11967,0.4623715514623336
11969,0.41315345763548833
11972,0.7524666979793166
11975,0.1869363493864129
11976,0.9794272779097648
11979,0.6806959218598015
11980,0.10264449624864447
11981,0.77086637421845
11982,0.26003464605664883
11983,0.823846471801596
11986,0.4725526746054611
11987,0.7534796447902888
11988,0.700372190100608
11989,0.27899568178516954
11990,0.028112022486609364
11992,0.2444943501710317
11995,0.6225367908597311
11996,0.40597320221771627
11999,0.8337487887356044
12000,0.184046798750929
12001,0.7009103645828242
12003,0.2640906322596974
12005,0.8263088407028929
12007,0.6277892865757096
12010,0.14309295752555837
12012,0.5738817334579968
12013,0.38511631862605
12014,0.4675593684459936
12015,0.7396361098851553
12017,0.8397860283316034
12018,0.6877178846353809
12021,0.1844597320893721
12022,0.5828649086955815
12023,0.46063373268254365
12024,0.3433294812377467
12029,0.7611311121927893
12031,0.384093602204177
12032,0.20110698077109965
12033,0.9262182936583653
12034,0.40966598285455263
12035,0.018347511360958368
12038,0.5470418557769303
12039,0.8633336891122156
12040,0.41774704178169364
12041,0.4310727789466463
12043,0.3776774149056238
12046,0.5631214448384325
12050,0.6599127664149647
12051,0.6472214924520159
12052,0.12667548888370683
12053,0.37790270153772587
12055,0.47341238862860524
12056,0.8370468155071503
12057,0.28973654978639
12058,0.4900416176109475
12060,0.5035358402981797
12061,0.8741283716190139
12063,0.8707705612494084
12066,0.7487200219727694
12067,0.3998435002545226
12072,0.12146138692307948
12073,0.08050361829509435
12076,0.7210088151803056
12077,0.6583990687715521
12078,0.5660917529002018
12080,0.3271265813610794
12082,0.917154771351194
12083,0.7598620175384172
12086,0.1772676788606242
12090,0.4766193727134663
12094,0.634367703274174
12095,0.23037651998686806
12096,0.8709437461316989
12099,0.9207328940668135
12100,0.16040462540065262
12102,0.6047542659791423
12103,0.8065168905363113
12104,0.7173278207463057
12105,0.08887332095860828
12106,0.609246021565166
12107,0.6659435051706138
12109,0.15680839494136228
12110,0.5048401031467449
12111,0.3808105896409158
12114,0.9617429187543601
12119,0.7561814818998635
12120,0.7885435981084038
12121,0.3437049242876331
12122,0.46715779463991347
12123,0.3867337364255793
12125,0.7611821369785922
12126,0.10686782115375953
12127,0.24585364546130262
12130,0.54787565810024
12133,0.8487305926734245
12134,0.7732298081610672
12135,0.4998353623243142
12138,0.645266122120279
12140,0.4326638114581237
12143,0.368732146602986
12144,0.7898780841043614
12146,0.4096966359038578
12147,0.7761957163751444
12148,0.5005429766357802
12152,0.39405718696108416
12153,0.8962599666943067
12161,0.7702901694975249
12162,0.35769778545985526
12163,0.2589184865091614
12166,0.15671431375678693
12168,0.8889875967092083
12169,0.6890016095503724
12170,0.6961782498923965
12177,0.20608122174350335
12178,0.8926679854082543
12179,0.8248537074683895
12182,0.830860785591704
12186,0.7912655112855395
12188,0.8007008423542458
12190,0.18164670456978443
12192,0.38850417319264696
12195,0.9206259489735501
12196,0.8049877412664055
12197,0.5195742202012782
12198,0.28940298091243005
12199,0.5011329392149508
12202,0.4455502712117211
12203,0.8304655950252613
12204,0.10287989509384392
12207,0.6756958431331102
12209,0.3693405545637344
12212,0.47531419160901933
12215,0.4349530206299343
12216,0.1534787906355271
12217,0.7133161928473503
12218,0.5776593217001741
12219,0.20877575546013089
12220,0.4296775552972756
12222,0.8302840624581889
12224,0.6727256227472785
12227,0.11621457223572479
12229,0.31322691892719856
12230,0.33947204455690316
12232,0.29707272907486604
12234,0.26630363272440394
12238,0.6909403938649117
12239,0.8632765204672601
12240,0.15277029308789639
12241,0.3342446091502906
12242,0.5385944453953948
12244,0.12076603226942498
12245,0.6019519849886003
12246,0.7815928581343263
12247,0.647696996460425
12252,0.659517838942163
12256,0.8701992754433329
12259,0.8722740233090611
12260,0.4876398782212984
12263,0.5100864383243688
12264,0.15223426909740664
12265,0.6341494849809842
12268,0.0895894881057202
12271,0.7179084421103723
12277,0.2034178625498747
12278,0.0394263437715758
12279,0.5018085947917431
12280,0.18379736622977005
12281,0.492994571636572
12285,0.11324884380950064
12289,0.8168551381783297
12291,0.6552960152114337
12296,0.3090304964897675
12297,0.9023176447387491
12298,0.6504106301456096
12299,0.06108648748747679
12301,0.23114385360818204
12302,0.479740867633741
12303,0.28949573555609187
12304,0.4202091956152199
12305,0.3238735691896986
12309,0.6945960823725466
12310,0.4491113196829968
12312,0.8381548590983042
12313,0.5973245203952182
12315,0.38419143947477236
12318,0.589369757516519
12319,0.2956697357857273
12321,0.4702900950946762
12325,0.3710685265982331
12327,0.821911194900972
12330,0.9793951005120878
12335,0.5464019516071541
12337,0.707161034445294
12339,0.4485137272083257
12344,0.4811876146516964
12346,0.4479141589806249
12347,0.5131140579972324
12351,0.4228365853915647
12352,0.14013835213815196
12355,0.38372176013961395
12358,0.3793268500532187
12360,0.2266415657174666
12363,0.09963222560115913
12368,0.6338202380330351
12370,0.35821413380101413
12372,0.023865024250095807
12373,0.37553120180470756
12374,0.4506345218567127
12377,0.8835464326335305
12381,0.7786326018568287
12385,0.11756137554929995
12387,0.5947171145411109
12388,0.8105340148329029
12394,0.5335592780783439
12396,0.9381536137245867
12397,0.43329950929586786
12399,0.14991615897287242
12400,0.4655078197102117
12401,0.7541433357618113
12403,0.1500328619406369
12406,0.751797571279603
12407,0.9115147046575047
12408,0.44520539320712343
12409,0.13517056842153463
12410,0.3985977955332014
12412,0.4733140945368679
12414,0.6706116373204006
12422,0.5121732718651997
12425,0.6203641043516188
12426,0.3109734943313869
12427,0.7438842450937951
12428,0.22547287540905153
12430,0.3324818367064412
12431,0.6007332915601015
12432,0.5248477236684844
12434,0.7601208983176068
12435,0.9567203098334988
12443,0.239675411324054
12446,0.8661515834773483
12448,0.22745944734162388
12449,0.5429282726661803
12453,0.2862925875424184
12455,0.30465110602954676
12457,0.6670103953340226
12459,0.647016859546294
12460,0.6076606963246555
12462,0.6887565988615922
12466,0.3587001685288678
12468,0.36147024097637986
12471,0.4178484603163515
12472,0.2822304012522003
12477,0.7940984830655844
12480,0.5762119694288572
12484,0.45882580410732315
12487,0.5544379259104194
12488,0.3739969044565026
12489,0.27059767614025787
12490,0.19624620711754934
12491,0.7828725296034221
12493,0.9371840310411729
12494,0.593530764907719
12495,0.4297041514139883
12496,0.3099697797556985
12497,0.4342948144166095
12498,0.5497346649443074
12499,0.734072504648747
12503,0.8164346475079457
12506,0.47780803027012125
12507,0.08200734490619567
12509,0.7362849486038628
12511,0.6378479853335146
12514,0.8965400566800524
12516,0.4226534889812866
12518,0.2569641444063836
12519,0.546343629330868
12520,0.44156023093653357
12521,0.7782183566922122
12522,0.4687041264436971
12524,0.6898879157177825
12529,0.8492588737300948
12530,0.11924833004629865
12531,0.4490137291889906
12532,0.5229894525794184
12535,0.3067240979065488
12536,0.5092763209248355
12537,0.37494331575080053
12539,0.5241268768156994
12540,0.6448059520240782
12541,0.07708912175813258
12544,0.4877436879862789
12546,0.5703677118005896
12547,0.8690554436978014
12550,0.7578291143698532
12551,0.32984866296213894
12553,0.8274596383522812
12554,0.45716614942334505
12558,0.5719242948659029
12559,0.4416931819955944
12560,0.6544627893281566
12562,0.38106242773923515
12563,0.7298963008914464
12572,0.5519262447487496
12574,0.10703497958234656
12575,0.36785968443803496
12576,0.7830969528564595
12577,0.6636515299928146
12579,0.10813746136070361
12585,0.12452169273409927
12586,0.8337356293907412
12588,0.6425793694077118
12591,0.5222160293761958
12592,0.23882865318403287
12593,0.7460468611907736
12595,0.31783536904839393
12596,0.6698684703657755
12597,0.8972021778289566
12598,0.581828958899622
12599,0.526519775936205
12603,0.8321106208620749
12606,0.5083164171358546
12607,0.8590674441080377
12608,0.9605360017445639
12609,0.8165584519142906
12610,0.3693497198136433
12612,0.5981330347319265
12613,0.651130845094374
12618,0.5462012280476631
12619,0.1620658233822603
12625,0.12176206733827209
12626,0.07506922401631137
12630,0.367434603414318
12632,0.5782091502104247
12637,0.38059830024655594
12639,0.5959435334538672
12643,0.709073366921453
12645,0.4865715704626363
12646,0.8393569233616037
12650,0.03997212259785118
12653,0.8684088956452956
12657,0.4487135018850821
12658,0.860725875632772
12662,0.7742446778184896
12665,0.40512490857414124
12668,0.5917562605462448
12676,0.9299219454053277
12678,0.4356621180741226
12680,0.852399432935965
12682,0.611100711960535
12683,0.8321254725815096
12684,0.6684472845325555
12686,0.8160070956786522
12687,0.2179542342224543
12690,0.4928054584693167
12697,0.08627037010492904
12700,0.2904881934947074
12701,0.131870028392281
12702,0.2258100563062651
12703,0.6664636469765965
12707,0.07917228456791588
12710,0.0940037635562674
12712,0.5952661231311666
12717,0.6626681234520055
12718,0.6002974207423379
12719,0.7989377358681874
12720,0.47866681016536
12723,0.4924613437710502
12725,0.25257764871784083
12727,0.11267541381295991
12728,0.3907160289551775
12729,0.27842683168628224
12731,0.7425373475979785
12734,0.46449152160672125
12736,0.8213692535820212
12737,0.7059387090192539
12738,0.48920688491167197
12740,0.6364656506063062
12742,0.6866643786501344
12743,0.18257629535550798
12744,0.5532425693928598
12748,0.5410076393759791
12752,0.12089579605307921
12754,0.31875934396143335
12758,0.3034752424681192
12759,0.8693524240703225
12762,0.8642909988306292
12764,0.7965024109520544
12766,0.3712330337784281
12767,0.5715695596677953
12771,0.5990179879178893
12775,0.7272102763711711
12776,0.48501559120043286
12778,0.3812124293106245
12779,0.3532874817368977
12780,0.8503233647029675
12782,0.8172694610774228
12783,0.7915861417675976
12784,0.7659949899622805
12788,0.80882672097701
12790,0.14977995344672773
12794,0.718895110744183
12798,0.5085257988721816
12799,0.5949227856507057
12800,0.23705147667236443
12801,0.6155929930656395
12803,0.8398999560315459
12805,0.30981756107209285
12806,0.21772346140052265
12812,0.15813443734696128
12813,0.9682052458850042
12814,0.7029067721960622
12815,0.7070497991887295
12817,0.5877732199683198
12819,0.554197769303427
12820,0.0839497490225918
12823,0.6049617743686602
12824,0.3200246192540254
12829,0.9220060218561745
12830,0.8400168491140888
12831,0.3808425502647075
12832,0.722637393438969
12837,0.3292805146884778
12838,0.7828010331610888
12839,0.45574742375514116
12842,0.12353655715809415
12845,0.5517087831163613
12847,0.38569584132298246
12848,0.4066768158312078
12850,0.4194086797874288
12852,0.29607293819421043
12853,0.8229766188398099
12854,0.5066600925499534
12855,0.473368258243856
12856,0.7916702457644278
12858,0.5312188892192534
12860,0.7104981725539785
12862,0.8062280843020442
12871,0.7815909394763032
12876,0.9179201729235227
12877,0.7832133552842891
12878,0.5152127414965323
12879,0.4333045046903249
12884,0.3623017569123943
12885,0.5027863513870413
12886,0.15091915858531557
12887,0.5628716848251824
12891,0.5088704295912407
12892,0.7653685024888794
12894,0.39135621454414565
12897,0.728182463952422
12899,0.5644469823669266
12901,0.29196181378938346
12903,0.30535843069667035
12906,0.45631931322738956
12909,0.4893335844519733
12910,0.2053020104355167
12911,0.28638629606162724
12913,0.1483443775373662
12915,0.5930742300437386
12916,0.6076817701974528
12917,0.6547299523470738
12919,0.4383949812812978
12923,0.9769362068927739
12924,0.24003878982095425
12928,0.7198919929404114
12929,0.6779194214542683
12933,0.7739864131433565
12935,0.17815780824888722
12936,0.5411244050969624
12938,0.5854702595134817
12939,0.8734077599535787
12940,0.7337537421429099
12943,0.31646804427012004
12944,0.7704827480831589
12948,0.6542753697469392
12950,0.1645994965338814
12951,0.5574762120029358
12952,0.8928879906513433
12954,0.242284975465133
12956,0.7087972079854764
12961,0.3770744648930267
12964,0.2553523615866279
12966,0.4150479876750938
12967,0.1816462903293715
12968,0.846820888033011
12970,0.18004540115669532
12971,0.5568732175555929
12977,0.3447725086417012
12980,0.8295937271520183
12983,0.46066238602383563
12984,0.25287344417540875
12986,0.1782091050210913
12987,0.44475577144957507
12989,0.4387456425415161
12991,0.8822412262803265
12993,0.6646112755747092
12997,0.5677669359276954
12999,0.5773007167974133
13008,0.4907955321423518
13009,0.08954661821297459
13011,0.594481545752698
13013,0.23700985472182182
13016,0.997971544315347
13017,0.7178300404860603
13018,0.7788853345273554
13019,0.5984154736421197
13020,0.21554190029127132
13023,0.16000781750313123
13026,0.6981041551594568
13029,0.3529902852885393
13030,0.43231080808150946
13031,0.6010314478213705
13032,0.16181557910878197
13034,0.7122587782218583
13035,0.5777835345802531
13036,0.2528080418060786
13037,0.2647989469257174
13039,0.10275088073471982
13042,0.5841153460290646
13044,0.6928767460618848
13045,0.6234032311050481
13049,0.6782873750524295
13051,0.5547176517575408
13052,0.36704129508320726
13053,0.8973757083735472
13055,0.21313978256198776
13058,0.43318768347520975
13060,0.7421026078981452
13061,0.7683374195953109
13064,0.5453306300907105
13068,0.5552379658699331
13076,0.8401206644591034
13079,0.2490220427062976
13084,0.8189510220330922
13087,0.6604103245493286
13089,0.4618922058850262
13090,0.8348927093871709
13091,0.4128658217421901
13093,0.49496071523104773
13098,0.8262099854299076
13100,0.03341535758741419
13101,0.8693289881421524
13103,0.7590470390831651
13106,0.46728671045070264
13107,0.9371643626197904
13108,0.11351536482412218
13109,0.6614660286805124
13110,0.7969794559778322
13111,0.6153667949961498
13115,0.40873871469060846
13117,0.6842682626773383
13120,0.7086682336750427
13121,0.0899203812677251
13122,0.3731142642322458
13123,0.8795427824251133
13124,0.7930048921733412
13125,0.9276490631089648
13126,0.5713388226414319
13128,0.7831583924818807
13130,0.4875085575958001
13132,0.4897637369999939
13135,0.2578153205329156
13136,0.9797179867688333
13138,0.27712130583999306
13139,0.44577958104698306
13140,0.8220839390653846
13141,0.7817559344988222
13142,0.45792158221029944
13143,0.7262213534113524
13148,0.09313928792781452
13151,0.25731073279995337
13153,0.40680348430829044
13156,0.9733556235269357
13157,0.2566049973917613
13158,0.47306051795498977
13159,0.16151678651488774
13165,0.20991926261702443
13166,0.2734250611765604
13167,0.8427607891181685
13170,0.3633775336295881
13175,0.7865729783147767
13176,0.6643913390701651
13177,0.478684091381069
13179,0.8886114442932782
13181,0.31384931731924953
13182,0.5911228629777668
13184,0.2165343245210904
13185,0.23246096539213518
13186,0.6617569900115245
13187,0.8205881655776532
13188,0.6059063971598174
13189,0.4293459290711949
13191,0.1452516056142326
13195,0.13713485612853804
13196,0.4004605892268119
13198,0.86049351942809
13199,0.2286058418526771
13200,0.6955011348298791
13201,0.6836974726835887
13203,0.8092565245576819
13206,0.7103559518522412
13209,0.2091722649305816
13210,0.7654551289055369
13213,0.5181996605682971
13214,0.7125693142613709
13218,0.2247846170562214
13219,0.7633175451439012
13221,0.5911358934748789
13226,0.3341416889560662
13227,0.23080642360516962
13229,0.08810990004073434
13230,0.056090344446831086
13231,0.1933397351551471
13236,0.1063291973749522
13237,0.4313677306249405
13238,0.7848562792070416
13240,0.23577309636721547
13241,0.303767205517099
13243,0.7938351745449169
13245,0.5813333463890952
13247,0.1389360436039454
13250,0.2662408367182385
13252,0.22852591429050534
13259,0.3487706651745569
13260,0.8213653478258301
13261,0.48925691706004937
13262,0.5648614463155485
13263,0.4134076298015335
13267,0.3730744972097394
13273,0.20371525007706567
13275,0.5207015979772002
13276,0.18588999206189302
13280,0.5626997829504911
13281,0.6127642925156315
13284,0.454991414433817
13285,0.37771585303266036
13286,0.6654825771511478
13289,0.7836688051133246
13290,0.780479977113251
13295,0.686635079475776
13298,0.2657354289345336
13299,0.47844888041272265
13300,0.7170528012438191
13302,0.7907134825103269
13303,0.26992281517078487
13306,0.6093331254102717
13307,0.4339351045431472
13309,0.7129692384888929
13310,0.5957024637853763
13312,0.21449149400708856
13319,0.13569194627782827
13320,0.556016742393669
13321,0.4106025823046436
13330,0.07578341895726513
13332,0.5829930803922752
13334,0.6304055948742912
13336,0.6070652481601552
13337,0.5996788002087494
13340,0.797807150958128
13341,0.3585548981589203
13342,0.9161812188535078
13343,0.7075987529874008
13346,0.12867086854350013
13347,0.8807959999483247
13352,0.9498663575701147
13353,0.6244628516315858
13354,0.6214133672009846
13355,0.5394276505002301
13362,0.18360437240693656
13364,0.420444835042714
13366,0.15943690226456192
13368,0.34887392452333843
13370,0.2726009460716793
13371,0.5185695190612781
13373,0.6759846768712641
13375,0.44017989482654185
13377,0.1929389046625811
13382,0.6961511853458423
13383,0.41634606788404505
13385,0.07781578932654007
13390,0.4965722821059441
13391,0.7649206602919159
13393,0.8234684189946299
13397,0.7303790105746272
13398,0.11560521406615779
13402,0.8671250788637992
13403,0.5047019891504352
13405,0.675467025330061
13409,0.26958738615475264
13411,0.632578171039462
13412,0.28201728970360357
13422,0.6255918659088487
13423,0.5902629500130356
13425,0.7404477670946363
13426,0.5135273323064825
13427,0.3580766564876409
13428,0.7552415360573702
13432,0.48053102920755975
13436,0.20720264377248682
13438,0.4926567365707242
13440,0.47505791020899485
13443,0.21710331354682133
13444,0.10522524509157569
13447,0.18956071159256374
13448,0.09937020675886697
13451,0.9329151299136664
13452,0.4214686469705659
13454,0.2627167395022028
13455,0.23429518968033528
13460,0.45795852120701885
13461,0.563379680404574
13462,0.09937612547050494
13464,0.3780132946548987
13467,0.518539714296208
13469,0.7066007915480426
13470,0.06712856149976192
13471,0.39054327536787603
13472,0.884964871159582
13477,0.9590282976853244
13478,0.8730768557901462
13479,0.24410890413925007
13482,0.5480064124613744
13484,0.20370129863218575
13485,0.6269987868797413
13486,0.6811351044151022
13488,0.3126145151171461
13489,0.4989285377032765
13492,0.19438566973823865
13493,0.27844034866287526
13494,0.6556584517969667
13495,0.7777079592081674
13496,0.5443265527713862
13497,0.42544861718782245
13500,0.8660388859594972
13501,0.21145397107013392
13507,0.8146806637023405
13509,0.777943075085174
13510,0.31949169776226366
13512,0.6651814710242383
13514,0.584091693023892
13515,0.40718989591214233
13517,0.19043510278668177
13522,0.18079990490238063
13523,0.4441130617552013
13524,0.8433926363000124
13525,0.6136146546510867
13526,0.32678491952531824
13528,0.3452288945024859
13533,0.9217905313848841
13534,0.48292161826096625
13535,0.7755563015649164
13539,0.3417771386084882
13540,0.5340592160453249
13542,0.759683277052308
13543,0.37949185436799016
13544,0.493810684457034
13547,0.5235479682806047
13549,0.21719858538921738
13552,0.7319904325890847
13555,0.38246429669318655
13556,0.7382674065901801
13558,0.5815042024711718
13566,0.5516098621059542
13569,0.48184016212670483
13570,0.6635167898049433
13571,0.5819916700818227
13572,0.6233141755662892
13573,0.5535743687581561
13574,0.2767935495862676
13579,0.14287454017432596
13587,0.6565860201840684
13588,0.7483047644449162
13590,0.3921230260599977
13591,0.4536047135021297
13592,0.48210848638354636
13594,0.6844281568998813
13598,0.4774757127784083
13600,0.4856426121187212
13601,0.45000164433069756
13604,0.6264449509416256
13605,0.09236258247741805
13607,0.5391502350700517
13609,0.37284515962181514
13610,0.5425834084447843
13611,0.11972060536717269
13614,0.8153223825134516
13621,0.5363213795336607
13623,0.46028295821811815
13625,0.6058969571518039
13626,0.4341796261321228
13630,0.29264067268540805
13631,0.40845097788848567
13633,0.15887267036295022
13634,0.8080931150409013
13636,0.5749964412134999
13637,0.6472667486999178
13639,0.6811458974978181
13640,0.5364055088000363
13641,0.2839810461632687
13643,0.16230755678262818
13645,0.4178343118096427
13646,0.44570188338677164
13647,0.41077390470194874
13648,0.6984350817140692
13655,0.21680383848164703
13657,0.1885981180020064
13658,0.36183646268239494
13659,0.7694119852747033
13660,0.47972754362291026
13661,0.34110143646962243
13662,0.8423984905596901
13664,0.5487023327540678
13665,0.8626934745866525
13667,0.36181488902286046
13668,0.49951405567640716
13671,0.44852446050883876
13672,0.601996417941078
13673,0.13449475121020318
13674,0.5729274616700486
13675,0.12707386223851042
13676,0.5741777042517581
13677,0.22066618444578123
13678,0.5070189445736741
13679,0.6819984221296532
13681,0.40567249046027337
13683,0.6855130653400137
13684,0.8682745242188326
13685,0.36645222644292913
13686,0.5867513157503539
13693,0.3220657674692429
13694,0.49583990484810775
13695,0.397990696092958
13698,0.7724981130380504
13699,0.7892878861918186
13700,0.299142615978054
13702,0.6274326582008569
13705,0.1993021569343348
13706,0.17560236822389247
13707,0.4854103341323632
13708,0.7731154235023028
13710,0.29235423794507426
13712,0.896505005105256
13714,0.06679306600280996
13715,0.353274998577449
13717,0.38971881946834463
13718,0.3090886652830187
13724,0.5873452998751849
13725,0.2406548632434429
13728,0.35224651346268393
13730,0.7638164650336129
13732,0.447239760081875
13733,0.3872776537162683
13736,0.22609768368748595
13737,0.5111840799534995
13743,0.02135016942233314
13744,0.18188223878081555
13745,0.35696402021899126
13748,0.3370360922295941
13750,0.343935048840514
13764,0.3567327752228382
13765,0.6043910212821404
13767,0.16414430242398625
13768,0.7427221624886153
13769,0.2961907909538971
13770,0.916006830816494
13773,0.6824494133254708
13774,0.1401522702379705
13777,0.5054002920053745
13778,0.7983153510076963
13779,0.5230818333729753
13780,0.3101124533365293
13784,0.44236514462380955
13788,0.6128095632002327
13796,0.5651904529754146
13798,0.6924626263883557
13801,0.26688940123306887
13802,0.3402360052194516
13804,0.2601366991897514
13806,0.20726771210187803
13808,0.9551877184608114
13809,0.3976250301254195
13812,0.8818902765162833
13813,0.13726440917231017
13814,0.9320131633722057
13815,0.2312800857585853
13816,0.646926874765846
13817,0.09071061763193032
13819,0.8884434203953245
13820,0.437337698217315
13821,0.7627299355463577
13823,0.9439618071209601
13824,0.4140863505323289
13825,0.17129619538340354
13826,0.46644486671104296
13828,0.48809712185527926
13830,0.5487871234465351
13831,0.7742744624516597
13834,0.3709722409631992
13835,0.9846752386265596
13836,0.706382023830098
13837,0.8600839752290526
13838,0.7871296573044783
13842,0.19361752344042174
13844,0.3710578086437662
13847,0.16205185745235778
13849,0.2240812154416341
13851,0.8766025378442939
13854,0.5762139815761255
13855,0.5484103274197877
13856,0.02730556516781617
13859,0.3571963067759766
13866,0.7759949773032575
13867,0.2897145795991835
13868,0.3920377790713409
13871,0.606563594998992
13872,0.5991554967736017
13874,0.10252481884146096
13876,0.6185955043487182
13878,0.838614392925041
13882,0.6910363631040353
13886,0.38957968019708694
13887,0.9420423913008529
13891,0.4620741899727354
13893,0.7945650866158412
13897,0.774409091827529
13901,0.7354615272996918
13902,0.7932285836057457
13906,0.39787481388416696
13908,0.5401138711229329
13909,0.937030886479701
13910,0.6616297236193075
13912,0.4600151043816249
13913,0.7894882314407657
13915,0.2248009877112147
13916,0.10855595511749867
13918,0.2922506969181408
13920,0.7925398476887016
13923,0.73710006321855
13924,0.7503477101952812
13926,0.747492535087228
13937,0.5176640328712239
13938,0.2879934198984583
13939,0.6433573773860796
13940,0.46308949847019404
13941,0.9574558663362456
13942,0.15318287770425915
13943,0.4156243949454311
13945,0.508537911571815
13950,0.7630004056089069
13951,0.3148840652278217
13952,0.806523703151596
13953,0.7031432654678478
13954,0.6273731877066594
13955,0.578965780097935
13957,0.1208720452719198
13959,0.4190909971624437
13960,0.5481370402433673
13965,0.23794384491732853
13966,0.838592053652705
13974,0.31341248339301764
13975,0.5331725181809973
13977,0.3561759393416306
13978,0.30632616307431243
13979,0.5627111122233772
13982,0.7845625068332046
13986,0.8245262198553569
13988,0.09669849310325251
13990,0.6268300005699744
13995,0.8442747014805445
13997,0.771281258002443
14001,0.9825231919135349
14002,0.48775690147407896
14006,0.650972094607553
14008,0.7188601745229322
14010,0.46347867648849606
14011,0.18678713858814358
14013,0.430915142049637
14014,0.3148063536424646
14016,0.3975877775981254
14020,0.5791027584507539
14021,0.28564065782918113
14023,0.7535223913651881
14026,0.3640035405733177
14028,0.46865972722585764
14029,0.9106126977429291
14032,0.23397546624916044
14033,0.28794949127243324
14035,0.6724304490725725
14036,0.15466592102313492
14039,0.6365003852298167
14040,0.21628276935846685
14041,0.3940677864300778
14042,0.6260844587355046
14044,0.06575658635272476
14052,0.6781401584744962
14054,0.4646347554077565
14056,0.8264548674530247
14061,0.3759502857403671
14062,0.5171993546077962
14064,0.5975463689535024
14065,0.8084929200459249
14066,0.6591738044775732
14068,0.35721333368608676
14076,0.4169307091037905
14077,0.3743221520232095
14081,0.6163327075384715
14083,0.3025122832555236
14085,0.7317182308133636
14086,0.3523240617409276
14087,0.8815321091397738
14096,0.25647748016224325
14097,0.5167553761487865
14100,0.7562424012603671
14101,0.4896422750125405
14103,0.381684105838146
14104,0.35832688803061546
14105,0.08835207176290828
14106,0.5566227660376283
14107,0.7452478213462502
14110,0.29572100258438483
14112,0.2340293112196522
14116,0.7610336384253583
14120,0.8482332564267351
14122,0.1645500108799234
14124,0.7735801447838836
14125,0.8319762233472366
14126,0.7116645624112611
14127,0.6463781323653068
14128,0.7088318549112914
14130,0.15387519534745983
14133,0.9444559417183792
14136,0.335914377752463
14137,0.9691112699013262
14138,0.2880510844594672
14139,0.5645677894725514
14140,0.4849681069097324
14141,0.407174355023872
14143,0.5517334728112702
14144,0.3313966341135192
14147,0.6977434632528112
14148,0.691235098980043
14151,0.917470561579684
14154,0.7708610688487749
14157,0.33330809835934133
14161,0.7299688000372472
14163,0.3768965395508951
14166,0.31446640319296953
14167,0.6176638877704187
14168,0.31738233828033713
14169,0.937740858873237
14170,0.26713110278243024
14171,0.6591845199901514
14172,0.1829615448155322
14173,0.20935914464784172
14174,0.09942412958880484
14175,0.5121808613280917
14177,0.22718531906246459
14178,0.43174648955086725
14179,0.1561463061103216
14181,0.20678880710192335
14182,0.8927725380858863
14183,0.7116239571770306
14184,0.8668686054762978
14186,0.10324342011126128
14187,0.05980787541599012
14188,0.556208097647801
14190,0.7535824439787505
14193,0.1686559253749352
14195,0.5403410135393081
14197,0.7891882461589173
14198,0.656310552153788
14200,0.26893000815534795
14202,0.06432334773445894
14210,0.6998001442226284
14211,0.04208032280535481
14212,0.5649554806444866
14215,0.4174405150460171
14216,0.47025843292328523
14217,0.5834629032171926
14218,0.8882571759436332
14222,0.14542515759660793
14223,0.8841165104003579
14224,0.5464345619728838
14229,0.5141989441539971
14230,0.5409067611912232
14233,0.22366149807672894
14235,0.8545813186030823
14237,0.27205325780759504
14240,0.35529616500738986
14241,0.8651177930009684
14242,0.585777656182491
14244,0.9545443904644855
14245,0.0590647362777896
14246,0.48960275552914706
14247,0.3259232063267881
14248,0.5413246361662709
14250,0.6604300916642875
14251,0.8707834165521091
14252,0.8374598518250005
14254,0.4673164219012099
14255,0.6744017588512783
14257,0.14765305939866508
14260,0.790450436186619
14262,0.6504741528217123
14265,0.051173719530519156
14266,0.64892837552011
14267,0.9177182311200821
14269,0.45152346842650515
14273,0.5909411829422179
14274,0.49463085894180625
14275,0.7258684567320429
14276,0.6144858671751063
14277,0.30034228764963905
14278,0.08040577171603153
14279,0.3606645703960652
14282,0.5385057309421748
14283,0.511329210448439
14284,0.09443027373720353
14287,0.4824450738559249
14291,0.8716403245774874
14292,0.10795212185519928
14294,0.05500135822148661
14300,0.6276896327108747
14301,0.448677630677924
14303,0.20747769293489424
14306,0.5834510237629811
14308,0.04587525044129202
14309,0.5475119920377443
14310,0.7434822735032002
14313,0.35084530884680837
14314,0.1405453808737219
14315,0.41694132354053803
14316,0.17522822062163115
14319,0.7558593392144528
14320,0.4463725637676765
14321,0.3136127470755346
14323,0.47031729049200466
14324,0.8246296655713087
14329,0.4346725911512196
14332,0.08449319402269333
14333,0.7322850778148101
14338,0.4093688451469896
14339,0.7823456905780688
14340,0.34258546259412703
14341,0.3912222722686029
14342,0.16366828630074803
14344,0.19113101189148743
14346,0.32790755802614857
14348,0.4966509451341364
14352,0.2677053629914996
14354,0.5764159924059171
14355,0.7306349677265743
14358,0.600861418677594
14359,0.5893884596564687
14360,0.48765710323627953
14361,0.7388247913181764
14362,0.4738137597799307
14364,0.896863117499501
14365,0.22303578925245945
14369,0.23383547155782408
14370,0.9595245135902528
14373,0.3163578262220354
14374,0.8117448274766471
14376,0.7594117447082139
14378,0.111489051065079
14380,0.6212128577506874
14381,0.5095813282089294
14384,0.742517315580832
14387,0.5531556491626952
14389,0.20427247610342
14391,0.29127813202325764
14394,0.7930332231023568
14395,0.6917561802657389
14396,0.5915085436882199
14398,0.3963067726269074
14399,0.28789773678316594
14402,0.29479597549779124
14405,0.41100650087237467
14408,0.51640493251187
14409,0.4935076717384076
14410,0.3540473356602179
14411,0.2111737772551435
14412,0.5590695024445135
14413,0.7597855780130056
14414,0.7358942376828009
14416,0.41525446383093345
14421,0.448680714539285
14422,0.7677021268956821
14423,0.8078295101003107
14424,0.04752885020830205
14425,0.14002333221597713
14426,0.35182530347994756
14427,0.755370561922268
14430,0.9095334527280248
14432,0.39837240958413145
14435,0.0226310817233113
14436,0.41566408200735877
14438,0.9624626412973648
14439,0.8322013124447233
14440,0.38843330183012026
14442,0.35736766998362135
14443,0.8620644054203354
14444,0.3927337361016132
14449,0.4806720515039293
14450,0.10054510406141878
14456,0.3329559387541306
14457,0.149223790990918
14458,0.7445929198651617
14460,0.4986553748286178
14464,0.5645386272788321
14465,0.8532324750725827
14466,0.32847853628631474
14467,0.14730457023454413
14469,0.6856270575888459
14473,0.8924942634660914
14476,0.5909532727479953
14477,0.7913133409384989
14479,0.9273572545857676
14480,0.71526763487985
14482,0.18270393876281346
14483,0.8344096279859788
14484,0.4804582567160629
14485,0.2008660362209429
14486,0.040549208362266234
14487,0.9284319091739122
14489,0.44979104124268715
14490,0.2456517996093979
14492,0.5634197659755795
14494,0.9081132174217725
14501,0.7357369670310706
14505,0.483814642377448
14509,0.3133710071842691
14511,0.237206282607032
14513,0.21460718157763137
14518,0.17830715935585478
14523,0.141563893207996
14524,0.6613459194404643
14525,0.4345741216551518
14527,0.035804021020187676
14528,0.22399138277581296
14530,0.7793177423198957
14535,0.6395978509258716
14536,0.256365621327613
14538,0.7823839314855702
14542,0.6554789844508242
14543,0.7658457963934976
14544,0.5018787204808901
14545,0.5721428298268191
14547,0.8824838351719714
14548,0.5562668490290329
14550,0.15536012714573463
14553,0.7163603905837477
14554,0.40250468668418743
14556,0.5858391230429827
14557,0.9562350037327468
14558,0.17591526819563416
14562,0.7989572065065055
14570,0.30909967510706243
14574,0.5812806965713267
14575,0.8592773972116999
14577,0.1713341939835492
14579,0.24281296126975066
14580,0.26406937899639094
14581,0.4738939819980732
14582,0.9307718325978205
14585,0.436827300479405
14586,0.6152989769719254
14591,0.42374380705974096
14595,0.4816999202483811
14598,0.9536810559509319
14599,0.5543392657836059
14601,0.23431594424663915
14602,0.20906287469820045
14608,0.664740799369566
14609,0.698793488549877
14611,0.7572740264999529
14612,0.7234318579491958
14614,0.4015739543888378
14617,0.669667391763768
14619,0.43014260761183526
14620,0.648382950345835
14622,0.551996359210377
14625,0.3148089347824715
14626,0.8633206700584616
14632,0.36343880265765727
14637,0.7438183524409463
14638,0.7365369629784534
14640,0.7098949588332624
14641,0.5000873398065917
14643,0.7220217298050352
14644,0.047245270786229636
14645,0.5009409444140162
14647,0.8911705087334714
14649,0.5086245264269017
14651,0.6477577499419991
14654,0.16063968516978336
14656,0.6015141739211525
14657,0.435999649859478
14658,0.39713325472424227
14659,0.778266756877438
14660,0.760496873681601
14662,0.6518948832505959
14668,0.4618156253662807
14672,0.4379051226877449
14673,0.1362505749164796
14674,0.43028264629725094
14675,0.3431362351440486
14676,0.44481777718484117
14679,0.41991789669627644
14681,0.5824773406510085
14688,0.7749380987142125
14689,0.2188603317898502
14690,0.5710434596282516
14691,0.4079446074280598
14692,0.34694937529273506
14694,0.20910639779441106
14695,0.4813967494251404
14697,0.8417496433787616
14700,0.5647378945580911
14702,0.31550897319171023
14705,0.27306554879202855
14711,0.4660916286266414
14712,0.1522769522567753
14715,0.602960822818129
14717,0.20726780097435343
14718,0.6467817869740561
14720,0.6824209166018809
14724,0.563700609044902
14725,0.8228511047575847
14729,0.08258409124084243
14730,0.6678605365659066
14733,0.9115988162534789
14734,0.3204500902942579
14735,0.26072001248956284
14738,0.6776927661640096
14741,0.2854696441493572
14743,0.5575048950393379
14744,0.7595487397492289
14746,0.5873323338380234
14747,0.6005294410207354
14748,0.6599284429378822
14751,0.8201618898688652
14752,0.6774095512787648
14755,0.0321886610191607
14756,0.8266893287677258
14759,0.6430928584420943
14760,0.6819635113181987
14762,0.322500876752462
14764,0.4115461921406638
14767,0.8059198911094594
14771,0.1826521865499557
14772,0.3871814611333969
14773,0.3252964640308874
14774,0.6325276518911552
14777,0.9096646114440634
14780,0.6560485119727097
14781,0.6191091708754052
14785,0.975560019224769
14786,0.6996537498197203
14790,0.7295265318047702
14791,0.40360379341149644
14796,0.2082768475457157
14797,0.7866539691292596
14798,0.3379140477471314
14804,0.44884285022842607
14806,0.4217060567762005
14809,0.38412266572864656
14811,0.5031341236543724
14813,0.5369025912064029
14814,0.3841580090645149
14815,0.3584232641856585
14817,0.5176081202144319
14818,0.5683478907957283
14820,0.1339538890479578
14822,0.35825851951687293
14824,0.1420127553911726
14827,0.6785586563740635
14830,0.27027205065662363
14831,0.34320539241361886
14836,0.3748735666136627
14837,0.0487233825878613
14840,0.40098555390124374
14842,0.04695285276500522
14845,0.12142714890379758
14846,0.5123480329648631
14848,0.7146642504038206
14849,0.2873211883922584
14850,0.7948611700168685
14854,0.7670578039311522
14856,0.42874275167265335
14858,0.6230187209943382
14859,0.4823775651565547
14860,0.1397703910258821
14861,0.293844865906485
14864,0.64719284728938
14865,0.6070365765285793
14866,0.6840196978826316
14867,0.39796656408889364
14868,0.14758617051236192
14870,0.35782742949590524
14871,0.43970635623213694
14872,0.5173538568802187
14873,0.016355811067944818
14874,0.6268158383115532
14875,0.6182708981121209
14876,0.9612329053853185
14877,0.8764538698390589
14878,0.8596086659387774
14879,0.5347530716519531
14882,0.46089017002176774
14883,0.2632226899778054
14886,0.30066870784142147
14888,0.2205039832027367
14890,0.41071830845343577
14893,0.3334930681827789
14894,0.7486256927693298
14900,0.7921316461218115
14901,0.5236525717275475
14902,0.6760125787085868
14904,0.9515273925321177
14908,0.22079562287445884
14909,0.3215385189203349
14910,0.7745971688264136
14911,0.7431282261070916
14913,0.56602470409999
14914,0.72246199856721
14916,0.2360013042112103
14920,0.8947539904292418
14921,0.20143171224411752
14924,0.9685638425229953
14925,0.48182692069352095
14926,0.42175045818877765
14927,0.5356689011989051
14931,0.5554380886207653
14934,0.4911651554178693
14935,0.5810110085360191
14936,0.011964220578607448
14939,0.6726992281867823
14940,0.2523745345160618
14941,0.7339778115143129
14942,0.10364010042138502
14943,0.4219633304628356
14945,0.8313141353715046
14947,0.5446401178657504
14949,0.6055720252454121
14951,0.6504131022739407
14954,0.067718661368284
14956,0.9766883134199
14958,0.19799611265418735
14960,0.9038352165996093
14962,0.29479414418210614
14964,0.2770158614913473
14966,0.8530056626740538
14968,0.23820578332544096
14969,0.7306106783092811
14970,0.24302451881943082
14972,0.7486560667700153
14976,0.5682360705332669
14977,0.634344662322915
14979,0.5349547780698771
14980,0.18488465225385228
14981,0.15586860398607996
14982,0.461093280155611
14983,0.4280916249437343
14984,0.5566852912457656
14986,0.4156087775450718
14990,0.25386647412584207
14994,0.3716644773704336
14995,0.7852259319132713
14999,0.7365723319563746
15000,0.8644716876171551
15001,0.7469803821950741
15003,0.2672321098084978
15005,0.6207936097102636
15008,0.7815182433289627
15009,0.696767533147967
15010,0.7590703613958355
15013,0.3522486177293266
15014,0.2089658883835234
15015,0.4109169545646061
15016,0.5255757807363012
15017,0.3855664964219541
15022,0.48307443776843645
15023,0.37116356761304503
15025,0.8675760489361473
15026,0.17176548116766624
15027,0.6762629135327437
15028,0.16983977613981682
15032,0.4934726275011475
15035,0.5810320631574012
15036,0.45567913396920656
15037,0.22182100239295963
15038,0.20849066430278698
15039,0.652533363566917
15041,0.8425812702182764
15043,0.08988224051928088
15046,0.7597119975501511
15048,0.7611144597720252
15055,0.4451195843127421
15057,0.19369323412549086
15059,0.5252878495500607
15060,0.2381569475141414
15064,0.40247425493017686
15065,0.7521212570433076
15067,0.9515007080318961
15070,0.5711607651197856
15073,0.9146183254604044
15075,0.3301559709485217
15078,0.5426805998088607
15079,0.10209361321806762
15080,0.3761127870117692
15085,0.644130219067636
15086,0.48570374334407806
15087,0.030148956887793822
15088,0.1822304709051094
15091,0.22834357778865763
15096,0.2912148738835871
15097,0.8705478799025379
15099,0.3944715598054931
15102,0.4160038107123483
15105,0.7782469216416292
15112,0.32010539686914835
15113,0.33894585270428057
15114,0.5842031499269152
15115,0.5349165329643197
15117,0.7280661123413468
15125,0.5249816236605273
15126,0.3973465349562838
15127,0.3266699756546337
15136,0.5908229150618081
15139,0.11863213363910148
15141,0.7066322984267084
15143,0.5467958676753748
15145,0.5628649965880989
15148,0.44388432911902825
15151,0.8030251055112781
15152,0.6961761307425701
15153,0.328682583908004
15154,0.4591849091928678
15155,0.17570595224056904
15162,0.3747772916221413
15163,0.2411789338799294
15164,0.10519689927958846
15169,0.432704916185843
15170,0.8183880512903422
15175,0.5565430674016885
15178,0.6159193406089861
15183,0.17630614972014771
15184,0.7033705548010858
15186,0.2587741096404775
15188,0.7720337324989748
15193,0.6911851874258018
15196,0.30314175976806124
15198,0.4463578721400787
15199,0.41348188940006475
15200,0.4246776367939546
15202,0.5123735694674911
15206,0.4946522400591694
15207,0.43945743927731357
15213,0.8496721957773445
15214,0.792919003996645
15215,0.895461120692287
15216,0.2944203247237878
15218,0.08303044749684263
15219,0.4359406164394343
15221,0.712540243310839
15222,0.23844982256421057
15224,0.9710283362218222
15226,0.5292154835886972
15227,0.6254762364420663
15228,0.11328314532590723
15229,0.5726956517154476
15230,0.35374546123721673
15231,0.7023123234740657
15232,0.8231163489468618
15233,0.5867854377513416
15238,0.028415578437571212
15249,0.5683004421437843
15250,0.7157526424028297
15251,0.32393183884712806
15252,0.2262117129948363
15256,0.622070008188226
15259,0.14290101149134293
15262,0.36250897989375547
15263,0.5980947718280576
15264,0.20492106544910105
15266,0.2865050312781771
15268,0.2730625065675561
15270,0.8535145369540501
15271,0.8275800073860574
15277,0.8132351257804507
15279,0.1907311948539602
15280,0.4797828143978835
15287,0.8306203543581578
15291,0.15523715925465975
15292,0.6883060676513394
15294,0.314617180613252
15295,0.48018639361959947
15296,0.5542794560175974
15298,0.145358468686211
15299,0.5723359990401349
15300,0.5722583874380542
15301,0.5997719228100865
15302,0.06338249294136333
15303,0.5129976928931155
15306,0.6454282391478217
15307,0.5027371717145283
15311,0.4565783800343197
15312,0.536352093823406
15315,0.9073738083250102
15316,0.820264851168447
15317,0.198227830517042
15325,0.549782124319162
15326,0.4916889421832968
15328,0.3315675257792465
15330,0.2975287737837255
15333,0.0353856383980996
15337,0.46057560612350334
15339,0.45931374179095785
15341,0.3637580237977281
15343,0.9335348888093737
15344,0.935733082032745
15345,0.6323824785793485
15348,0.07872263894503341
15349,0.5954790270135174
15352,0.5092833279069237
15353,0.7736264013775149
15356,0.21549444930244482
15358,0.24789288474433516
15359,0.675092899830125
15365,0.3363558331183262
15367,0.1958929687759536
15369,0.6521737172890119
15371,0.6223396376851866
15372,0.2627657970059911
15373,0.6262299552748044
15374,0.29484384509535283
15376,0.2880498437625023
15377,0.7638095851668146
15378,0.6510293879598517
15379,0.636059577351066
15380,0.8542323487991538
15385,0.7988691744555824
15387,0.4885211019229219
15388,0.39340513000861
15389,0.7827843009342589
15391,0.4141610166993648
15392,0.726125466045275
15394,0.38048216444082883
15395,0.3539911956233463
15396,0.43322655978896735
15397,0.6226964617119571
15400,0.33582227125454095
15401,0.797794122913259
15404,0.42092396130044274
15406,0.15097595323893498
15407,0.5696017351708148
15410,0.5488410988128564
15412,0.15090304931023982
15413,0.3862217862952857
15414,0.3819306120782972
15415,0.40015110765719564
15417,0.8063721994009085
15418,0.41266820677994076
15419,0.02841696051612364
15423,0.3667989529747221
15424,0.177218462482514
15425,0.6927248163881489
15429,0.7383926852121883
15430,0.3975463128925519
15432,0.8818442626382231
15433,0.6643424555346408
15434,0.5410341296027861
15435,0.8431435049115182
15440,0.4129316858769376
15444,0.6655206751376815
15445,0.7598692630652804
15446,0.6926591978300074
15447,0.963983831406065
15448,0.7929248949686623
15450,0.15892607551089782
15451,0.4749651622628535
15453,0.1226888064911752
15455,0.8741292656288836
15458,0.5144773855242194
15460,0.29728589108631814
15461,0.7799860261449659
15463,0.21094670525307252
15464,0.5070851731445973
15469,0.4408246340395585
15470,0.7479382962985474
15471,0.3258156985528395
15477,0.3261873706632765
15480,0.9267344559962892
15484,0.8122519750265211
15485,0.2939869646524704
15486,0.5070317716586106
15487,0.7723966490344311
15488,0.7664570013147817
15489,0.33427931120615867
15491,0.7759127449066054
15494,0.41052628612811953
15497,0.20064521372939154
15502,0.8681129927178386
15504,0.33023419612136234
15507,0.3609623519802791
15510,0.8814679972138291
15511,0.4157438250689101
15516,0.4549327244557308
15523,0.3373655794268178
15524,0.9882571215510028
15526,0.6204146716113922
15527,0.5855298231224201
15529,0.2990050383395229
15532,0.5719974471166397
15533,0.8182764841083591
15534,0.11252909526969677
15536,0.4977082362940518
15541,0.28039701958792534
15542,0.35171541464303574
15544,0.8343551737157902
15545,0.2788615592721095
15546,0.7836824756056254
15548,0.4659818053782498
15549,0.5967463962028379
15550,0.4890903952805772
15551,0.3729980536453839
15552,0.38588266526861353
15553,0.19159246936835658
15554,0.2749609475823856
15555,0.5999183099575517
15557,0.6865665056566562
15558,0.3150445557092467
15559,0.9491574792490284
15561,0.3162966707728924
15562,0.33928571845121763
15565,0.36062293466362233
15566,0.042211493995070334
15567,0.2781571182038126
15568,0.3072193202119
15569,0.20710580605899906
15575,0.20208893943570336
15578,0.35294375338833617
15579,0.6612799127738468
15584,0.4824918862022439
15590,0.7346514197013867
15593,0.2716512745094364
15594,0.6853511047153615
15595,0.14995138658823454
15597,0.6200431363628729
15598,0.44788244517004905
15600,0.10421528969048743
15608,0.15504204524870094
15609,0.24925394002914947
15611,0.627692373524422
15612,0.2588279540347011
15614,0.5941235162192042
15616,0.3890885916193716
15619,0.3731231600171172
15624,0.1900136888848965
15626,0.7357486314278676
15629,0.6605156480737239
15635,0.5888250340521194
15637,0.9147829362703063
15640,0.4273051549464955
15641,0.3178360657326603
15642,0.7276351215280031
15643,0.5793566312790248
15645,0.1965092521588051
15648,0.33609153779869766
15649,0.7648578858979365
15653,0.4991346216403155
15654,0.6309982416079528
15655,0.40953913562141275
15660,0.73754304686955
15661,0.1311343439417592
15664,0.8568496156253957
15665,0.3498356443493211
15668,0.28542483322300494
15670,0.7544058566577344
15671,0.5806485411847105
15675,0.37489882883400194
15676,0.519574520181072
15683,0.1444559996408867
15684,0.6527806801258873
15685,0.7490032326888209
15686,0.6800908743213352
15688,0.5340273379482631
15690,0.5343978414648515
15692,0.4615606112264778
15693,0.6593891147565931
15698,0.4308502235902425
15700,0.6901847015005179
15702,0.19786240501775884
15703,0.6606874580903166
15705,0.1813176220419569
15707,0.8190470682809026
15708,0.8989707901520572
15710,0.5662686157502218
15715,0.595728038294725
15717,0.35498183023251245
15718,0.5665154509468288
15723,0.29976746178338215
15726,0.40393615335920396
15728,0.9108560942362302
15729,0.48758258019580536
15731,0.7481024661340574
15732,0.7791628649565681
15733,0.889087594175554
15734,0.9115992435461306
15735,0.6782169435592316
15736,0.7345276788798385
15737,0.6341056000453145
15738,0.8848350904820537
15739,0.06627748611363446
15740,0.5034163299007568
15741,0.6166673058374114
15742,0.9660775901758537
15745,0.7789724112070134
15746,0.8193913234904036
15748,0.6296801420785078
15751,0.6314071216274042
15752,0.00460742177933531
15755,0.9734413275944983
15759,0.3041809075694921
15762,0.4151520403072075
15763,0.7118679876766686
15767,0.6137349080814899
15770,0.6755793935600927
15773,0.4664983707953804
15774,0.6868276473249466
15775,0.7630937214654078
15776,0.8054941610367727
15777,0.3682880979152783
15778,0.9615681636485572
15780,0.039570174094046444
15781,0.700479236276217
15786,0.7882228865807291
15788,0.7710472463983286
15789,0.3648507079783135
15792,0.8718529504072633
15795,0.9137426473717544
15797,0.3124239499483296
15799,0.8294890449424018
15800,0.16982393396482695
15804,0.1667122824908921
15806,0.08226482290861806
15808,0.8502037135905519
15809,0.62005877478678
15811,0.7190544651584115
15813,0.42426530206083585
15817,0.6709386031931931
15819,0.09597520793224314
15821,0.48717252387042076
15825,0.7405946143634186
15827,0.7196043617397776
15828,0.7780396958258984
15829,0.19363062851416132
15830,0.20598059093025956
15831,0.9665961412371862
15832,0.7966169557720355
15836,0.7036901185200748
15839,0.26167675090687104
15840,0.8884695970139532
15841,0.5182924022035564
15842,0.6613599716026376
15843,0.8182123939636512
15844,0.7554797446508659
15846,0.819802015537546
15849,0.014203706756403945
15851,0.16176946911916393
15852,0.7878069800174101
15855,0.3962006036722129
15857,0.6052490653206314
15858,0.5561366286142264
15859,0.7603483443503043
15860,0.41454179909446465
15861,0.8891986136420269
15866,0.7367472107930124
15867,0.4177596141676609
15870,0.9176954206644977
15876,0.9039766749288033
15878,0.42206500617267967
15887,0.29938378657669407
15889,0.661147247249353
15890,0.06214685979463592
15892,0.3177746858717501
15894,0.5636968805025614
15897,0.9158716699386044
15899,0.47363414947904925
15901,0.23244260619444268
15905,0.5809555223814701
15910,0.30170571587993017
15913,0.17293189486263771
15915,0.28561266638216165
15916,0.3134621159890377
15924,0.6547795922694323
15926,0.6619983211660249
15927,0.40632893958621186
15932,0.418408398569037
15935,0.5122852185396796
15936,0.961405816415075
15937,0.46243363374451013
15940,0.6143494362806532
15941,0.5946345767741129
15942,0.3314972997397176
15953,0.22443402332795856
15954,0.23871631503259413
15955,0.3629895143834412
15956,0.2029154853486008
15958,0.42735573150469225
15961,0.439742575620492
15962,0.4459052698011362
15963,0.7222311116661712
15965,0.5037060123055334
15967,0.2852091067376322
15968,0.2254817467646265
15970,0.5157763811066888
15972,0.7588549262165262
15973,0.28665691872564397
15976,0.2185140810238459
15978,0.48470666276351376
15982,0.596775462509723
15983,0.9130099517426403
15990,0.15210781511227967
15994,0.5257640513926033
15996,0.9598962135568928
15997,0.30895509066264926
15998,0.30140854586672894
15999,0.825512769616231
16003,0.07547103266389617
16005,0.8648185357372544
16006,0.34957079993232976
16007,0.8165356854460268
16008,0.6098698756185668
16010,0.7120210470685366
16012,0.6373295755309073
16014,0.08862342504891109
16015,0.06381793631905801
16016,0.29388798335224786
16017,0.5165147799100283
16018,0.874735058638771
16021,0.29271669467622424
16024,0.6228976868679843
16026,0.07717831733375183
16027,0.1636523544642945
16033,0.6953312185370949
16034,0.19657799057918468
16036,0.4881646854493453
16038,0.23686165688386818
16040,0.8092609319839509
16042,0.6044258681080575
16043,0.42497850981224583
16044,0.2539815136382697
16045,0.6920680474053741
16049,0.8341353636397658
16051,0.46292928229469504
16053,0.2703022280417083
16055,0.9343741807931873
16061,0.7788121002870083
16062,0.30280958211324943
16063,0.32154151706952117
16064,0.13626508964018608
16065,0.7208563033660395
16066,0.296302243210384
16067,0.6742012711060712
16071,0.40831671990097024
16072,0.8688473451362151
16077,0.9095789413875491
16079,0.3598746217924629
16080,0.4704345643837876
16081,0.5079981943031951
16082,0.9727502428646674
16085,0.26713335197367494
16086,0.7063138729673587
16087,0.4320867229868288
16089,0.277710417021033
16095,0.468308765263418
16098,0.6131712413409441
16099,0.5459250494052107
16100,0.5716574097288561
16101,0.18416669813314065
16104,0.5111306841657551
16105,0.7526999482535927
16107,0.2612048533319097
16110,0.7179127849828484
16112,0.15001466576306086
16114,0.8901269628373042
16115,0.16772823996507277
16116,0.5396808118002653
16117,0.7592620365597705
16120,0.5031243180435032
16123,0.9113580791124832
16124,0.4558591505392747
16126,0.3016721863283695
16127,0.8490098517877547
16128,0.3575131684540741
16130,0.23932511664195644
16131,0.16096260852224906
16132,0.8205100404703637
16133,0.7063478771461399
16134,0.027582754425033315
16135,0.7987065720909196
16137,0.3891949746158554
16139,0.6911124189792669
16141,0.46159363395185965
16142,0.4502376395076004
16143,0.7222105533066835
16145,0.5806118732087762
16147,0.7002034747536634
16150,0.6381007982848489
16158,0.21650305894070646
16160,0.8457357471041854
16162,0.6029670775214294
16164,0.18933877087265236
16165,0.42658594602676275
16167,0.4695233979106679
16170,0.202919126044097
16171,0.3637787492137405
16172,0.24458506102949915
16174,0.7896029354349565
16175,0.7828885880951928
16176,0.5773315640737756
16177,0.39916376367643314
16179,0.6830863566998261
16185,0.8429220072945551
16186,0.416260508094706
16189,0.046963569730171476
16192,0.4832492810731763
16193,0.3922315013769836
16195,0.3119978996983948
16199,0.7225515384039305
16201,0.5663373510583073
16203,0.9018952453344528
16204,0.16957329720009304
16205,0.6346441079951282
16208,0.4499852548323489
16209,0.43015582114525047
16212,0.19700563318427702
16213,0.6564192581833002
16215,0.5095480080828044
16218,0.4065747330490564
16220,0.6945651482067092
16224,0.6194281912753353
16225,0.4092866311736183
16228,0.789496243316379
16232,0.45613708572470835
16234,0.9443613349743305
16236,0.6465053487331797
16242,0.8003889791181448
16245,0.8345175544862108
16248,0.4420531829158308
16251,0.49161588030912245
16253,0.04535538923900212
16254,0.9337318674085087
16256,0.4942394452560098
16260,0.4652029766340639
16261,0.8186588707736571
16263,0.4509113211795287
16264,0.656064929508512
16265,0.6674509696285529
16266,0.4043020848361831
16267,0.8322625563962821
16268,0.507083296240623
16272,0.39051797040464126
16274,0.8667451779363075
16276,0.5764298140256808
16277,0.7773203412928055
16278,0.8518072828886729
16280,0.33648342886018495
16281,0.9215391933851388
16284,0.285606795034023
16288,0.7793461013512228
16289,0.6068838739893777
16292,0.9323464771538648
16297,0.41887310384550624
16298,0.5514767684385149
16302,0.2760810191735986
16303,0.7027594640838585
16304,0.5524931629957625
16305,0.680159758678994
16309,0.2809414206108018
16315,0.5445994624833128
16317,0.7602271853466414
16318,0.3284816528981156
16319,0.15794206569199934
16321,0.5067401407267416
16323,0.9859245021634399
16324,0.8238379128471167
16325,0.4344053778702209
16329,0.21197758472131006
16331,0.49200274148919015
16332,0.7605252288504527
16333,0.4385917842057494
16334,0.9315517816061667
16335,0.11739936996913215
16336,0.6646040229397465
16337,0.7870177696238083
16338,0.19756786861733458
16339,0.4620963455451873
16340,0.5317730055415143
16341,0.412402177792479
16342,0.19596018620743091
16343,0.25261716432781506
16344,0.38965148762287655
16346,0.08166654779889691
16349,0.383659226156151
16351,0.18291833657671827
16353,0.18363563841966946
16357,0.5851773314010676
16358,0.3148820320091868
16362,0.7419640792253545
16363,0.5116481072034029
16364,0.6086566177113367
16366,0.6217732870359837
16368,0.8404690897626305
16369,0.4714005345705321
16374,0.49246941414612355
16376,0.5927156210167671
16377,0.4713687888970617
16378,0.6541119823249613
16380,0.6481697112470034
16382,0.13086401612398074
16384,0.8755650242265021
16386,0.28882695698623
16387,0.444197685234954
16388,0.32439997081801675
16391,0.23412906621007815
16392,0.6057245167291262
16395,0.34288642755102244
16396,0.9208259487207109
16397,0.17303964105221425
16398,0.802900146075381
16400,0.9549970030906224
16406,0.12532508704782452
16409,0.9880836389745059
16410,0.6072592280246132
16411,0.7068767527471881
16412,0.2884838704015155
16413,0.38959545893967773
16414,0.2447109459519351
16421,0.49273220095029713
16423,0.5655711155928566
16424,0.2049600451020245
16425,0.2871377200213136
16426,0.6073824561195657
16429,0.45575572014958454
16431,0.19003824379809436
16435,0.6806861369883065
16437,0.8997606878777106
16439,0.5737911883016636
16440,0.45280254318167157
16443,0.5000180643401264
16446,0.638122079469441
16447,0.3457020271239333
16449,0.4395967752335252
16450,0.38262817109085295
16451,0.2671647044694607
16452,0.38486956891525265
16454,0.45220724814869384
16457,0.43397044137795576
16458,0.790455029274758
16459,0.7453644721453913
16463,0.17116407591559138
16464,0.7724454842561752
16466,0.7987057718826595
16469,0.8314907109528866
16471,0.2757266266454204
16472,0.4027340814026753
16473,0.3196092960110779
16474,0.7858899899197005
16478,0.7114754643518215
16479,0.5685906346433147
16480,0.10417094129112855
16481,0.18455259368417137
16482,0.897711252009831
16483,0.8024697674790223
16484,0.4985844468523412
16485,0.31290952134552863
16486,0.5434655954667699
16487,0.38530407266802674
16489,0.7469468574470525
16490,0.8672411412788081
16493,0.3115390275103967
16501,0.6532810492670549
16502,0.6037805059398442
16505,0.6796755803351763
16508,0.6140221058732724
16510,0.4142722653783701
16513,0.43870826096172616
16515,0.6347049804632608
16516,0.6157755550520086
16520,0.7954967998345008
16521,0.8512952349189671
16522,0.23577555860489618
16523,0.7403721948970442
16524,0.7917016682490932
16527,0.493822190641886
16537,0.3949017420208022
16539,0.1946715123282222
16540,0.22959129839900325
16541,0.7100933329939901
16542,0.4834866895387167
16545,0.09885366475435364
16547,0.6258638748282833
16548,0.4370185337644121
16549,0.2445495257281133
16550,0.5719206473529188
16552,0.27929270294539355
16554,0.6543097144078588
16560,0.4863411317514837
16561,0.8974102925109434
16564,0.8674976848286733
16565,0.5468811385035439
16566,0.6989721573298129
16568,0.6873879253282631
16569,0.28863014852003444
16571,0.20183091364935138
16572,0.34549004010195783
16573,0.301731091237845
16578,0.3594547316639625
16579,0.7764968135171677
16580,0.5701050819315563
16581,0.8469280086017344
16583,0.43614622988524676
16587,0.45898851198009416
16588,0.3213208069260505
16589,0.44877028242446465
16592,0.04443313183777929
16594,0.045767546933412825
16595,0.7472343394560191
16597,0.4545675865363506
16598,0.7994082105154987
16600,0.5831384301687216
16601,0.5500472887296932
16602,0.1691453072534796
16603,0.5690815340146334
16606,0.8408609463670018
16607,0.12059724460682887
16610,0.35280156464863477
16613,0.4585825286141621
16617,0.5857802499240141
16619,0.5733287081091204
16620,0.5556019879021553
16621,0.5059233494512277
16623,0.2905865617856077
16624,0.7601361044817364
16625,0.853437487721117
16628,0.30721035086908954
16629,0.6311987992127982
16632,0.4336328806073154
16635,0.7128310059570119
16636,0.2463011461061487
16637,0.10830700483960697
16639,0.8228655669760933
16641,0.23093600318065727
16645,0.5538826901574355
16647,0.2409772280968312
16648,0.43887729243106827
16650,0.8755014732558072
16653,0.8473554402741329
16654,0.23149759612806817
16656,0.36622237996025586
16657,0.13706754190699683
16658,0.4540019854259821
16662,0.4050999255715384
16663,0.8371834466653126
16667,0.11940985997457118
16668,0.6753230371418415
16672,0.709663410927358
16673,0.5147021315847604
16675,0.40382879117310044
16677,0.03132549265910853
16683,0.541594569700126
16685,0.3915012511215928
16686,0.9639407058212901
16688,0.1984735694185726
16691,0.3017430386457217
16696,0.555959055147428
16699,0.9392763819239623
16704,0.9005378196137356
16705,0.4752881149155689
16707,0.7323564320758841
16711,0.6674124841546133
16713,0.9032802773526073
16718,0.6229461614497214
16720,0.06552516484372566
16729,0.31228287719209985
16730,0.7473339064976422
16735,0.6862402155927522
16736,0.7767151830541114
16737,0.7533782462461363
16738,0.7470628312959542
16740,0.36343285719055896
16745,0.3514544891765869
16746,0.2996540940408517
16748,0.8605970179559967
16749,0.4883147538236022
16750,0.29694780241522767
16753,0.8920445499874005
16756,0.24744594871123546
16757,0.6927381062004863
16764,0.592994993534088
16768,0.7266526398107408
16769,0.6690451957084732
16771,0.7203504341984648
16773,0.6433535014714046
16774,0.6648518597715133
16776,0.5747749918495196
16778,0.5103220569207209
16781,0.5447271874311991
16782,0.3438776349832917
16784,0.4312855607720669
16786,0.47830718205844397
16787,0.2717203615033953
16790,0.7982213543041663
16791,0.5455414740486387
16793,0.5192586462076813
16794,0.058571928151610934
16795,0.6501754719081884
16796,0.08603583776979505
16797,0.6999530117851751
16798,0.5108639772855436
16800,0.3439340393187189
16801,0.19434372768783448
16802,0.6514112304595826
16804,0.520872515358679
16806,0.5752834536395557
16807,0.8764775622267281
16808,0.13365184479802114
16809,0.7794638079301269
16811,0.46226521639371604
16812,0.32407478944257556
16817,0.5997797856073894
16822,0.5936975024507293
16823,0.33750321518878845
16824,0.3585205019545473
16825,0.518191364855787
16827,0.5517478788197331
16829,0.5055685514517624
16830,0.784797404769028
16831,0.568414164469682
16832,0.36915273823916867
16834,0.5306700559704546
16838,0.9250082787482322
16840,0.9375969678233956
16843,0.6937000915761267
16844,0.5736116366367654
16845,0.4855956097711146
16846,0.2657853212113953
16849,0.8166820551167938
16850,0.04200071130882621
16851,0.5603576235042618
16855,0.48860449596183875
16856,0.4309540043714967
16857,0.35902045137264116
16858,0.553696699210951
16860,0.3503019100050253
16861,0.6653051081040405
16863,0.20121991108322293
16864,0.3494913132339076
16865,0.7488200338525374
16868,0.8178155389801143
16869,0.3579000364733305
16870,0.6427474397931092
16872,0.5427099699388451
16875,0.5257111796353524
16876,0.6842733711138095
16879,0.1258555404224534
16881,0.24390513761213975
16882,0.06268165377889477
16883,0.8139939148524665
16887,0.8180938930292829
16896,0.5544513724779797
16898,0.9280911047666774
16899,0.7604558157445859
16901,0.8406111489913983
16903,0.15833704161213202
16905,0.5776749001053885
16906,0.570094412518217
16914,0.7222822400812474
16916,0.6601516939991242
16917,0.2542845727319565
16918,0.13161219436744007
16920,0.6039354543147706
16924,0.6377340371152445
16925,0.7523594812156905
16928,0.6899011551098742
16930,0.8863410201544714
16931,0.6680695053999751
16936,0.5670312614339417
16937,0.7590891092920751
16939,0.2922113259446556
16942,0.6665389870694799
16943,0.49403819430528617
16949,0.5302929863259924
16956,0.6595846343480507
16957,0.8141772101092042
16960,0.39354516911365367
16963,0.5250695971521279
16965,0.8101920591421798
16966,0.11788769227674503
16969,0.622145414958772
16971,0.35424196046119466
16972,0.5442106458597368
16973,0.7174446188764121
16974,0.7941597184096669
16975,0.7591834775974369
16976,0.9616285542119943
16979,0.08983035613856405
16980,0.21052273351046166
16983,0.9553358987125837
16985,0.1998736538314679
16986,0.3057225219714698
16988,0.10636701091182053
16989,0.47131059603724595
16990,0.4842296674901602
16992,0.8507446203521282
16993,0.5141214655886917
17003,0.6886832399829698
17004,0.9251865854739488
17007,0.12966761477111777
17008,0.5972518296882743
17013,0.10328110183541218
17017,0.8498872725682936
17026,0.6732052996914594
17028,0.25722083687721287
17029,0.1848068479947608
17034,0.2329445511828535
17037,0.8425543346043302
17038,0.5762397662743662
17039,0.11854773283358706
17041,0.6656796173166285
17042,0.46726169540431495
17048,0.7812539699784026
17049,0.8441307790168007
17051,0.5087944737851445
17053,0.7819457103611749
17055,0.17722175531227535
17059,0.5836783588444466
17061,0.13765785859615146
17064,0.3408426227220977
17066,0.7039791122416743
17073,0.12309723683332734
17074,0.5138890935615372
17076,0.26876952049387637
17077,0.31386642611046955
17079,0.34893941997490957
17080,0.7586432067453417
17082,0.6248668823362559
17083,0.14014411762220108
17084,0.38923674082075455
17089,0.11205456898115897
17090,0.7059274158962044
17091,0.47000784787516364
17092,0.37116932680466175
17093,0.8210161252657545
17094,0.6569405056972006
17097,0.2917482369485786
17099,0.46032680462110903
17100,0.6761092238667586
17102,0.8937239359478318
17103,0.6044898840257358
17104,0.8897391169819551
17105,0.32953958730636707
17109,0.7971808360685778
17110,0.37522603977703145
17113,0.927280427642624
17117,0.8542279194736164
17118,0.13633546223776177
17119,0.47415336874266995
17121,0.8956939858080704
17122,0.9197251948523117
17124,0.7615790110235393
17125,0.6186386350282339
17126,0.6793204215479459
17127,0.4422411587830066
17132,0.3999287049403614
17133,0.42610275399572367
17134,0.8911654668470599
17135,0.13501824226928258
17136,0.5678665248970469
17137,0.28154429610430315
17138,0.4856414641010262
17139,0.7564581091520755
17141,0.3852060327957493
17143,0.6740384338409194
17145,0.28402506923412146
17146,0.7039733533774502
17147,0.7414587024617151
17148,0.8938889476692311
17149,0.6751659491379487
17151,0.09737203810557081
17153,0.8195538045687293
17154,0.5526731588696192
17155,0.34836226946574367
17156,0.46312973212652414
17158,0.10941662552979962
17160,0.17441109307272515
17162,0.9140306149988386
17168,0.4978394418223568
17169,0.5229487324667591
17170,0.8412989249927291
17171,0.9068159373472183
17175,0.8817607109229786
17176,0.31787335904115954
17177,0.6318672769011121
17178,0.8982333463843404
17179,0.5529822423258512
17180,0.43633897818793277
17181,0.06255755493577222
17183,0.24209820628727077
17184,0.06040296840969393
17185,0.4903854432770328
17187,0.6200830957096354
17188,0.1720711937065522
17189,0.45326197049322897
17190,0.5709443349553829
17193,0.4495044599895186
17194,0.3334582143686868
17195,0.5108226473414197
17198,0.661044451888738
17199,0.7017356915305195
17201,0.12130767240627434
17203,0.12880604562694245
17204,0.501816195085347
17205,0.3815391787565605
17206,0.24365798422116686
17207,0.40046796667041373
17208,0.7060293520132583
17211,0.6034088121389323
17212,0.32893387676526487
17214,0.7496169094644612
17215,0.2267814306554118
17219,0.9394532085549373
17220,0.7921231418381369
17222,0.6617861931805135
17224,0.47687318076736535
17227,0.5580287518836647
17229,0.7617904002052723
17230,0.5251389338424284
17231,0.18770816953939692
17232,0.6666534184318936
17234,0.845302653685665
17236,0.20670965709414704
17240,0.11522774455396188
17242,0.6014676670861852
17250,0.2456554446439491
17252,0.7775351668897988
17255,0.8331627216852104
17259,0.10130167600013731
17262,0.8408359087383261
17263,0.33058177237290814
17265,0.030453765692309943
17266,0.5928161936166788
17271,0.8539506403254881
17273,0.6863001200494503
17274,0.7969901946204987
17275,0.6481071954750154
17276,0.6985909498371489
17279,0.7916237311365614
17280,0.8557739385793861
17282,0.49353334726021447
17283,0.8916586725322271
17286,0.720711732122672
17289,0.9109306673646044
17291,0.5515927408689039
17294,0.08843021191067515
17296,0.3967498364725167
17297,0.7749601873846456
17303,0.6214790277783521
17304,0.8424392521536523
17305,0.5064845467661493
17306,0.3772878197799254
17307,0.7574978067510497
17309,0.44415139739314813
17311,0.5740140427747741
17312,0.6915932774464701
17316,0.8058742795756176
17318,0.35382465285533515
17324,0.3619037343242473
17326,0.2526434697963472
17330,0.080584526876116
17332,0.5855739855560591
17333,0.3243724883453297
17334,0.16012581093419787
17336,0.8051500253971028
17337,0.7986913460329615
17342,0.5827622975746248
17345,0.2898262328337242
17346,0.21083448428311563
17347,0.9287538946044619
17348,0.5892790577780337
17349,0.7445582956649907
17351,0.2124310195577001
17352,0.976380550812588
17357,0.3190511147945223
17360,0.4831321223526429
17365,0.07116727746953433
17369,0.7936069542986999
17371,0.6621658787554977
17372,0.5042781286508758
17374,0.6823025201492836
17376,0.43048162507190213
17378,0.2731330551843669
17381,0.48635699996108456
17382,0.11532705310145237
17384,0.45390660387619747
17385,0.36696961670900874
17386,0.8226011042646086
17387,0.6372350598123858
17388,0.11164750046146675
17389,0.7610902259554134
17391,0.26579425417827496
17394,0.3174389911100537
17395,0.5781506893532099
17396,0.5807358110479668
17397,0.792204718351976
17402,0.49188599657281257
17403,0.05120629504410533
17404,0.17985313254412433
17405,0.5017255079620088
17407,0.9307463994130734
17408,0.8696861900731544
17409,0.7072834776813243
17412,0.6583667477724585
17415,0.13155379458224203
17416,0.3974473370426401
17418,0.4414435601597673
17420,0.7305533785727506
17421,0.6155347889418266
17424,0.2823551493995711
17427,0.5064174195758475
17429,0.956541075710278
17431,0.4473040930939577
17432,0.037968066105742396
17433,0.2626482414224107
17434,0.15309087325000567
17435,0.34789703073672673
17436,0.6543375996819837
17438,0.14766950299033532
17439,0.2659712268331963
17441,0.3947089323065652
17442,0.44607207531621107
17443,0.7849129699021404
17446,0.7097455998165509
17447,0.15525587944875038
17448,0.3460124379281687
17449,0.789258765140628
17453,0.4536821256934425
17455,0.43011984824412075
17456,0.5572696949652766
17457,0.7160644011808505
17458,0.09044382144600273
17459,0.5954651403744993
17460,0.42209157465595704
17461,0.5342507863887516
17462,0.6656354468229864
17464,0.411395596654613
17465,0.24547488678157858
17467,0.5288376370758954
17468,0.05744935588652558
17470,0.21082525515345327
17474,0.14560976093495395
17475,0.19676660023784456
17476,0.2503954539210209
17477,0.7730268118184048
17479,0.25718604857776844
17482,0.5984605664719579
17483,0.9158943186583756
17484,0.2723678287545324
17485,0.37936562670801316
17486,0.5832900021281883
17488,0.20706438375444736
17491,0.6723900720379815
17496,0.3540219799783996
17500,0.283626379595289
17501,0.04650754065597292
17503,0.4372696764278346
17505,0.6631376654451251
17506,0.35919263780291033
17508,0.22091358513205314
17511,0.6428984977428246
17514,0.6551595219443459
17519,0.2582973980784887
17522,0.4172802310007815
17523,0.3748017369449978
17526,0.6964549876562937
17527,0.4572973683636743
17528,0.7699645220146185
17532,0.5707227843724161
17537,0.7972283367124897
17538,0.908915032896958
17539,0.059332652532666764
17540,0.6563952126472109
17541,0.4773189539071045
17542,0.9558385022927133
17543,0.19499565682660494
17544,0.7937624816042911
17548,0.632862435328127
17551,0.43264352018574964
17553,0.8641233781707092
17555,0.6765443920399684
17557,0.5233623284555765
17558,0.2966957809965805
17559,0.8384064491844102
17565,0.8489019377742942
17566,0.6620482949192241
17568,0.31402917042769063
17569,0.5617823914219823
17570,0.7722498786316068
17576,0.4163993994955031
17577,0.5432178496968194
17578,0.12359748434658231
17579,0.33907176547099394
17580,0.5281570866803939
17582,0.6032204378993056
17584,0.781317989880087
17587,0.8515413459542048
17590,0.7876380369018039
17591,0.25491326978614903
17594,0.871165598939359
17596,0.6543206632780544
17599,0.46931870226201394
17601,0.8041213351302388
17605,0.4301785439942951
17607,0.6049750934077832
17608,0.39946783036753214
17611,0.7112025820176776
17612,0.2237634142902733
17613,0.07726493712086575
17614,0.7819453171071037
17623,0.6136148633960462
17625,0.6504529532692109
17627,0.16868540234722604
17629,0.8154558269418899
17631,0.4562848155733787
17635,0.6714038502088354
17638,0.6117663459438537
17640,0.9467440699159285
17641,0.36555459107016236
17644,0.42885652334449376
17645,0.6314257322351944
17650,0.32947733920901834
17652,0.74747725359093
17655,0.3709385974440405
17658,0.7160247782486464
17660,0.9660079997862596
17661,0.1361192398971786
17662,0.395262808574941
17664,0.736814361177342
17667,0.37969329761224446
17668,0.16874566574788727
17674,0.7462011817738706
17675,0.41821715700028256
17676,0.5934635680347049
17677,0.12358133963702275
17678,0.3702733050234851
17679,0.6270646475864585
17682,0.8078301107512088
17683,0.37013739437270227
17685,0.05605979568274176
17689,0.5792775731357923
17690,0.5475865917665846
17694,0.47101623357773037
17697,0.07553882560396115
17698,0.6442719007907299
17699,0.1540930590129095
17700,0.06146173060989111
17701,0.9423331751741147
17705,0.31945664033375826
17707,0.2654008393859453
17708,0.2067932067083066
17712,0.36677060685811697
17713,0.6841893823388928
17714,0.11101856790675763
17717,0.7406143055577927
17718,0.4698915715974964
17720,0.5394366706527146
17722,0.11341140258135675
17723,0.6629562700248248
17724,0.5504930193419488
17727,0.6292513291586487
17728,0.36119166991152735
17731,0.17032490873610195
17732,0.6294021912243404
17734,0.49415629070750056
17737,0.9970627062986511
17738,0.11870570954033037
17740,0.9259338652012357
17744,0.40332380151577346
17745,0.344029517989904
17748,0.697766234913436
17751,0.7516533608956595
17752,0.5887887503967109
17753,0.6544100742447474
17754,0.13425244942715084
17755,0.710006413157583
17756,0.40864496671056355
17757,0.7562198935940996
17758,0.5140741112979602
17760,0.6538267257319224
17761,0.4539529225074347
17767,0.17636781860089096
17768,0.855955548560041
17773,0.7679726430126598
17774,0.9275134057372642
17775,0.6127772443250841
17777,0.5960972167322423
17782,0.19836380648685345
17783,0.8776651930338469
17785,0.6234170514152383
17786,0.845712368603303
17789,0.281011070825876
17790,0.9473406232021103
17791,0.9320492463224308
17793,0.5129078879305992
17796,0.19114032186157115
17799,0.7435280443459121
17800,0.6441051090478761
17803,0.34649529392280426
17806,0.8734669252807485
17810,0.9264920401304405
17813,0.2659089708952792
17814,0.5178925158507389
17815,0.22345052080288869
17817,0.5088567103391143
17821,0.7684363875905396
17824,0.30627953770160044
17827,0.5018089300748927
17828,0.3553413895583433
17834,0.8526559227606915
17836,0.5568735411606552
17837,0.562773010251836
17838,0.6380503656540892
17842,0.3880021784338254
17846,0.6491191190148812
17847,0.1902641760742284
17850,0.05604814154566394
17855,0.3904045000401808
17857,0.1269465865510299
17860,0.223668777037681
17862,0.3065653277059642
17866,0.7180260013330771
17867,0.4132882961872182
17868,0.25815106813866806
17871,0.5624140928173369
17874,0.24316670483913855
17879,0.8234169461950066
17880,0.7107169708001717
17885,0.07799258590430301
17887,0.40317555715503184
17891,0.4682993440249387
17892,0.9052507099833828
17893,0.896780565489415
17896,0.46051526920676517
17897,0.4867622013689704
17898,0.7392914634338565
17900,0.8690591787961929
17906,0.571937946849792
17907,0.36672457219540394
17908,0.6764131680559482
17909,0.6892972751443318
17910,0.5928153443336535
17911,0.658233179246109
17912,0.17082513551880435
17913,0.5405189147212097
17915,0.8748212348424276
17916,0.723507503720515
17918,0.4979351052412762
17921,0.8831397495718778
17925,0.42346834823714175
17932,0.22632842507746476
17935,0.7543821863914754
17936,0.28557750037791246
17940,0.5577329917818804
17941,0.6346972431494643
17942,0.7375351712997791
17945,0.3172951919131917
17947,0.1512362609329464
17948,0.3886655963581502
17949,0.7989473906633919
17952,0.4281833556615282
17953,0.23343349558612256
17955,0.667847085947612
17958,0.7788291986181263
17960,0.7767954732913189
17961,0.21035690879272956
17963,0.4087538464381143
17964,0.17436104557402304
17965,0.2021618943265459
17967,0.6426678531403923
17969,0.6491104183947551
17970,0.13823093388562013
17971,0.8564699515551978
17973,0.655377464095298
17974,0.28496035176397017
17975,0.3605604922733167
17977,0.25263324735640913
17978,0.46963210096158853
17980,0.7824394164208242
17981,0.17239479959330203
17983,0.8187461086745842
17986,0.16628472032731278
17987,0.3761218449582729
17988,0.5210916572375464
17989,0.7291359456069433
17992,0.6287126404966376
17997,0.21687373555959924
18003,0.374876008792867
18005,0.8970852832864419
18006,0.7835674400755365
18007,0.7765009020708938
18009,0.8125562648203044
18010,0.4975845239691
18015,0.22675931624589823
18017,0.39856685781628326
18018,0.2611128302911729
18019,0.8387310134950438
18021,0.44073030134506047
18022,0.3105210404384088
18023,0.2773675969136068
18024,0.325402741679392
18025,0.052545156390321465
18026,0.3403974041621845
18028,0.20944340130917852
18029,0.7239523702515278
18030,0.24441330503450512
18031,0.6823658147720412
18032,0.7609944786008938
18033,0.4219035458540712
18036,0.8414187552718989
18037,0.35203293073974096
18038,0.5463820597331391
18039,0.3385187184971479
18043,0.34331794983832226
18048,0.38493449863645474
18049,0.4693263971725465
18052,0.7361686622510373
18057,0.18590861496822653
18062,0.7706660861991358
18065,0.3112387899666452
18067,0.3100815605121053
18068,0.14073275946717922
18070,0.319919312896442
18071,0.6181864629961514
18073,0.6573376013801492
18076,0.5019003073918363
18077,0.6545980468138604
18079,0.8484158371459731
18081,0.821772632750625
18082,0.3871560629766888
18085,0.36727546621579327
18086,0.43899319024657013
18088,0.3340147376398009
18091,0.8203061608290192
18092,0.7193680345772493
18093,0.09671922556359863
18095,0.11615272047547505
18096,0.38792988683740376
18099,0.5289158979229548
18103,0.13206832879355299
18108,0.13318022526234854
18109,0.7465537206941136
18110,0.5285120354936804
18111,0.8135090365153615
18113,0.1347001255972745
18117,0.6060981432184271
18120,0.45040353453591975
18121,0.5831493522829353
18122,0.670564000648336
18123,0.09574449969798217
18127,0.537200059227751
18128,0.6482680479202736
18129,0.4428409024663858
18131,0.8089909738960696
18132,0.8416598224161888
18133,0.6309023543578864
18134,0.28018068645240757
18139,0.5137360712063611
18142,0.168057213516309
18143,0.3938816251805048
18146,0.3097138215708042
18148,0.5213195184313056
18154,0.8208385815333277
18156,0.6961671612239649
18157,0.2292925069724592
18163,0.7296293178608584
18164,0.6863711728622587
18165,0.39009650355048736
18167,0.5320902590955761
18170,0.6076903458573113
18174,0.7676827494109754
18176,0.8074721941315774
18177,0.936401692688222
18180,0.9126086267308808
18182,0.4770397142838466
18184,0.2494154095699855
18187,0.18884263043101793
18189,0.3030973961161593
18191,0.7078213456618987
18192,0.0396946152154965
18194,0.5147543201986486
18196,0.2976882677124385
18197,0.8043027251372531
18199,0.32880199357114015
18201,0.4022621627869304
18202,0.44174004647162896
18203,0.46102179313626157
18208,0.632993637704319
18209,0.4534505517589224
18210,0.6590111706726036
18214,0.8436587736271978
18215,0.4510009792757276
18219,0.2788625829804978
18222,0.8711477363214066
18223,0.2731358555437511
18226,0.661536076797175
18227,0.5285044635801465
18229,0.06826593097152753
18231,0.45154244894649714
18232,0.5773920227919712
18236,0.6213010790538768
18238,0.47743668341575213
18240,0.19011258577608106
18241,0.8631794069899493
18243,0.6478444025916439
18247,0.7158174337987703
18250,0.17401450627307627
18253,0.1597827435647697
18254,0.6076950341808974
18255,0.5054006107707024
18257,0.7291853746698679
18259,0.763247110301339
18260,0.753489231148654
18261,0.2968180790177585
18262,0.11477004809968279
18263,0.5031096248410628
18268,0.7474952356001886
18271,0.31179774342456235
18272,0.7759229578425405
18273,0.3029256827194746
18280,0.8332506909463427
18281,0.7983112503700648
18282,0.6031012202568466
18285,0.14107772843431848
18286,0.4778584784554006
18289,0.8628348960993789
18292,0.44018814785278865
18293,0.7872473969003154
18296,0.8160148514373665
18301,0.6402266499714698
18302,0.6936842251501192
18303,0.33905488675244516
18305,0.12326476589479715
18307,0.5341738215693302
18309,0.7579856103583863
18312,0.7964864603462689
18314,0.5622948763050328
18316,0.32558297894045984
18318,0.6812911824756401
18325,0.19139882042365328
18326,0.27247740741323756
18327,0.4250958455547394
18329,0.5351766240765714
18332,0.9579917067515399
18335,0.1597901822010425
18336,0.8085938338163026
18337,0.044718758937960956
18338,0.9088999108025636
18340,0.5856714360936368
18341,0.7704940968425804
18342,0.7022139938631359
18343,0.8629222637462293
18344,0.6628795896236902
18346,0.41733041973027757
18347,0.5730408700471462
18348,0.8879010880757905
18351,0.32031196215695423
18352,0.17917052260409314
18355,0.2255335456984062
18357,0.18063118082083954
18360,0.5336935676400043
18365,0.18668568159166796
18366,0.44217111560231054
18367,0.3722619637745015
18368,0.6853151563787424
18369,0.6185154602397372
18371,0.3549577115852662
18376,0.6524942175967858
18382,0.6518016820258998
18383,0.5408088652161714
18384,0.490757344614012
18385,0.7680025886326961
18387,0.5897838510943398
18389,0.8195509778939574
18390,0.4496183355738637
18391,0.46686162168291495
18393,0.5055243849755913
18394,0.30722214149430255
18397,0.2532293605718635
18398,0.8818636153875655
18399,0.3000059609750062
18400,0.4063505620316988
18401,0.7305025078624169
18402,0.738538021130659
18403,0.8397344918430373
18406,0.9126432832185628
18407,0.7828303618318968
18409,0.9410468685458855
18411,0.5081455689166899
18413,0.1817057254918721
18414,0.5664257311185676
18416,0.2684970326149736
18417,0.676826860941568
18418,0.6963143547860345
18420,0.7419397687936927
18421,0.6601965901740058
18422,0.5076168989048347
18424,0.9009766868254869
18425,0.19096513614492705
18427,0.48328002515340535
18428,0.2311643636649324
18430,0.43840112729035086
18432,0.5756936618865075
18434,0.20328422738247715
18435,0.9621525118488921
18437,0.18092124819359895
18439,0.5962243932373213
18441,0.6246330812192258
18443,0.778476103167113
18444,0.6026101004642432
18445,0.4954754974658854
18448,0.3129776417770233
18449,0.47380057101203144
18451,0.45316181971341474
18453,0.20056451431694544
18458,0.6720050226561686
18462,0.4100626969229922
18463,0.517301746140741
18465,0.401474048871173
18468,0.6968573698752223
18473,0.70840962799217
18474,0.34945216535180035
18475,0.8588972155192179
18477,0.790733605796951
18478,0.697676378351291
18481,0.8617795391691203
18482,0.880688597694812
18483,0.3158275784483447
18490,0.824575686536121
18493,0.5252788356664995
18494,0.6681818405879073
18498,0.3677917194864621
18501,0.7843987255660262
18503,0.861601726568549
18504,0.06902558886705835
18505,0.5898029770809529
18507,0.44866551733236143
18508,0.8749825285053571
18512,0.6094260587026972
18513,0.2796402227630315
18516,0.5042511554137699
18517,0.6977317911720763
18525,0.4936935260552011
18528,0.6977127964931222
18531,0.6061952376169251
18535,0.6624853228872828
18544,0.4521641415439577
18546,0.3105939594857217
18548,0.8560180003686609
18551,0.4542189510954313
18553,0.31859864465965004
18554,0.11616680306494999
18558,0.925523264262024
18559,0.5256818444562384
18561,0.8192157422725745
18562,0.2907833727115922
18564,0.718116087124362
18565,0.309262374766847
18566,0.6521609202944187
18568,0.37539763345293536
18569,0.7511170381326427
18570,0.8693515521749409
18572,0.4435456783770735
18573,0.7546455841986914
18580,0.39140022866867635
18581,0.8712292050805505
18584,0.5809185533445363
18585,0.5077762912707936
18587,0.23672214734175923
18590,0.6548655807106545
18591,0.3812005347529494
18593,0.24329016812155807
18594,0.8595897214588355
18596,0.3823672273576274
18598,0.12437098678120964
18599,0.1902642145543476
18600,0.5347583726651215
18603,0.8549948254480596
18606,0.1991945611590996
18609,0.6130231113240094
18612,0.9364373346306202
18614,0.8204500948363009
18616,0.7262136856883138
18617,0.6347206602714381
18619,0.9027570721278553
18621,0.23716406630103717
18625,0.43925428988007914
18627,0.8322163347126568
18629,0.46464545223040554
18636,0.6306458591577081
18638,0.7172865780472162
18639,0.8975219142128158
18642,0.1570811439900394
18643,0.09910464247081656
18644,0.511747242627312
18646,0.25458015552862184
18648,0.5342788120279235
18650,0.82431199729412
18651,0.5799792077367187
18652,0.5693314102432308
18655,0.4854473044684873
18656,0.45058743981546934
18659,0.2842688558983527
18660,0.6943025175334964
18661,0.33498841226700504
18662,0.8748890012882888
18666,0.6380273670745966
18671,0.8424097568986687
18672,0.8446248516095338
18673,0.23734225614757437
18675,0.8468296115817027
18676,0.6899337451631942
18677,0.799603379594361
18682,0.5153255220478686
18685,0.5390447982246171
18686,0.17624637837353088
18687,0.9541460293865219
18690,0.9441248149175328
18693,0.6232818461749059
18695,0.3654948804281032
18699,0.34537134578205453
18700,0.7467633517912828
18702,0.30578407201761115
18703,0.704749835523536
18706,0.8922242132909481
18708,0.6617494772725404
18709,0.13268336371456518
18710,0.704181631663526
18712,0.8949167451752519
18713,0.37762044856664095
18714,0.21193019819947329
18715,0.9733775370687072
18717,0.1261502616252028
18718,0.1628260710257258
18720,0.7752377593271967
18721,0.7142911646736323
18723,0.5877873022796647
18725,0.5732658627342133
18726,0.6955179960126928
18728,0.35865868386327204
18730,0.4428969593187119
18731,0.34651971507019896
18732,0.7713995226151931
18734,0.8949574041392785
18736,0.325843450236473
18737,0.6304126688874263
18738,0.5920569424219794
18739,0.2788859795585351
18740,0.4989958051496694
18742,0.20863327771484663
18746,0.7135056405874007
18748,0.39177173881377025
18750,0.35999959830767014
18751,0.7449652310795424
18752,0.2744860557989395
18753,0.15925130715322866
18755,0.05164096623588931
18756,0.13406832327613102
18757,0.6864021939388846
18758,0.7705964057836827
18761,0.26516934137457243
18762,0.28018799035617165
18766,0.3337907849499701
18767,0.7839534415012145
18768,0.36533389958987283
18769,0.6169958134717731
18770,0.10594196227807702
18772,0.27842526692640845
18774,0.48837511915389087
18775,0.11603363778264603
18776,0.6819990593903429
18777,0.6104745759532689
18779,0.7301276779082277
18780,0.4519606065584388
18784,0.18740781458505953
18788,0.17950424462571535
18790,0.3574663110352234
18791,0.3653805183683039
18792,0.3779496889790755
18793,0.5562576158227949
18795,0.20784805794010128
18797,0.3520177720173632
18798,0.5137623310387189
18799,0.9369289338770029
18803,0.7793747486247692
18805,0.7602353995365785
18806,0.4334314122591953
18808,0.8714302326640011
18810,0.670813465275876
18811,0.3970759908768132
18812,0.9023559490890413
18813,0.4184199139356213
18818,0.6704974630504034
18820,0.9165837252251805
18821,0.27821012921819094
18822,0.9180439183363924
18823,0.5592869760812986
18824,0.4202542611906254
18828,0.3641191029509672
18829,0.14793341126222892
18832,0.9107934001483599
18833,0.7085429538743605
18834,0.22841167395345396
18837,0.5716395420148915
18838,0.29494142058705985
18839,0.7977642066930987
18842,0.27358386730743484
18849,0.7423325288824205
18850,0.24615918551551347
18852,0.6544907409433928
18857,0.11086629063389553
18858,0.7502476666509603
18860,0.7675632024588824
18861,0.618754117168834
18865,0.41225489891157147
18866,0.5959440582169129
18868,0.6074182730811765
18874,0.862163616278466
18875,0.38524864743177756
18878,0.7826881231676794
18879,0.363589963266089
18882,0.6328089727919544
18883,0.4628158926424869
18885,0.06260862074123934
18887,0.6543159604279287
18890,0.7653354859870015
18892,0.7058183908998735
18894,0.8464971645818403
18895,0.41304827431436886
18898,0.8864174276596288
18900,0.5155415182329727
18901,0.1701206784757062
18902,0.4171594952920416
18905,0.8261245925599212
18907,0.8007397612920935
18908,0.33162871205244177
18911,0.4914180252817214
18913,0.5508002052685548
18914,0.7038979613430381
18917,0.4213721566110567
18920,0.6485756419398099
18922,0.5579744001559305
18923,0.6210938397127821
18924,0.5853940724739964
18925,0.2181569242689822
18926,0.48541163237256213
18927,0.7892540510348374
18928,0.26221435455370873
18931,0.5464826946459901
18934,0.391230231075806
18936,0.6019415110917677
18938,0.3296758379565687
18941,0.2123416146130749
18942,0.392445038429157
18950,0.5198726080062623
18953,0.6807142833082975
18954,0.5062936050213641
18956,0.36689615260586034
18958,0.5054519469473486
18959,0.4572029722544152
18960,0.5131781145299104
18961,0.7449355009634459
18964,0.3050204612448602
18965,0.8106575320735618
18966,0.5109913059326958
18969,0.29121889869060047
18970,0.5878240320754479
18978,0.90915225536582
18979,0.6151518425374277
18980,0.3195132803353924
18983,0.13060298212878113
18986,0.21243628932418007
18987,0.05899261867729752
18993,0.6457557626962398
18994,0.6674084284965086
18999,0.8411637272888127
19004,0.7429010467414864
19006,0.3507793872737551
19007,0.6898825977597046
19008,0.23602151428325147
19010,0.550450227702865
19018,0.7728443470631872
19021,0.8358767874762778
19022,0.5557099445212408
19027,0.7728876923642629
19028,0.2908427496528205
19031,0.5706647709830948
19038,0.36711204660625824
19041,0.2521610340644483
19042,0.6041513078249443
19045,0.5446213265642359
19046,0.9210027202020762
19050,0.1124039169815651
19052,0.3198951233611686
19053,0.33188908096056297
19055,0.9249261692400207
19057,0.8615884759673116
19058,0.8795085917390943
19061,0.4043448166091819
19063,0.12686736993573788
19064,0.5322522138045809
19065,0.42178702412291197
19067,0.537397220456377
19068,0.6835702243352483
19069,0.3943926286778926
19070,0.32340985525411436
19071,0.7223296347533614
19075,0.38585056601807394
19076,0.29812297032214263
19080,0.12144044835766282
19081,0.622386886602952
19083,0.12350028430188549
19085,0.20347541789785556
19086,0.903038402853965
19087,0.6488989682463808
19088,0.9272143272413363
19089,0.36592095085913073
19090,0.3699461354917343
19091,0.4181489069644788
19095,0.5324398293643974
19096,0.3105427309095625
19097,0.7539192962889147
19101,0.18034332822002574
19102,0.4554600582324819
19104,0.08074148496169815
19105,0.2633261215892386
19108,0.20045947686639065
19109,0.1517203510261328
19112,0.7165825489101201
19115,0.7720829637342531
19117,0.8706298610059121
19118,0.07047775617481823
19119,0.14655831705844946
19120,0.888064273539424
19124,0.8282264849768631
19126,0.16413434070858193
19127,0.2709799050487413
19133,0.6105368505636826
19134,0.5569240316876528
19136,0.6511746942076303
19137,0.2260232745580051
19138,0.3642924202471524
19141,0.275309087035153
19142,0.7208735170998374
19146,0.3023739987616127
19147,0.5782666840822457
19149,0.4462433786500689
19150,0.6493592074753369
19153,0.7579852218739243
19154,0.07550805436113818
19155,0.46164913659906404
19156,0.36158730100443554
19157,0.9190861926995794
19158,0.5460076056319548
19162,0.7511186470011176
19164,0.0934747670711649
19165,0.4767761311103794
19166,0.0641371728158436
19167,0.4523363107117068
19168,0.7827970432421332
19172,0.6575411090103032
19173,0.19477698224481105
19174,0.6571397268515176
19175,0.873108449854385
19176,0.6903641746795145
19180,0.82196150393568
19182,0.13484537015099685
19184,0.2921796633102493
19185,0.3153030756967759
19186,0.9253387703366511
19187,0.2623785901573479
19190,0.29858057851682024
19192,0.6369753796522402
19194,0.26740318512947353
19196,0.7860863532606289
19200,0.38234171680970686
19203,0.294846807110546
19204,0.9406061543151323
19205,0.36512838772848405
19207,0.10761292271931658
19212,0.7360467134937003
19213,0.6456061879755599
19218,0.44169848036239645
19223,0.7675017731767213
19228,0.6022297803416439
19229,0.8522606524384874
19231,0.8647360032926865
19232,0.705182775912439
19236,0.8699957539574424
19238,0.32982389932000183
19239,0.41662886609853644
19241,0.5398197985403704
19242,0.8884605541481023
19243,0.5731614843127011
19246,0.5733433718149729
19247,0.7508512461805967
19248,0.23304420553482583
19249,0.7823316409050113
19250,0.7115475700356857
19251,0.6369826213799707
19253,0.4302174399530001
19256,0.6559037813571933
19258,0.5294210195136974
19259,0.7100715404240276
19260,0.5635094715876485
19261,0.354560908761887
19262,0.8478201232003875
19264,0.32776199878160567
19267,0.5764974674149831
19270,0.397164277402748
19271,0.7497467821750062
19272,0.9327853165278592
19275,0.3162923506275609
19279,0.3557139080882929
19281,0.7197831999318693
19287,0.10365137357723292
19289,0.6982986819635824
19290,0.10906100820359513
19291,0.4874295053302726
19292,0.6988416047598012
19297,0.7967976890258494
19299,0.8264744212730667
19300,0.47032860560847983
19302,0.2980596154122198
19303,0.7500797481529368
19305,0.31354296923065694
19306,0.40744334905114105
19307,0.865938590253627
19309,0.4619149053271593
19313,0.7831525325526667
19314,0.6260156251348878
19316,0.810291603042675
19319,0.15740788946841883
19326,0.7179114461551215
19327,0.819414388025078
19328,0.634326444772956
19331,0.73768600905798
19333,0.7778661466961043
19337,0.6642067856424367
19338,0.5341669241243209
19339,0.29378666062032943
19345,0.7485565590288457
19347,0.3769343682857125
19348,0.2999567645385413
19349,0.29086288749601685
19350,0.21896773048129034
19353,0.12120393581419751
19354,0.18525501693312776
19356,0.5457024724074834
19357,0.8751358496498697
19358,0.6416704068824398
19359,0.01596756608000674
19361,0.5874567999786603
19362,0.6728687665571564
19363,0.5378325667906929
19364,0.6384217918197335
19365,0.4826540184465238
19366,0.7866581812267196
19367,0.1963702574684182
19372,0.5971406267830999
19373,0.8695911216480189
19374,0.17878388059708558
19375,0.7500489083235309
19376,0.8298430506228307
19377,0.6036170120460893
19378,0.38245080595211867
19383,0.6671465520650989
19384,0.5129475144168992
19385,0.6647794022671035
19388,0.6293681513696069
19390,0.9930679284384916
19392,0.8289881791555913
19393,0.39942586179555445
19396,0.46456525361786194
19397,0.20593294090763306
19398,0.8600842103222172
19399,0.7331742783885601
19400,0.6396523318797281
19402,0.36916703716075794
19404,0.17092920266310002
19406,0.1054534197876372
19407,0.4076801505718903
19408,0.2228765970108675
19409,0.3516212886817708
19411,0.8090143371263633
19413,0.6200278757116153
19416,0.7735314416825082
19418,0.811897813943756
19420,0.3268419761397535
19421,0.3220452709885684
19422,0.6806677197232731
19429,0.6071956647456336
19430,0.49265606132498063
19432,0.607413805805787
19433,0.06351659414966823
19435,0.6853247098918319
19436,0.722306495201728
19437,0.6993476215008309
19439,0.13509564236512178
19440,0.43442637096113207
19442,0.3233538755657411
19444,0.05295049053446051
19458,0.14027869380284214
19459,0.9228351529956349
19461,0.25575493332954935
19463,0.3314728967885953
19466,0.4045588394980304
19468,0.4996386605434656
19470,0.44761016211878013
19471,0.1751579394319719
19472,0.6534743384651558
19475,0.6385774319687834
19476,0.64304703198228
19481,0.264231643502105
19485,0.8007833393305839
19489,0.8600418854849746
19490,0.501740556878692
19492,0.39614784485583926
19495,0.11314043928914969
19496,0.29878157923295817
19498,0.8131712762590867
19503,0.7904022793811583
19505,0.8153504363756507
19507,0.3194486535190052
19509,0.5845608762402527
19511,0.9292239234999741
19512,0.2614170003701308
19517,0.6904734119559177
19520,0.7653698551360337
19524,0.6307298405258339
19528,0.77092275645724
19529,0.7641691730931803
19533,0.4433541765400589
19534,0.3431815916016948
19538,0.6854257342036583
19539,0.47922037903380504
19540,0.6546073149654487
19543,0.7353342986614634
19544,0.8045795698828697
19545,0.598479341313831
19546,0.6214039649542186
19547,0.6137117579660666
19549,0.7286970344741822
19552,0.2464159377882987
19553,0.511146211616277
19554,0.13606269470036714
19557,0.6600126357341003
19560,0.6590825394464441
19563,0.42457290489653876
19565,0.7185517431336155
19567,0.3092542414766225
19570,0.7950645956963188
19571,0.23077011400260747
19573,0.6825182337126418
19577,0.6870378463471989
19579,0.6305553531052315
19584,0.5948556314263457
19585,0.4019513308879114
19586,0.8065541655495347
19587,0.7654977540930064
19588,0.2996066245423185
19589,0.4487572738150659
19590,0.1574011261032177
19591,0.7024299911733474
19597,0.7442317104917805
19598,0.2844632268203492
19599,0.8994769289971173
19600,0.38928676662856165
19609,0.9994136366220877
19610,0.8252563459252775
19614,0.854031882877357
19615,0.34647260278311337
19616,0.07711780963478158
19620,0.5249021627705026
19622,0.6828142267173768
19625,0.275856592674097
19627,0.819499548275174
19628,0.327440834594387
19631,0.47729087321214364
19633,0.8460363018990279
19635,0.11344913447365546
19637,0.32913279758771247
19639,0.32441246178585076
19640,0.8255358240352253
19641,0.7683196292913712
19644,0.8243452367178259
19645,0.1688992108121349
19648,0.7307172657034501
19649,0.8406864759667982
19654,0.6593636456117395
19656,0.6506539451287623
19660,0.3012067937001098
19661,0.8223624123007909
19662,0.41189980759831873
19665,0.4099260138638458
19666,0.3059050592863449
19667,0.6839164467842044
19669,0.5830221031789609
19671,0.14593730028465954
19672,0.5843340786071941
19675,0.39248449169710486
19682,0.185796356318212
19684,0.12726233262256348
19685,0.6202427070166111
19688,0.12722589278217217
19690,0.8063873637577823
19695,0.2522056464393736
19696,0.183562714475825
19697,0.44100027975421846
19701,0.8066740517438132
19702,0.538632622187421
19706,0.632039994425221
19718,0.3774293965210502
19719,0.41998802900777
19720,0.860404796460349
19722,0.541692421619803
19731,0.7502496430805813
19732,0.09946040377161172
19733,0.7618237130206829
19734,0.13567474094733897
19741,0.2226932748206
19749,0.19225596638020878
19751,0.752686731361209
19753,0.9076956338307909
19755,0.7400999220683626
19763,0.35698100151986994
19764,0.44307195974104385
19768,0.23754073177821808
19769,0.6604022099614895
19771,0.22266920895893572
19772,0.46811982999092594
19775,0.2858214625817281
19776,0.1388196444169509
19777,0.1652808073098822
19779,0.7204069959335219
19784,0.5940786585822567
19786,0.8437903974048618
19788,0.7476921107812164
19789,0.45834787568829594
19791,0.12548292096050653
19796,0.34836538718542864
19797,0.1934695444253736
19799,0.7265857044318461
19800,0.8238288551397688
19801,0.36216699864914814
19802,0.43583909159438156
19803,0.330382782294873
19804,0.8785794335212712
19807,0.4958850838877947
19814,0.32573346610474563
19816,0.2048311188953232
19818,0.41181532200008236
19820,0.8008968134565132
19821,0.15494069669787935
19822,0.5244548618925929
19823,0.08665411971223948
19824,0.4248252476339597
19825,0.402910001000243
19827,0.4164560227537842
19831,0.8110312784169066
19832,0.32087322041639627
19834,0.7983361770792762
19835,0.0720336775061547
19837,0.28574640254171196
19839,0.9154838945427484
19842,0.3152083575087992
19843,0.40355143912045827
19845,0.785912138995306
19847,0.20662524183411968
19848,0.5078890881487143
19850,0.5482899119918079
19855,0.3566493140852314
19860,0.6013551550814332
19862,0.9521639489710214
19863,0.6725887819223759
19867,0.43794956802346763
19871,0.3804121278804709
19872,0.4779502108309699
19873,0.8140974693359352
19874,0.26275032545063876
19875,0.46295739414646386
19878,0.8845726286309987
19880,0.5996309801441763
19885,0.8486411650663386
19886,0.10967744236076651
19887,0.5383735048404183
19888,0.5139059101665052
19889,0.5882124316817039
19893,0.5860792858131398
19894,0.6150813279567252
19901,0.6016813415171378
19902,0.41667052296505297
19905,0.6473387746884518
19909,0.35309643682422714
19914,0.8851656529589427
19916,0.2581630347805301
19917,0.8184149122477185
19919,0.2097289567333997
19921,0.7981861512140687
19922,0.3629576905579395
19923,0.02679343432848386
19924,0.21312254242526
19925,0.3032792115907226
19926,0.34445721880004476
19927,0.2564238887222809
19932,0.8761580146333373
19934,0.3553858268158239
19935,0.6719480749302547
19938,0.9730137853263118
19939,0.4991688540193165
19942,0.6877450429092944
19943,0.7067336960130095
19944,0.42368014091006156
19946,0.18603370786335174
19948,0.4688907048075626
19949,0.8308286191343414
19951,0.6181519305694958
19953,0.7101906522806599
19954,0.580535517092982
19958,0.406371427374836
19959,0.7112153419500651
19961,0.17029130956536453
19962,0.5912889552568296
19964,0.42999130130529345
19965,0.7936520922956942
19967,0.3027727791323294
19968,0.27724761363075495
19971,0.7595839491845856
19974,0.6586959742876509
19975,0.1459489859622727
19979,0.4007340965302066
19980,0.8695721839557043
19986,0.4932806927944477
19988,0.7703369735139657
19990,0.6843010180720779
19995,0.6845831120509281
19996,0.25262205706566765
19997,0.9825809891172661
19998,0.4735331685149824
20003,0.2769598040698643
20007,0.30507470232804407
20008,0.19896868683224728
20010,0.7874738653663794
20011,0.6595888439534082
20012,0.2516169084032312
20013,0.5623479914636821
20014,0.5909544129697814
20016,0.4310624224012477
20017,0.6900986644590342
20018,0.1932527881879528
20019,0.6528662132304196
20022,0.38255331707119766
20024,0.32478610204788955
20025,0.5070940388239618
20027,0.5270289200305729
20028,0.7420740827363154
20029,0.6376287122822426
20031,0.47308548902443387
20034,0.6406417027937692
20036,0.8331096749693837
20038,0.8371885127599278
20039,0.4831663511496512
20041,0.9740571479672063
20043,0.4752777037658779
20045,0.828549212572777
20047,0.1819469792215344
20048,0.35745764810650393
20050,0.791885444697403
20051,0.2157304200155873
20055,0.59506294080341
20056,0.4564474996390523
20058,0.7448738823972684
20062,0.9384886830514132
20065,0.4699832597187309
20067,0.737509216768358
20071,0.7100547091040335
20072,0.12477058500490615
20078,0.5525539198539843
20080,0.2591993326050761
20081,0.5176210464751673
20083,0.08801691442441281
20088,0.831675064448216
20089,0.5204750568278935
20091,0.30353282424695543
20092,0.3568799911675951
20100,0.7353626769756878
20103,0.4220464613490064
20116,0.8349203598285502
20118,0.27995460924345045
20121,0.23407241762095032
20123,0.7632762350321821
20124,0.5927589685768231
20125,0.717832064942684
20126,0.43530820130466163
20127,0.3536367523848465
20128,0.507129773286591
20129,0.45558050629453767
20131,0.20202436302092
20132,0.42007298873251014
20141,0.6661391588544867
20142,0.44772868240063657
20143,0.8112639067622833
20144,0.7210071841076893
20145,0.4977545697847145
20146,0.7116524015100898
20147,0.7860272243883196
20148,0.26602368267584225
20149,0.7627892267654399
20154,0.3719238864508937
20155,0.4211420537463415
20163,0.6897375691718531
20164,0.6285381518461151
20165,0.5629339861072493
20167,0.19647997948445164
20169,0.693773989587961
20171,0.5968550826982556
20174,0.6144917020667252
20178,0.4754557343189807
20179,0.4770340395111317
20181,0.13731868818614204
20184,0.9134023608034041
20190,0.13652271467243035
20191,0.6318486839900516
20192,0.588494074586097
20193,0.41228961177917534
20196,0.3708224528359667
20201,0.8799017557191848
20206,0.7444782752372788
20208,0.37472536734590695
20209,0.1276286943377159
20211,0.635336298998912
20212,0.5317158507033759
20216,0.6304563853619978
20217,0.6645742643598997
20219,0.6297940960250434
20221,0.5903304211994653
20222,0.7757294925672896
20223,0.6416470812448285
20224,0.18372005159160276
20225,0.5394456255566396
20226,0.6330870335110822
20231,0.6332023228218887
20233,0.22793225418329907
20235,0.39166665450988963
20237,0.91363633094553
20239,0.6114792323995458
20241,0.36883030872101763
20243,0.12930603881400915
20244,0.9907051564256985
20245,0.8192121770989923
20246,0.6843631800235851
20250,0.3930850245496343
20252,0.6494320662240592
20253,0.6211607155476284
20254,0.7048073329238443
20259,0.40358736532152595
20264,0.17979142858049776
20266,0.23712930783878008
20268,0.8807426745312634
20270,0.6823233558546931
20274,0.18024908427259095
20276,0.37813787727645665
20277,0.39394012722108496
20280,0.2570608873929504
20284,0.8669263025326066
20288,0.6998732483902986
20289,0.5627435185334587
20290,0.5760639039202153
20291,0.6281280540637763
20292,0.1793911937518643
20293,0.4014130296792621
20296,0.8652245511610793
20297,0.8849051194284969
20298,0.5886147166475907
20299,0.42270416129759447
20301,0.8131907047461483
20304,0.13726183921621812
20305,0.6706480181014534
20306,0.2614292526759239
20307,0.44671824560529666
20309,0.7156950335726825
20310,0.17527904156372884
20311,0.42833987911167287
20316,0.49076540880129604
20317,0.8753963827294938
20318,0.4291550042627518
20321,0.5288501966067913
20322,0.4261437363241472
20323,0.8857562026877502
20324,0.5169680549723381
20325,0.3873500389913289
20328,0.20118210908767054
20329,0.3406865430092319
20333,0.5579213231364014
20335,0.5018462948905544
20336,0.5494130988785922
20337,0.1443126193444454
20340,0.6234783517874355
20342,0.10069833829937017
20343,0.8416583832673552
20344,0.7397224773156758
20345,0.2884275187852047
20346,0.16963372774096544
20347,0.17173999127759526
20349,0.6063033027286898
20351,0.02953135166503663
20352,0.6399720904945418
20353,0.18930341363425457
20355,0.4510076477123972
20358,0.28325443161046965
20361,0.363413140658089
20362,0.6816080954251278
20363,0.3452705708120699
20364,0.1618540711931666
20365,0.8415534884139589
20366,0.2517715968709236
20367,0.23177277866108056
20368,0.6269439873936
20369,0.5341729872374373
20370,0.23477962883352882
20371,0.6442180730492453
20373,0.5101331584421724
20376,0.18381764814468518
20377,0.6124469166295133
20378,0.2943633395973874
20380,0.4275089301260525
20384,0.28873228720605604
20385,0.4956200940210525
20386,0.87535935975761
20387,0.3643153370517365
20389,0.5795623793495067
20390,0.6638312594799652
20391,0.7345435395253351
20392,0.36712727373500453
20393,0.682654803460512
20394,0.3470320041266121
20396,0.6732305370524099
20398,0.42121980844107515
20402,0.7997644151126511
20403,0.7793148267695168
20404,0.7858295617488107
20408,0.4635748591683056
20412,0.4553517929896889
20413,0.10443895902900466
20414,0.8634337770120023
20420,0.7179386272459078
20421,0.7554065264635192
20423,0.3806226298183019
20425,0.822088632027746
20426,0.6359149071485312
20428,0.8126374730641198
20431,0.5290799422518828
20432,0.3573730059697287
20433,0.8258887298505287
20435,0.5333633197578728
20436,0.17857188979996408
20439,0.3473074652326886
20441,0.47044555852344033
20442,0.8492164485788862
20443,0.6843787497543725
20444,0.3964164351484835
20445,0.48065734004384464
20449,0.36871371494780103
20450,0.6147260628495779
20453,0.6119299516232002
20455,0.2195465923491926
20456,0.62821271824636
20457,0.6332723321858337
20458,0.25207904922523106
20459,0.32297542116592437
20460,0.10422446653039966
20461,0.5082903986758117
20463,0.6290453890487291
20464,0.6876619206643254
20465,0.31931444667218867
20467,0.6305276142135559
20468,0.5637291394947679
20470,0.69637538934477
20471,0.6961073777087917
20474,0.21246619935253738
20475,0.4067715731634687
20476,0.37477076906636253
20478,0.20912376281903247
20480,0.8047948897136219
20482,0.6939725482082791
20484,0.3179736496226442
20485,0.8540665887316857
20486,0.15066726380256337
20488,0.7428998250123471
20491,0.6043125424339099
20492,0.5407192698107313
20493,0.2936600222027403
20496,0.6078395529109981
20498,0.39688869292285384
20499,0.7326939472735077
20501,0.6434557119957465
20502,0.28597637364308853
20506,0.4223704754193605
20508,0.23664222797049286
20509,0.42415601001560455
20514,0.8429124959615371
20518,0.46576499023053936
20519,0.15521480169014376
20520,0.4208441272057678
20521,0.8814773804003251
20523,0.580755478777096
20524,0.18774642471983163
20525,0.8692622490884384
20529,0.7247271064347619
20535,0.6165471962481668
20537,0.5023351674266154
20538,0.8432130589965293
20539,0.8937571674125471
20546,0.1476314624860058
20547,0.36913236441781466
20548,0.8449037418626244
20550,0.5960860506151507
20552,0.26090822913655815
20553,0.6605287756256175
20554,0.7529098717796006
20555,0.836310286333339
20557,0.8960188040960454
20559,0.8456551758459533
20563,0.13401674442793374
20564,0.38072250425021564
20568,0.24037796833561878
20570,0.5388306129190791
20571,0.8553531785611023
20580,0.2488928702471411
20584,0.8103898672751141
20585,0.5379945458927876
20586,0.43952727929522906
20590,0.24638566526221156
20591,0.4972818064469813
20593,0.589987649756523
20594,0.5308601160697429
20598,0.4645923157016028
20599,0.5698406425340707
20600,0.6420113742373852
20601,0.6668721334393378
20603,0.45533636759587637
20604,0.30342489955252844
20606,0.29665964189879246
20607,0.7341088092657478
20608,0.41148875045738276
20609,0.6947947500960414
20611,0.7867175117889504
20612,0.8687201923809728
20614,0.3361481509067631
20615,0.48023750991405306
20616,0.6070161190309041
20617,0.0789523059862415
20618,0.20538383346368957
20619,0.7236828491957018
20620,0.43594913734075164
20622,0.5205548252395665
20623,0.311169160038488
20625,0.8213200166072029
20626,0.5104542532742118
20630,0.5963196322014296
20631,0.8492944846512448
20632,0.31104767921550225
20633,0.7387068367156533
20635,0.41500880123810013
20636,0.7732180052600475
20637,0.3240415735835208
20639,0.6494989554454743
20640,0.5777277321762326
20642,0.8486189143180964
20643,0.36975859128981375
20644,0.2238327114078119
20645,0.3912583326097805
20646,0.3747507559084095
20651,0.8379431105237432
20654,0.7717402131871337
20655,0.06723683600420996
20660,0.688455608709758
20662,0.4826590775425988
20664,0.26970285352436724
20665,0.24664950177118333
20667,0.6158178709923694
20669,0.6007023293104795
20670,0.8494903999437449
20671,0.6066632706626441
20672,0.6356964606050112
20673,0.5955167910060086
20675,0.9308457228902761
20679,0.8623324424910495
20680,0.20526652509704515
20681,0.3408440902399776
20685,0.698253947667886
20686,0.8768715647743646
20687,0.17378706036654623
20689,0.3258625465422466
20690,0.5229085880375071
20692,0.473147920981916
20695,0.25535058165283003
20701,0.9125133962254652
20703,0.6590692772154759
20704,0.29251127229736684
20709,0.5665498004764479
20711,0.7012246808667149
20713,0.6868304257803431
20714,0.37806769627027464
20716,0.5252348002095122
20719,0.7547275009074329
20720,0.1829649579548125
20721,0.006064184171830115
20726,0.42192066939787953
20728,0.7200264543068428
20730,0.33460546879420394
20731,0.5391904602279418
20732,0.8603312516813889
20733,0.28574351195084846
20734,0.7485164676918842
20735,0.7706650752376362
20736,0.40820828462407255
20737,0.3592570937565997
20738,0.47388559643066713
20739,0.9204844366897312
20740,0.8801995768770116
20741,0.567712196993713
20742,0.0473158968029135
20743,0.18649838121560544
20744,0.8625647136239385
20747,0.7896164830593115
20748,0.3166440309189454
20752,0.8267400744152591
20756,0.32281170762779676
20758,0.4263371061892248
20759,0.48031217749982813
20760,0.1280357640527083
20761,0.5308092316439356
20763,0.7845863108764431
20769,0.27942726573658333
20770,0.8669749237128577
20772,0.6974899333518307
20774,0.062097926067345405
20775,0.7463733356130116
20776,0.6141037812697444
20778,0.8707036760215282
20780,0.5901015750886632
20782,0.9170846409013768
20783,0.3421762273879269
20785,0.7979471029214537
20788,0.5599981610282032
20791,0.44208789146640975
20792,0.8874948068134746
20795,0.22951537492820548
20796,0.5479354080938398
20797,0.2518396413091493
20798,0.8118245694676197
20801,0.20305901524875516
20803,0.5570024525427295
20804,0.4010518299933788
20806,0.7778552905813427
20807,0.3569029664915699
20811,0.4693224432973275
20813,0.8137669932374687
20814,0.7625038825891437
20816,0.3896647853631621
20817,0.4126838194602386
20818,0.770986985671859
20819,0.5091220247444633
20822,0.24365091720727816
20827,0.32680311870031803
20830,0.35333297780608164
20831,0.8012153576243788
20832,0.3493032837928634
20833,0.6544045200001272
20835,0.4683034826056478
20836,0.18275045766929773
20837,0.25426421564161367
20840,0.4990241210502799
20841,0.9114436287390495
20848,0.6569001250647192
20849,0.3080202273692097
20851,0.5866560590615154
20852,0.5013186579595402
20857,0.3553246933405638
20858,0.4580232218477384
20861,0.3519499067183947
20862,0.7827117288462502
20863,0.42915422631578004
20864,0.4018136196067173
20866,0.6920368284156108
20867,0.9309654421708501
20869,0.2623537631113953
20870,0.8224748778673143
20871,0.35389575597879547
20872,0.25743771035411306
20873,0.5607721944708897
20876,0.2516176249810767
20879,0.1894192939454895
20880,0.6424510323157718
20881,0.6285379562757782
20882,0.5384277599402665
20883,0.7148025992282734
20885,0.7906827553640595
20888,0.3120780042685597
20889,0.8925642219908233
20891,0.4711768302437081
20892,0.26656571378746663
20893,0.11136706961952807
20894,0.46457537640669716
20900,0.2260495626108356
20901,0.644997692159042
20902,0.41779787209994323
20904,0.8168106548976836
20905,0.8272547506543454
20907,0.09073930400224721
20909,0.44196013109606935
20911,0.9060016753200701
20913,0.5365708607172333
20914,0.6372000834190985
20918,0.6827794835146687
20919,0.20759145363856626
20921,0.14164933319043543
20922,0.2878987862137128
20923,0.35547944334688936
20924,0.4316742025636593
20927,0.41324882671273655
20928,0.24260614163840058
20929,0.856978270551772
20930,0.8076314746906785
20931,0.5121426811466202
20932,0.260476065171778
20933,0.18208757599537984
20934,0.5343238980435128
20939,0.4301459826708046
20943,0.1008215221159225
20944,0.7007294468950961
20949,0.45724097246187717
20951,0.6861783235153045
20952,0.1554132155551379
20953,0.7288040065641396
20958,0.6987713581649649
20959,0.912570683413039
20964,0.6302056187910289
20966,0.7734292022721616
20967,0.19502024388655279
20969,0.5699565810320442
20970,0.2144104528844165
20971,0.2904757027927054
20974,0.11944201903736122
20976,0.17196896075794213
20977,0.4554566609434685
20978,0.3307579533815521
20980,0.5176331632695793
20988,0.5868254897029594
20989,0.14440494438352558
20990,0.781065577925207
20993,0.23069239624514074
20995,0.5363066819366674
20997,0.8912360920181496
21001,0.18462931027944765
21003,0.5106126487676264
21005,0.7954314352203249
21006,0.4255491980691337
21008,0.23320637664733102
21009,0.8780856555229669
21010,0.584807664920368
21016,0.3226091311188829
21020,0.6767720630626998
21022,0.6244893199989878
21025,0.1377282894706342
21027,0.46377623544717567
21029,0.34503759887630164
21031,0.5655908772698749
21032,0.5130756137424684
21033,0.3694086138807584
21034,0.5025278936927687
21037,0.6088345573173513
21040,0.7958833790144708
21042,0.9599984742912672
21047,0.7261428716808822
21051,0.8390742472555277
21054,0.3383632263579526
21055,0.5115141126517043
21056,0.28901870551001857
21058,0.432449539122192
21060,0.7508211563134131
21061,0.5325959356850095
21062,0.5264192045758507
21064,0.5863618329551822
21065,0.06869779688829537
21067,0.2932354113000478
21070,0.7486593970496955
21074,0.3287645466240885
21075,0.6249830585227082
21077,0.11824985197013267
21081,0.2997698984285279
21084,0.40548946722269175
21086,0.030117193333626995
21087,0.6888328575445334
21088,0.5892621988698933
21090,0.3188880966020423
21091,0.5612160233115573
21092,0.34509639200208336
21093,0.7737347196396566
21096,0.3540490715148719
21098,0.24191262974872824
21101,0.9201965044310463
21106,0.4408396619060421
21107,0.474251942612489
21108,0.6649905292207364
21110,0.5726299002828166
21112,0.6155540975672391
21114,0.1521171675184225
21116,0.575622190381444
21118,0.6461834802630355
21121,0.8669061844809592
21122,0.8346543482817418
21127,0.6545073781560304
21129,0.9171594197286054
21130,0.8048758886085187
21131,0.7714188787644938
21132,0.3294820351837769
21133,0.13550668779210806
21134,0.8139233008006991
21137,0.8242559530611353
21138,0.48082703661677223
21145,0.862519591171711
21147,0.1918937140588114
21148,0.4021590803834997
21149,0.270194941074826
21151,0.8779730242533146
21152,0.5011615307977605
21154,0.9459669598745415
21155,0.2009333669984439
21157,0.44763048911356285
21159,0.4725236116656452
21160,0.9055950099787818
21161,0.6651254642030305
21162,0.5029850831891349
21163,0.7212771913393167
21164,0.2532787010389427
21166,0.8223066138107167
21167,0.2546639390542123
21171,0.5295980771631612
21173,0.6812184910626852
21174,0.15040887771016984
21178,0.3877123397189708
21180,0.5539153502048852
21184,0.36727513661119643
21186,0.5301359130574047
21187,0.4526474094929947
21189,0.741280695716092
21191,0.2349426511338659
21192,0.5706648382811705
21195,0.5585652852339225
21198,0.4973203113695819
21200,0.9023680349810312
21203,0.8300822085022238
21204,0.40758947996865863
21206,0.6057156507993151
21207,0.5937350598450708
21208,0.13724130148923652
21209,0.6963597317556072
21210,0.6401540727458916
21212,0.36539418463603457
21215,0.3614962780004534
21216,0.34276740941761397
21217,0.06624000601156384
21218,0.15352605402509528
21220,0.917000004252485
21222,0.5893597399038665
21225,0.5451555994008882
21226,0.7183752751127693
21229,0.13944839828158895
21231,0.43282434194793684
21232,0.6161223665472921
21235,0.7788528396668039
21237,0.4039753333827334
21239,0.8400017116963977
21243,0.07478640429233042
21244,0.5694632732897638
21245,0.9510062993096402
21250,0.6949965149912549
21251,0.5131396895566402
21254,0.3644906691876711
21255,0.5183200488227422
21256,0.9134048009379754
21257,0.4534862273053591
21258,0.6111411033013083
21259,0.09759155495431134
21260,0.4331563994595688
21261,0.42932223485210963
21262,0.5584449585221176
21263,0.5363958575269934
21267,0.7917491082745389
21269,0.3155741811487194
21275,0.825049578054002
21276,0.5915274158346358
21278,0.8054141671428267
21279,0.20912290807118403
21282,0.17860800928655893
21283,0.5368625927020299
21284,0.1333616609250853
21286,0.47388347900908845
21297,0.42758994010234114
21298,0.5280129807172939
21300,0.8356030255143955
21302,0.41041292672224766
21304,0.5285108366417877
21309,0.564758192207028
21313,0.2772848075586028
21317,0.7539351307782662
21320,0.4332059912195394
21322,0.6035459923050751
21323,0.7651946618351496
21324,0.785999793060076
21325,0.6725019742782262
21327,0.40405507158005416
21328,0.40660641046865986
21334,0.578946315928306
21335,0.8287081249110786
21337,0.42752369029312964
21338,0.9366937492413081
21341,0.31344028754672293
21342,0.2278223669073965
21344,0.8857578022272187
21349,0.18932489670238012
21350,0.7666261252696529
21351,0.5818444168886273
21354,0.9553249555013711
21355,0.4736290885774368
21356,0.2799587321466426
21357,0.6124023826755756
21358,0.10662700551040082
21360,0.8783458824936135
21361,0.9029579623815075
21363,0.49036132225279444
21365,0.6827837221970149
21366,0.7437190915839078
21368,0.396046116413976
21369,0.6379672287758432
21372,0.5640200779054083
21375,0.8017012432463624
21376,0.8361555268831661
21381,0.9314420537922714
21384,0.7840115769018995
21385,0.08792515351012518
21386,0.2559188239343382
21389,0.5281681169785263
21390,0.2624020229083693
21394,0.38374251682838445
21395,0.43251812640339415
21398,0.6299514589707851
21400,0.9134524940475472
21401,0.7684153929404832
21402,0.21025997822498474
21405,0.8876715666581921
21406,0.5089405257487501
21410,0.41543969434370503
21411,0.5657810919314735
21413,0.9386213749750159
21414,0.6893909251711022
21417,0.2591178857405092
21419,0.16853381363699033
21420,0.3997951589099486
21421,0.6566262079923734
21424,0.722693022587852
21425,0.4396158349114739
21429,0.2342660115843331
21430,0.8956937886246042
21432,0.31613215345051215
21433,0.046502172610675525
21434,0.058105158184566436
21435,0.7120185821349517
21440,0.31971836034662
21441,0.38561508420997503
21444,0.756566329765274
21450,0.936604778916328
21452,0.14604096753396054
21454,0.4091894693664073
21456,0.1823970454064067
21458,0.6450203981264248
21459,0.8691392745090443
21461,0.7937003838427049
21462,0.44810528453344883
21467,0.5187011607561848
21470,0.3133807677883662
21471,0.6539590263369146
21474,0.6135704771829446
21476,0.7845935843847307
21477,0.5146644163004015
21481,0.1867224305093454
21483,0.7555403431112533
21484,0.32296542571067133
21485,0.3296932028033645
21490,0.8500370125949437
21491,0.7878106526014289
21492,0.43745759264682577
21494,0.5505824552028673
21495,0.8605448337629064
21496,0.2396126406049267
21497,0.7136455054424149
21498,0.31096900309424436
21500,0.7614475308895656
21501,0.53932189875508
21502,0.8928667568558397
21504,0.5550110922638801
21509,0.26298955171104016
21510,0.6896012587053638
21514,0.4696084909723738
21517,0.6473582846285496
21519,0.12010065880180815
21524,0.862256966727948
21525,0.40090353951844837
21526,0.8333990220660423
21527,0.7960965656096974
21528,0.5716873331617747
21531,0.23811345596409844
21532,0.3138346371190197
21536,0.38230256485376063
21539,0.5196054846981112
21541,0.784942146839185
21545,0.226379864636334
21546,0.3379953727412106
21547,0.13207523193707252
21552,0.30387471035092095
21555,0.7604923707811575
21556,0.6400039548795045
21559,0.6864970061128769
21561,0.866987151628474
21563,0.843966452528904
21564,0.16654935429139234
21566,0.6370269697840031
21567,0.1709178305696977
21568,0.7041383437709402
21569,0.037352383792683894
21572,0.7252023092105261
21573,0.6677771305346074
21574,0.6615265101392281
21575,0.38184271304026307
21576,0.44532953817556115
21579,0.7254442561627117
21583,0.13041726826884142
21584,0.6205638930401377
21585,0.8561471083828239
21586,0.5354942594562669
21588,0.6151676607946197
21589,0.08084984834212482
21592,0.4092681229980134
21594,0.7459845638965908
21595,0.6614419030065293
21596,0.7246054190057123
21599,0.8387586725313366
21600,0.7685789365897695
21601,0.3332956793477355
21603,0.45744623632483805
21605,0.9246557104317374
21606,0.6944558802583541
21607,0.965953381728626
21609,0.8625819164995336
21615,0.18281034648985503
21617,0.1349356081833161
21619,0.359916274801326
21620,0.2916780877562495
21621,0.2229732818520195
21622,0.7950241092798299
21623,0.15510814210658738
21624,0.7002098206149007
21625,0.41218961843393687
21626,0.7646600909707162
21627,0.7095346028461489
21628,0.6616739165160244
21629,0.06954857725977746
21630,0.8628514570757234
21631,0.8571109992290865
21632,0.24221780076651278
21633,0.3820342040946568
21637,0.26505221509680654
21638,0.6329461057436628
21639,0.9158957583113543
21640,0.15413834128671114
21645,0.4988776327807353
21646,0.4321065818474731
21647,0.31858599769974294
21650,0.4985187126629157
21653,0.8545480192746807
21654,0.21602596282345696
21655,0.3270494591498004
21657,0.3346942495463563
21658,0.7907456450330967
21659,0.6745836830783674
21660,0.6314699641942191
21664,0.6764943158162215
21665,0.6153983346417088
21676,0.39734648906024084
21677,0.36831457850035243
21683,0.18327894255822966
21685,0.3288512117528405
21686,0.7612979782736563
21688,0.46038256824023976
21689,0.47893109740925294
21697,0.4354727140826459
21700,0.5323611201132732
21701,0.6680719691046136
21704,0.11445194303012851
21705,0.3932352848239273
21708,0.7560030921291453
21715,0.9320267440146568
21716,0.44046912614759687
21719,0.6414458790957612
21723,0.6978319296565832
21724,0.6470833403058813
21731,0.593147057332458
21735,0.4373725435748419
21736,0.39694889257608923
21738,0.7660630406812924
21739,0.45375640491197256
21747,0.7701276296213516
21750,0.7678696506333134
21752,0.12882139681274943
21753,0.2994686680370891
21754,0.5889857687976197
21755,0.07580213632448066
21757,0.7338789511546109
21758,0.24499735575633097
21760,0.744622859267866
21762,0.6781437397667629
21764,0.808403810123879
21765,0.7189739259072605
21767,0.3029319299721757
21771,0.25418587087693895
21772,0.9324940314347165
21774,0.11482899485674204
21775,0.5518876438813132
21776,0.32718281340707933
21779,0.9565513634059898
21785,0.7250288083735137
21786,0.2968647443340301
21789,0.41906289246995754
21791,0.6386670528121842
21792,0.19650128660712787
21795,0.47747043216926566
21805,0.8130753302632513
21807,0.146978952074024
21809,0.600082725433684
21811,0.09105353059458215
21813,0.6827646224531735
21814,0.30473979770837256
21815,0.17200034464182865
21817,0.5014757032337802
21818,0.003768682980945796
21821,0.6437424392426159
21823,0.442969780701424
21824,0.3297011740465149
21825,0.6702190764258492
21827,0.17011617338968013
21829,0.2931287089569876
21830,0.18640381296677488
21831,0.6505034779894632
21835,0.630796227524648
21837,0.6186111367664112
21840,0.8147438459225118
21841,0.28095622135064596
21842,0.8304804415993146
21843,0.3962408147488418
21844,0.5211651320750773
21845,0.5294151957246944
21846,0.4976125191519121
21848,0.5011244193053059
21849,0.25433615753734834
21850,0.6827974168843757
21851,0.9626271788175242
21852,0.6151941047422969
21855,0.2848074250512661
21856,0.49811692337870017
21858,0.5022497472325972
21860,0.6628472963808092
21863,0.704530079615836
21867,0.3715562813757979
21868,0.9251601654961249
21869,0.5379721557676967
21871,0.31451590110160177
21873,0.5946846266922549
21874,0.2977113359929396
21876,0.8537159779761679
21877,0.7894395615498914
21878,0.5407427466086395
21879,0.5544874986736742
21880,0.6838341051355102
21882,0.6114975122805412
21883,0.12253096564439425
21884,0.25564474572302226
21885,0.6959614340745753
21888,0.2357071309746575
21889,0.5226404089708957
21890,0.9020274982203526
21892,0.3053154017367608
21897,0.2176122323450783
21901,0.16823597506574817
21902,0.30773265470016015
21903,0.6249764173538941
21905,0.5557785704647803
21906,0.3219729249120224
21908,0.6705633453150203
21909,0.5728671811269029
21911,0.1425836198605829
21912,0.2917679366596859
21913,0.08098531961891436
21916,0.466966097552775
21919,0.4702089972781449
21922,0.39466239869253616
21923,0.4504388220353268
21925,0.13664713300940565
21926,0.17249636691562728
21930,0.217185501986753
21931,0.6419531604273047
21933,0.5364867627477857
21936,0.6650602508732489
21938,0.3314053372543375
21941,0.835250907959038
21942,0.7764239242211524
21944,0.572167626804004
21945,0.7603985907734326
21946,0.43101427960551514
21947,0.7434314724277314
21951,0.3167648464277047
21952,0.09000373743489852
21953,0.1949635692269538
21961,0.31614717275878446
21965,0.3781097490548579
21968,0.732598166931658
21970,0.22386648075817236
21971,0.428570395308421
21972,0.1143821388478783
21980,0.9371810288962618
21986,0.4871237312514878
21987,0.615549452543957
21988,0.38676709414381877
21991,0.8467897938097744
21993,0.7691218674932709
21995,0.23005323855379195
21996,0.6563091965034337
21997,0.8382096227170706
21998,0.08584612794686051
22000,0.19990147597285177
22002,0.801955768123374
22005,0.8053443992079592
22006,0.4644399683499972
22010,0.7216551572131972
22013,0.8107653272556495
22015,0.3433831656660157
22017,0.4034721033378028
22018,0.7384823578367357
22019,0.5179905327387874
22022,0.6351868899130054
22025,0.7169338089445093
22027,0.8981834127226872
22030,0.7386866072688585
22032,0.8040557675669804
22033,0.3700800269114619
22036,0.10757320827060342
22039,0.42827717570287765
22041,0.7911160760295108
22042,0.25513393754077435
22043,0.7977856636560028
22046,0.3893946811600204
22048,0.7407455170643582
22049,0.44318363736033173
22051,0.6192615426549635
22052,0.42903127930128404
22057,0.14835238676259255
22058,0.6521029102009887
22059,0.6385056986063526
22060,0.8992847523237998
22063,0.6771211321918627
22065,0.7637761653608289
22067,0.6174273784620619
22068,0.46098032255901245
22074,0.5268060385588217
22076,0.5235527865833471
22085,0.3250358071088022
22086,0.8669970119416349
22087,0.8913689129402778
22088,0.6607361996581157
22090,0.6703725717998128
22092,0.24088484903322419
22094,0.3047425950649249
22097,0.155200056191696
22099,0.7497814825514179
22100,0.3925781441268854
22101,0.6838499816898781
22102,0.6432658212131952
22103,0.7378258228416064
22105,0.20514476240957152
22106,0.7975874024262293
22109,0.28292150799871757
22110,0.8379231644761262
22111,0.8248508142610672
22112,0.7510718532667674
22114,0.737327035387481
22116,0.44575350865353786
22117,0.8164867990620864
22118,0.3537145869095871
22120,0.4289840493672366
22121,0.5015130037292866
22122,0.8982328535839624
22123,0.5788707117647172
22124,0.7341396691895584
22126,0.4565925381787026
22129,0.5948319190220439
22130,0.5793699459951838
22131,0.8244312933523765
22133,0.32195366111083695
22135,0.7898086129367202
22138,0.7485684489051654
22142,0.7364289444232524
22143,0.3484201919797317
22145,0.6099515526134148
22146,0.9362102435278723
22147,0.5654249016814562
22148,0.8098678773424478
22149,0.5168034069615982
22150,0.3348461171979216
22151,0.6257717381572849
22152,0.6686318270343062
22155,0.7208996000634069
22156,0.47553602696216474
22158,0.6385797507045836
22161,0.6827358010561604
22163,0.08654939108956132
22164,0.44530851035349084
22165,0.12416583940973197
22167,0.6578523136652394
22170,0.31406389924147976
22171,0.44777389305458215
22174,0.37807631155860993
22175,0.3914236407175301
22176,0.45299054257018023
22179,0.9432161119306967
22183,0.7632405675419908
22186,0.2989908670748757
22189,0.7826985201588155
22192,0.6452615290503496
22193,0.3758262147458523
22194,0.2278296140659511
22195,0.3101222128733788
22196,0.6757296936577479
22197,0.8432062673008497
22201,0.7343535704271494
22202,0.687350221200952
22203,0.7308877338999656
22205,0.5995038716696788
22206,0.26287129937981896
22207,0.38898842630451586
22209,0.3659831359943418
22210,0.4632844209225534
22211,0.5072262389659933
22213,0.7395162179666003
22218,0.34093240237433453
22219,0.43270188660564346
22220,0.5031854710189688
22223,0.5212421800036449
22224,0.8893923492884399
22225,0.9075038892338172
22228,0.24428600636838232
22231,0.09114661628769724
22233,0.48219989066749114
22235,0.6222986745753113
22240,0.2576806551586525
22242,0.7415247782891705
22243,0.374671253810368
22245,0.10225715516039151
22246,0.7139161137628267
22248,0.599686723995982
22252,0.42063175030514877
22254,0.42641082822707016
22255,0.7670786788725796
22256,0.8658067673936286
22258,0.4251769101358982
22259,0.23750733740596577
22260,0.6774395101830853
22263,0.871001951022412
22264,0.9568439506993225
22265,0.4415345916585222
22267,0.34486390474852946
22270,0.1674572094638304
22271,0.47227405236634307
22272,0.558475422804486
22273,0.1536086570897231
22274,0.6376907450602854
22277,0.4198621745962414
22279,0.1826992546761197
22280,0.9124428992729121
22281,0.0851480390324308
22282,0.5977953389141668
22283,0.38746323480520367
22289,0.8702918923113954
22292,0.17699562941660432
22293,0.6794856230461616
22294,0.5045617554756542
22296,0.7313388680251903
22298,0.3080379833010583
22299,0.7728770499431223
22300,0.5616283812201327
22301,0.5048886295677324
22302,0.03490419704593927
22303,0.38523618027807494
22305,0.2847544988892597
22306,0.18570290301598796
22307,0.22830088349808988
22308,0.2078782975639746
22309,0.5240636056957164
22310,0.43609067406167584
22312,0.8125244580514525
22313,0.6488130888792837
22317,0.28260773280394885
22318,0.2389985990441198
22319,0.49841599285237626
22320,0.38056836543460026
22321,0.803620839608387
22323,0.28304935755168037
22326,0.8666464651982435
22328,0.34303815118610137
22331,0.5816142462143793
22332,0.23398183815485987
22333,0.7432543386161012
22334,0.6447929862900842
22335,0.6541295871068551
22336,0.1196184233289422
22337,0.41747008106423744
22338,0.7083874043602099
22346,0.3196101355742692
22347,0.05232604516304695
22350,0.8673063577033919
22352,0.685842687467366
22354,0.14941245056068972
22359,0.8512258974863702
22362,0.6638081568953872
22363,0.8220707272581484
22365,0.2442764176027959
22367,0.23540061816774577
22368,0.2504752453909736
22369,0.724939107800764
22370,0.1024832570407273
22374,0.9741598537167377
22375,0.5153644748106512
22381,0.32609525363689557
22382,0.6053275374388205
22387,0.44534095059100837
22388,0.6174673395182043
22390,0.24184033720962614
22392,0.4558924903022856
22393,0.24187648021809496
22396,0.46285365041892285
22397,0.5391396568957244
22398,0.24096120803324192
22399,0.5031198873869923
22400,0.6233194534515955
22401,0.7496882208793963
22402,0.0576018684826487
22406,0.7975933540029619
22411,0.5860957109167384
22412,0.6351718380090734
22417,0.3004876274996101
22423,0.18590188963374418
22425,0.872702257899802
22429,0.3897573862185281
22432,0.6578298038467256
22434,0.6475640690411766
22435,0.11369426734266701
22436,0.25763078261270156
22440,0.7459347866325782
22442,0.7873387642991094
22443,0.5969308580317141
22445,0.1949733730940983
22450,0.25764910953652886
22451,0.8116270606383736
22453,0.3628043979533668
22460,0.5206343070289031
22461,0.5602220886612942
22464,0.2439776423170225
22467,0.6892956285785804
22470,0.20790202502434615
22471,0.3797649206292327
22473,0.1743915953439473
22475,0.9198454463270235
22476,0.10523409726234248
22477,0.39108594338505254
22478,0.597529028314631
22480,0.903804434059056
22481,0.5688507073497857
22482,0.1341695187628143
22483,0.702765888804022
22484,0.8612450587436329
22487,0.9330280958831519
22488,0.9077428729768924
22492,0.18913820120382802
22497,0.3911730167547745
22498,0.09799005241003667
22503,0.5631031857048978
22504,0.5787855057230066
22505,0.7438654332556687
22506,0.8409558991977852
22508,0.9236882581152844
22509,0.4846408348586485
22510,0.04774287736589238
22513,0.6744309490554182
22514,0.6595543990657912
22515,0.3907613733748069
22519,0.5383926833642652
22522,0.5876426884538131
22526,0.5477869898136891
22527,0.15287143468273634
22528,0.44644707276061063
22532,0.9738357711554311
22535,0.5898230336823659
22536,0.40837837186929243
22537,0.5347016154603812
22541,0.08792026617725655
22542,0.3068996416349026
22544,0.8816961436663396
22545,0.37746529346603735
22546,0.8964032616409997
22547,0.22768693102479412
22548,0.2169084993837186
22551,0.7013015147182864
22554,0.11252863392268389
22555,0.3700421015181991
22557,0.3584281083047636
22558,0.7155516415254755
22560,0.937693050392607
22561,0.10703097719618183
22563,0.39864265881622135
22564,0.7756465569973827
22565,0.40668994037823175
22567,0.6879707455513042
22571,0.6065632774517432
22572,0.2652540655902945
22573,0.2063233193591963
22575,0.34741037978720923
22580,0.46210555164770495
22583,0.6249449086325308
22587,0.5018033263251286
22589,0.4701684097799672
22591,0.3159645825770588
22595,0.4211763008110578
22596,0.5063923216239105
22598,0.8154168762741767
22600,0.7425973498368761
22601,0.8045058556501735
22603,0.1423074727790819
22606,0.7323114090417259
22607,0.41242932719905556
22612,0.7221639309249503
22614,0.836656695035186
22618,0.6001300349975526
22621,0.7771903941983552
22622,0.23842417745230687
22623,0.4263538513024441
22624,0.19934988631257727
22626,0.05783142396815275
22628,0.14324354688197696
22629,0.71812653357348
22633,0.20217750166299772
22636,0.16383161939839985
22638,0.5873822196885613
22639,0.5606595749402115
22640,0.3247366617271418
22643,0.8754039819902574
22646,0.6887232503640727
22651,0.7776243337796819
22653,0.910172005021908
22654,0.31357250421711125
22655,0.4552372561872861
22657,0.501291402928893
22660,0.6753294659986768
22662,0.034285226855399996
22669,0.6475967819166357
22671,0.2837714425023412
22674,0.17195486862022474
22678,0.4149207857465618
22683,0.43379178053091605
22686,0.719460317885316
22692,0.2807615521421868
22694,0.4977316968819177
22695,0.7010185989589861
22705,0.5565332490300443
22706,0.5568445622625918
22710,0.27879443241646357
22712,0.5087727162656317
22715,0.17602218428606115
22718,0.727981641047965
22721,0.44268081275805815
22724,0.5396952660537385
22725,0.5131516644505917
22729,0.6185437077664039
22730,0.3271241131472875
22731,0.2618732866505375
22734,0.11543920038077875
22735,0.6139418905358133
22737,0.556877314648676
22738,0.4819367702571076
22741,0.044415941404354765
22743,0.2810816570397541
22746,0.5176424511821691
22747,0.21166818954572247
22752,0.10396637662263129
22755,0.6829607102122643
22757,0.711746600627078
22759,0.5415120219330753
22760,0.18828591211755474
22761,0.8099497228573447
22763,0.25545168579477767
22765,0.20817544363036763
22766,0.7273223004345294
22768,0.44535421479042114
22770,0.37217887257226656
22771,0.311422754668424
22775,0.631249608405241
22776,0.27330817607583674
22777,0.7920860971436468
22780,0.6062414811353595
22783,0.5214599033787527
22784,0.2666127697860779
22786,0.319946594057417
22787,0.5034291686210032
22795,0.6577193800485914
22796,0.5466160517798059
22797,0.9805836418936944
22798,0.7531416245304727
22799,0.7578887788141427
22800,0.25039934528665836
22802,0.10035087667194693
22803,0.8128419978266521
22807,0.14964368701868924
22808,0.8571681030104833
22810,0.6496822999422524
22811,0.662580971361549
22812,0.5540898104611409
22816,0.347966113674192
22819,0.7560085503170197
22820,0.3806391506948482
22821,0.6027008944591974
22826,0.16817098146579423
22827,0.7313795408628367
22832,0.1755106048946652
22833,0.1485998995884341
22836,0.29525838389654013
22840,0.43476528171818707
22846,0.4006307149459821
22847,0.8373178401363027
22849,0.4324467087153074
22851,0.6520858109899513
22852,0.2760802928171093
22853,0.598123671836715
22854,0.993985606861655
22856,0.3488627428578016
22858,0.07507610132859611
22859,0.623471347005734
22863,0.5858877385804099
22864,0.39080684467522436
22865,0.7980528595336743
22867,0.20608720445007703
22868,0.9282608599250521
22869,0.9567615124356824
22872,0.21220459898452984
22877,0.331030367496278
22878,0.18445074483326493
22879,0.5241831787752327
22880,0.09920443889769029
22881,0.05853386709939521
22884,0.32919765002151863
22885,0.13131991990645814
22886,0.49792149977694417
22887,0.4303737981872271
22889,0.10186090966944324
22891,0.8051383660095454
22892,0.5654458583455673
22894,0.3786330667867433
22895,0.1362784223816697
22896,0.14634152030482842
22899,0.5763841951688583
22900,0.7355838561782254
22901,0.0995387480510042
22903,0.6490584489837938
22904,0.6336169561111066
22905,0.7256758844825804
22906,0.14165786364786762
22907,0.42401454216591233
22908,0.4041463667700769
22909,0.6032342039698984
22910,0.7992557427168859
22911,0.2889618996645033
22912,0.24841309017287255
22913,0.6710230368678064
22914,0.941132430077551
22917,0.08198953123360377
22918,0.795791222225895
22921,0.3878113345026566
22922,0.3103908905109587
22923,0.26733572816402307
22924,0.9543669375635627
22926,0.8008524296552926
22927,0.2255785298406745
22929,0.12372008514444599
22935,0.5309425546136773
22936,0.5518163311587686
22939,0.49726310077864583
22940,0.48047162429746704
22941,0.48335957366364635
22942,0.4999072001156073
22943,0.9200675300351042
22944,0.3374039161977577
22945,0.25258799541751104
22946,0.303207799715325
22947,0.5687138467894565
22950,0.2576699511074745
22952,0.459120676807365
22954,0.12699405486213444
22956,0.6465354371483164
22957,0.5103630847094837
22958,0.3261809522121106
22961,0.5094918535646332
22962,0.7588797915354843
22966,0.20518874084593508
22967,0.27461182677975277
22970,0.624967819599996
22971,0.6527276001759444
22973,0.20270327437182867
22975,0.8266443784235086
22976,0.26145709858400923
22979,0.2373549138478715
22981,0.2953618782718233
22984,0.4239948762300218
22985,0.3750234084181273
22987,0.903637622419976
22988,0.18184061708607574
22991,0.7070160209863943
22994,0.4123900156434148
22995,0.8253070905192145
22998,0.5369535447186131
22999,0.3535784271452835
23002,0.6190850068680827
23003,0.5255012974107574
23007,0.6293907613215021
23008,0.5069762474929127
23011,0.17366086068690006
23012,0.9352760264725413
23014,0.4706375106617148
23015,0.8156606608233785
23016,0.3196507105300198
23017,0.3735248392953126
23019,0.6879700005601848
23022,0.4141376813243847
23025,0.4692802958127822
23026,0.562495193424301
23028,0.2501523903618263
23029,0.5448020087115274
23032,0.3562603666365812
23034,0.5288505932309243
23035,0.8313836726319468
23037,0.977894825747307
23038,0.7838607546938852
23041,0.35095489598208945
23044,0.7470159183334262
23046,0.26300029748925097
23048,0.6976417323081103
23050,0.14999036210125208
23051,0.6201968923263576
23058,0.4826399900127035
23059,0.4862319881522469
23061,0.8664905747776939
23062,0.5683273469485003
23065,0.9183702462902112
23066,0.14514509836144077
23069,0.256088044128112
23070,0.273473670443554
23071,0.24935708921957106
23072,0.24792923099116232
23074,0.32970724406701085
23077,0.5980109709028542
23081,0.8848764280846685
23083,0.8933348881393821
23084,0.6323733570447226
23085,0.4112275304420157
23086,0.4126806209243134
23088,0.8297135768977624
23090,0.2895460215790354
23091,0.7276295154102299
23095,0.16005543776106662
23098,0.2548994071229593
23099,0.40935478676300086
23100,0.12877303072362276
23101,0.7450269524911125
23102,0.7987692485386222
23104,0.789979846604593
23106,0.5032984672515005
23107,0.7494304416717738
23108,0.39415750953706924
23109,0.2794807683517897
23110,0.38589879239730124
23111,0.6512712245228822
23112,0.4338543628577561
23113,0.2944017523958103
23114,0.4771418132899165
23116,0.48330622077310537
23117,0.4963775282587234
23119,0.49806495740596185
23120,0.5143442711225232
23122,0.052279349737386
23123,0.3225162183908479
23131,0.12761290628967004
23133,0.23336594698602348
23135,0.0987000240506669
23136,0.5728156135847887
23138,0.4523456648382517
23140,0.1345437804296359
23141,0.5808627079445945
23142,0.7250907759731395
23147,0.7791969124806453
23148,0.3592864994852083
23153,0.15037646857893427
23154,0.7619134232755623
23156,0.7684590052995679
23157,0.7484625790762927
23158,0.5535105626037538
23159,0.5204514831273389
23160,0.4559694905332866
23162,0.7571219128361909
23166,0.5303946204996385
23167,0.3026903839804007
23168,0.6971682937822521
23170,0.6972680914861727
23171,0.4725699899321005
23175,0.6908945121053479
23178,0.408735653427292
23184,0.31958998617719253
23187,0.15039782670706006
23192,0.2552888454721833
23194,0.857695245449744
23196,0.5419716860366329
23197,0.05919485186421823
23199,0.2465754507481507
23203,0.6044005607024273
23204,0.8928720048631124
23205,0.8042038316106217
23208,0.6855594936188604
23210,0.5187919352652175
23212,0.33200982545890695
23217,0.6969404859297437
23218,0.9321789499360722
23220,0.8860299655068032
23222,0.6908488570143737
23223,0.4086701276426761
23229,0.4644080497839863
23230,0.8223081290219826
23233,0.49607512286967004
23236,0.6510772693533944
23238,0.8027491065622565
23239,0.2529836426075705
23242,0.06478906712817961
23243,0.14093435380048475
23247,0.6081220223830528
23248,0.9319103214447584
23249,0.7587284597309899
23256,0.3644542754340648
23257,0.7750012195075268
23259,0.2946906624972687
23261,0.7388067608222707
23267,0.3612423112914139
23271,0.8553652181239308
23272,0.8583192987146048
23273,0.4406184135560969
23276,0.624601015721846
23277,0.5536797839790802
23279,0.6422609632988252
23280,0.639075647044351
23281,0.5340782989034267
23284,0.6584037899317094
23286,0.6602933933043782
23287,0.3029366043362765
23292,0.9719961378401469
23295,0.8996351026729755
23296,0.5883870623225593
23298,0.526788807928962
23299,0.3630503742372206
23300,0.5954094214831378
23301,0.7994479956930056
23302,0.8350228184298031
23303,0.32431486942878146
23308,0.7762730489026031
23309,0.768826293656675
23310,0.6959709573075784
23311,0.7229312439481398
23312,0.9596779352845806
23315,0.3092186519963277
23316,0.721592244152774
23317,0.38981239380092997
23318,0.33296532471535784
23320,0.7571058309881076
23321,0.19467264863875627
23323,0.8146359261574667
23324,0.24347704344534637
23325,0.567760610397886
23326,0.9138067592474717
23327,0.20791036063579746
23328,0.7004440556349552
23330,0.5513990428759806
23333,0.5231424063850133
23338,0.5027740173363554
23339,0.3873955457226503
23340,0.45962839497188634
23341,0.4365788771866977
23342,0.9480125238708921
23346,0.8890442328776921
23347,0.7394371117625592
23348,0.783959584964748
23350,0.9844405250958875
23351,0.039740529318963824
23352,0.5126050395040367
23355,0.11688565900497912
23357,0.6790570987076197
23358,0.20460581777116596
23360,0.48012632351527135
23363,0.9856183101285828
23367,0.8599391364824412
23368,0.6084707932225452
23369,0.3578579702513159
23370,0.7379629110920755
23375,0.9117890330645834
23376,0.3611278908437948
23378,0.019691604470709438
23379,0.21756895781618887
23380,0.38192835743099746
23382,0.8432083116310042
23385,0.8354621622051508
23386,0.615577638321198
23388,0.5802210963712482
23389,0.21697839407140673
23390,0.4202247379718065
23391,0.8135578812054352
23393,0.3735970145513223
23394,0.5792548966177828
23395,0.8818566945992184
23396,0.7190381828864015
23398,0.46775573811859666
23399,0.15311285745801503
23401,0.19910657654247935
23402,0.6087228546424485
23404,0.43039016908527383
23406,0.7717476339703264
23407,0.6567639665016581
23409,0.15046618741752607
23412,0.4263889046323525
23413,0.13586249878480558
23414,0.9890684871138162
23417,0.678534571403006
23422,0.6148993391311601
23423,0.32903530098947714
23425,0.6264628843425917
23427,0.3278988063066728
23428,0.3926340861279107
23429,0.6174148002892009
23430,0.5392159625305862
23431,0.9223513209458402
23433,0.9364198196669066
23434,0.37884952632577273
23436,0.39156655535663204
23437,0.7862119241683938
23438,0.4943655609473093
23440,0.27548504480920816
23442,0.6897428002812689
23443,0.6849002181096632
23444,0.41251453233451435
23445,0.7102723663100612
23447,0.5170710081577387
23450,0.6381536875154389
23451,0.8014619529220407
23453,0.08593018791153582
23454,0.04669858597891563
23457,0.765582801561224
23458,0.7996946855081352
23462,0.3582323435714783
23467,0.41464768202162217
23470,0.5534855323421313
23473,0.6313657096771229
23476,0.581512775033956
23477,0.31848916072694705
23478,0.3470655401268213
23480,0.295345826232472
23481,0.4925059096410995
23484,0.4508759506162568
23487,0.6828355352078825
23488,0.804782106740197
23490,0.2747457084371893
23493,0.7501931085929797
23496,0.34136828050669615
23499,0.38418347290714644
23500,0.7789269998993613
23501,0.3107821709034127
23502,0.9549515195354976
23505,0.6762883184432276
23506,0.7173015578481565
23508,0.7978355667380179
23512,0.6041380175052886
23513,0.3254182346556205
23514,0.16513585162376423
23515,0.516519031620124
23516,0.6101536506134926
23517,0.4305431607768282
23518,0.7984677910334724
23520,0.5748065529331926
23524,0.3218038931045127
23526,0.7572623481814251
23527,0.9260831110327448
23529,0.5117785781268329
23530,0.13756174568536392
23532,0.06873585218003443
23534,0.26944330645116205
23536,0.11280794461183365
23537,0.7531260481272333
23538,0.3033904678964687
23541,0.34582292745627446
23544,0.18805083241649745
23545,0.6858931803866058
23548,0.8523802857438098
23551,0.08856835386362491
23553,0.7096238503843443
23554,0.05646269624175334
23556,0.9128865871848564
23558,0.6245850445077923
23560,0.4051755695778571
23562,0.337610894088936
23567,0.9005055156235531
23570,0.6955854298369387
23571,0.93418195984018
23572,0.8571774307089643
23574,0.10976369868948085
23575,0.4029044981345279
23577,0.31036961090366555
23578,0.23188059067541425
23579,0.28150893987996545
23581,0.6234843239137617
23582,0.6004947932880375
23583,0.4508486824977409
23584,0.8582955006787317
23586,0.4449952997519358
23589,0.24005730985021143
23593,0.6270135785343727
23595,0.1260300024006833
23596,0.12951627530276755
23598,0.8613613055977087
23601,0.792270280357239
23603,0.3365227129621559
23604,0.5113741751643391
23605,0.5543911084092572
23608,0.8447090998931254
23617,0.5951482009536159
23619,0.3507249476569773
23620,0.8876573751923249
23622,0.9498589900420132
23623,0.04573990798308996
23626,0.8185586623882093
23627,0.5072043726382354
23628,0.3507385080561526
23631,0.6852794929701541
23633,0.3288907824614189
23634,0.7111697436497814
23640,0.2280534791480639
23641,0.6183514674643203
23645,0.2938567582401084
23646,0.5086269698221305
23648,0.6414398798298593
23649,0.15880715926787087
23650,0.497088315893897
23651,0.6520411590529741
23653,0.3823813641803794
23657,0.679543416546497
23660,0.31944351322702613
23664,0.3054799991630602
23667,0.8208542429888065
23669,0.25511225209197724
23672,0.5938941555893785
23679,0.4559018922574521
23680,0.45785078948932795
23681,0.38054578096397274
23690,0.3438584008233846
23693,0.13844072249016065
23696,0.740784488017005
23698,0.3019630141358478
23699,0.35916441858270737
23704,0.49134425266741144
23705,0.7632473752606197
23710,0.19747380053651845
23713,0.4143490209771254
23715,0.8090294018853649
23717,0.7155828839642355
23718,0.8117264099332284
23722,0.17721251087883985
23724,0.4297131512648997
23725,0.19371508434317428
23726,0.17242743819025452
23730,0.6378899981134502
23734,0.6630414226355256
23736,0.7203020054833071
23737,0.3957244565165466
23738,0.25903445877743675
23739,0.2769304317904225
23741,0.1752048953133339
23743,0.03160494393345439
23746,0.15456195317712243
23747,0.032684782338425075
23749,0.16884376133612247
23750,0.3849093734672423
23751,0.45984842695836853
23754,0.11927431763104615
23756,0.7965517217303211
23760,0.9580457131459413
23761,0.5449417272077546
23762,0.46252756412483165
23764,0.9874330273484645
23766,0.6484465923153249
23767,0.5898820993999313
23768,0.9213579705608822
23772,0.8143019563584165
23773,0.2326631372261402
23780,0.8008193327074037
23781,0.5027245123480908
23782,0.4690997970246626
23784,0.6528341984914078
23787,0.5455491991579827
23788,0.7138719114434087
23789,0.7234241267453393
23791,0.83379850286046
23793,0.22188840052749823
23795,0.6610702485317766
23796,0.061709555356383936
23797,0.06594605981991336
23798,0.48585247475799387
23799,0.6142070949055815
23800,0.28677935441841784
23801,0.449733194472104
23803,0.8363394810401602
23804,0.4225887714522882
23805,0.46642026226055594
23806,0.492101085319748
23811,0.9112143822231173
23814,0.6629197884222878
23816,0.5334345006950029
23817,0.7723005215997213
23820,0.5122193078446214
23822,0.42418597382317497
23823,0.4085009707134732
23824,0.3382812566127298
23825,0.6644755549803912
23826,0.5822666527168326
23828,0.33549142333778387
23829,0.39188471140084713
23830,0.9177117494524185
23834,0.2954078436442474
23837,0.24406727916842955
23839,0.9024022219708316
23840,0.7120170922670357
23843,0.45650468504240166
23850,0.4691965555176493
23851,0.464665377737454
23859,0.20296864271474283
23862,0.763692959256549
23864,0.7075874373915012
23870,0.6813346999558859
23873,0.46760967448173824
23875,0.6011363466033721
23877,0.2939907142333483
23880,0.506513175163591
23883,0.5713831864498582
23884,0.29680382528775556
23887,0.18863225908913497
23888,0.6178979165424137
23889,0.6299219993287891
23890,0.9098770820618428
23891,0.7692598537397166
23895,0.7129147849509814
23896,0.6806594134182661
23897,0.3830763701992797
23900,0.5456536357681767
23902,0.9324376457902825
23903,0.2254251790805668
23904,0.4904582280074776
23909,0.5311285472578762
23912,0.7819561762749181
23914,0.37789254962072477
23916,0.5904501785735521
23917,0.6543470816905204
23920,0.7745473245697576
23921,0.7321397632955212
23922,0.7558859410740372
23923,0.6542144823229576
23928,0.5536319544476258
23931,0.3989028869372759
23934,0.8616950185390612
23935,0.12565628505671012
23937,0.4366243054912242
23938,0.6852863989787175
23939,0.743955356608291
23941,0.5296661138611524
23942,0.7325796846127343
23944,0.9201317800366697
23946,0.2981365589100045
23947,0.4418346498720651
23948,0.5972254332160685
23949,0.17424588116321046
23951,0.37360691697839193
23953,0.6463869993560236
23956,0.25683789919762384
23957,0.5803302720345155
23959,0.8078646731406954
23961,0.6254348931429651
23963,0.4494746965596056
23964,0.7215135642651992
23967,0.5844749423974608
23968,0.43954386876350593
23970,0.6732889232192567
23971,0.916388140331604
23973,0.42611413502286116
23976,0.2049220102199134
23977,0.5986444234710548
23978,0.5287712228586131
23979,0.34082249370057466
23985,0.4911472553183502
23986,0.5533305175491793
23987,0.7691703522969845
23989,0.3712991298448377
23990,0.5419239712684845
23991,0.8125598360652727
23993,0.291314699338643
23995,0.7105783564176767
23996,0.6989088663757372
23998,0.83387919541707
24000,0.5919989740218533
24005,0.6154708938849013
24008,0.8011052726746141
24009,0.8104498150253251
24012,0.27802924013764313
24013,0.7096879200276606
24015,0.7724111693681306
24016,0.15079688805099384
24019,0.13826561747954796
24020,0.605619209809183
24021,0.35715259276920586
24022,0.1855917521312198
24025,0.6969476775141136
24028,0.27457365892269814
24029,0.306787544022555
24030,0.7532619159500934
24034,0.3480430980450302
24035,0.43836138866573243
24037,0.8743068926676251
24038,0.25936487029931776
24039,0.9457267270255142
24043,0.4584461766029045
24044,0.33840993221744387
24046,0.18787320876279565
24048,0.09870613320019966
24049,0.8377362599782436
24050,0.5004126965930643
24053,0.3430898637487627
24054,0.09436442399333365
24055,0.9807156256435836
24057,0.8728257395672926
24058,0.414190789005511
24059,0.3001956529232581
24060,0.3899262119948982
24061,0.09892509511400689
24063,0.6261216774784296
24077,0.8145973314953228
24078,0.1341445601694856
24080,0.7173849857188174
24083,0.024337019691720422
24089,0.28890775132723
24093,0.17623990477220425
24096,0.6948642828783469
24098,0.5797903864452524
24099,0.8310965737671283
24103,0.2254355597896644
24104,0.3157570430660382
24105,0.22163493721478855
24109,0.4378023332290903
24111,0.2806385164107102
24112,0.935777409845914
24113,0.5524405901916927
24114,0.8209941304936537
24121,0.45922584657506915
24123,0.318458048342454
24125,0.18328796507592246
24126,0.5640737386844143
24128,0.8053398228479407
24129,0.8301050163568098
24130,0.1386786091897549
24134,0.7469609650880805
24135,0.5126493731355107
24136,0.4894117641302118
24137,0.2309166602890856
24139,0.43571390404265253
24143,0.40058654034549257
24149,0.20574468660488304
24150,0.30735493412863757
24156,0.812293329975207
24157,0.8482000007448335
24159,0.5976202073429541
24160,0.6524216020034969
24161,0.407411447944481
24164,0.6392722837408316
24167,0.9143590731584051
24171,0.5377326080557967
24172,0.6163574223177266
24175,0.6348678940671564
24176,0.21697083705698134
24181,0.9159479358015603
24182,0.9155987302500213
24185,0.22536512316502363
24186,0.7899282457954291
24188,0.23835242260392894
24189,0.48277580525012204
24190,0.6867094510377876
24192,0.9473253998259248
24195,0.17288816646025573
24200,0.3117342657706849
24204,0.44836873237931985
24205,0.6707277694134378
24208,0.622174159649486
24209,0.12315177783008982
24211,0.46969552858627084
24213,0.7017842464004942
24214,0.235510488144248
24215,0.31775840019073653
24218,0.604594154230402
24219,0.8037321861994814
24220,0.5509085951055237
24221,0.6023344243373114
24224,0.01643566398179349
24228,0.18364680809142012
24230,0.7985504233659912
24232,0.5832877956548451
24234,0.6530340729447489
24235,0.10524263586564464
24243,0.18491768834113315
24245,0.716884618979677
24247,0.8315752313589451
24248,0.9195986182213255
24249,0.8982762729765295
24253,0.5005954306051954
24255,0.7801349177026392
24256,0.6253756419166809
24257,0.424758602679944
24259,0.26495963469132966
24261,0.5458748120078099
24262,0.9052807023835913
24266,0.09011792374575828
24270,0.7478860053468169
24272,0.8150354396212731
24273,0.6975158198226203
24275,0.8143607167476313
24279,0.48231209418834897
24283,0.40755195452587895
24284,0.5577370616243265
24286,0.6097171729810491
24293,0.32441293065569854
24296,0.5464970788118926
24297,0.6623599215484296
24298,0.5039255518204493
24299,0.44930631099204255
24300,0.8888147037293949
24301,0.8758424633602678
24304,0.8632545144780118
24308,0.6991891619309363
24310,0.32150991394419687
24312,0.3203810147874469
24314,0.7212369400131653
24318,0.8122510239190849
24319,0.8094389148654814
24322,0.3138580318455747
24323,0.7229885316921637
24325,0.2802069433974052
24326,0.5978819956974362
24327,0.6652161221641312
24329,0.1834837762420258
24330,0.3605789177670567
24334,0.8806778311695702
24335,0.4295286818368037
24342,0.6307769799424838
24343,0.28922319802613294
24344,0.3625961499873851
24346,0.2045152196056151
24349,0.6073084730286739
24351,0.654252977933263
24354,0.5001471663365447
24355,0.033902096019865324
24359,0.43531734254959975
24360,0.5784858697754159
24363,0.5402191991034053
24364,0.8932048952379238
24366,0.5347039686242531
24367,0.8530374384746293
24368,0.7151734696169239
24369,0.19452803244173225
24370,0.6915871148947975
24371,0.4736599780093724
24372,0.02913478486299873
24373,0.14846569752282637
24374,0.2608671754529647
24378,0.4843392185258151
24379,0.343290135302265
24380,0.8074702654232928
24381,0.487258224183766
24383,0.24914306622864493
24385,0.4458307429344905
24386,0.45637996386275115
24389,0.7886931292667145
24393,0.5957851976228924
24395,0.24451993433068017
24396,0.582588606727986
24397,0.31590191933806905
24399,0.09738310475083305
24400,0.4192846635844509
24402,0.3245512990172675
24404,0.11727113355034273
24405,0.6542873623384116
24410,0.6032378189522608
24411,0.2106158505978192
24413,0.7636508713613872
24415,0.25981350927230934
24416,0.7236878018932125
24417,0.5213323020408561
24418,0.5561415847046091
24422,0.3702047754877489
24423,0.517351154563217
24424,0.8866454859834025
24426,0.5246104591641507
24428,0.7874188535665542
24430,0.32407560720768963
24433,0.5105417784393118
24435,0.8210045505671426
24436,0.4884593434992699
24438,0.4617559935331728
24439,0.7254669011732351
24440,0.6136703088681628
24441,0.8323693865658972
24445,0.4386095675834387
24446,0.2273026315899279
24447,0.6459588653988714
24454,0.643900885010645
24455,0.3035464802447571
24456,0.6681111993569644
24458,0.6622232788652489
24459,0.7635336910685141
24460,0.5654956524702291
24461,0.8682565374765328
24468,0.9716903670405203
24469,0.6617720341357215
24471,0.9006770354903477
24474,0.5249458457669659
24475,0.29365926762638855
24480,0.3904812800720333
24481,0.16744966548251805
24482,0.4612242770960641
24483,0.4960171183664316
24485,0.12243066147048004
24488,0.636885089903374
24489,0.11924298508117492
24490,0.5500737525970979
24491,0.5690551990841222
24492,0.6210567951424301
24497,0.7287036682667841
24499,0.3822201824501532
24500,0.49293566564416746
24501,0.11994491605507551
24502,0.13334662630785984
24503,0.5700101017622575
24504,0.39978123367610846
24509,0.4181264722779602
24511,0.4990471599769958
24515,0.751121599494253
24518,0.74912505044418
24520,0.3674424941729481
24525,0.8264674357334464
24527,0.854837128184691
24528,0.7117916796329062
24529,0.32163873426108797
24530,0.5658020034800677
24531,0.8742561758306805
24532,0.8832594353652817
24534,0.41040198169138864
24537,0.15098664978788714
24538,0.6983950566413818
24539,0.7276852636151221
24541,0.09742623059129771
24543,0.20015597499823737
24544,0.5943408429657647
24545,0.3398466194126007
24547,0.6840150620716943
24548,0.5529820581424125
24552,0.3653936944916759
24558,0.6468655642628216
24560,0.26339414441676884
24561,0.7824839717479365
24564,0.99171501687155
24567,0.1112822473766576
24568,0.34666537188726243
24571,0.8296351592336747
24574,0.8085121865747968
24577,0.9431173332941153
24579,0.977589345564304
24581,0.5432924901264329
24583,0.8739525065749141
24585,0.3392455004937844
24586,0.13352671950990114
24587,0.5136053183389092
24589,0.4364837178969754
24590,0.5937827004067355
24591,0.5615524256326542
24593,0.5163897329372883
24594,0.6876941406794794
24595,0.0880443600383903
24602,0.525256166482369
24604,0.6407368352888626
24610,0.7034251313820941
24613,0.3886578519440261
24614,0.09114682229547214
24616,0.5077576406922069
24617,0.7134010392533349
24618,0.17467096501767426
24619,0.7971368534807413
24620,0.5793811247771448
24621,0.509300879521848
24622,0.6813229910581327
24625,0.5072230247663129
24626,0.06331365983035898
24628,0.03998874778752465
24631,0.5319714564982734
24632,0.4022590733020718
24634,0.46030421893973816
24638,0.34447352333768183
24639,0.9572700358535051
24643,0.6111898925558612
24648,0.4593483190526669
24650,0.08872107057760967
24652,0.6168186368156781
24653,0.08178424970931267
24654,0.3660290298322592
24656,0.2630119277099428
24660,0.6046051545111585
24663,0.5301425042205656
24664,0.5197239281893198
24669,0.5527486631336049
24670,0.7699534230180742
24671,0.14271401189617766
24672,0.7072624777265977
24673,0.2439645959987601
24675,0.774006513895088
24676,0.7288336645144554
24677,0.35922885716780745
24679,0.8906116852875252
24680,0.7168744850134108
24697,0.5357570731505911
24698,0.6411344913598682
24700,0.5711056373549239
24701,0.31973477987710486
24702,0.8238711815274299
24704,0.797551870730005
24706,0.32311077230883195
24708,0.2456505977354408
24709,0.13255775930386074
24710,0.2618992230784449
24711,0.47072301580898174
24715,0.43813025756039203
24719,0.14420766988972675
24722,0.17269785094387444
24723,0.8067335318211238
24724,0.4825671939865839
24725,0.5999260328443055
24726,0.6111351430523467
24727,0.5204478268007374
24730,0.5986238297301134
24733,0.31325099512346677
24735,0.6843823575166013
24736,0.7143236386080737
24739,0.2777055237820984
24742,0.7681590627678268
24743,0.10661463171119735
24744,0.3076277353922455
24746,0.7130899209694248
24747,0.9229800921023743
24748,0.021354544717792478
24749,0.18601018742740433
24751,0.14933440059525308
24758,0.6274937781652673
24759,0.23901379217810975
24763,0.518566679337304
24766,0.44808434679263043
24769,0.2570305331629731
24770,0.4669345494686847
24772,0.8733069238347911
24773,0.5918686428420795
24774,0.6988704549942226
24775,0.1325504789191868
24776,0.7538767261214178
24778,0.5243700116470281
24780,0.6727966051942311
24781,0.3796650132004142
24783,0.9227530102255564
24785,0.5481193084465763
24790,0.1408442563938782
24794,0.810939472494469
24795,0.5823935374732027
24799,0.4162945357547487
24802,0.7163457737946691
24804,0.4257343561566129
24805,0.7906245307922853
24806,0.4265766190883581
24807,0.5400053826993222
24810,0.9825423111172913
24811,0.6302192384615289
24812,0.6832467748626261
24813,0.7084345178748472
24819,0.8356314589704034
24823,0.0741841268793215
24824,0.7331678069274689
24827,0.40594324382211816
24828,0.44771361032677925
24831,0.7574031305153223
24832,0.6225684822904715
24834,0.5656589078933701
24835,0.29541425248982534
24838,0.5714411969666552
24840,0.1873176724638154
24842,0.27579495044404606
24843,0.959179051627888
24844,0.6008778009388932
24845,0.6858784217425713
24846,0.3919855501591655
24847,0.4645092252435736
24850,0.11607022540636064
24852,0.9280791402724587
24856,0.5500501250358233
24858,0.3222880592646151
24859,0.18776858663923504
24860,0.8826048341122169
24864,0.8269852736447232
24866,0.3927080414500502
24867,0.28536981893314933
24870,0.6569590300683009
24873,0.861628678260006
24874,0.34798327186718114
24878,0.9330014873061484
24880,0.16261894317357156
24884,0.851442632495516
24887,0.7065218131892643
24888,0.2506530975142039
24890,0.5742826156310914
24897,0.3959270050303617
24898,0.7671887179854382
24906,0.3309991580148725
24907,0.765927671040863
24911,0.918438468735034
24914,0.08591090928540247
24916,0.40500318528122875
24917,0.5284787035801739
24918,0.6487918986349587
24919,0.5787087564469995
24920,0.2874020011362961
24921,0.15639717170309012
24923,0.7874964838253492
24925,0.6586346602613686
24926,0.5200400573905333
24927,0.7684460687261315
24929,0.836632531845286
24932,0.3393040237143516
24934,0.8944039001210998
24935,0.4914011392196784
24938,0.3038586563617453
24944,0.3539425405518562
24946,0.9164204432225206
24947,0.9445989967600137
24948,0.41038930493427983
24949,0.6123607410693636
24951,0.717464466252302
24953,0.499363307453654
24955,0.6072491066371714
24957,0.8321046667243629
24958,0.4064084117493134
24959,0.792962530906586
24960,0.33766882651847924
24961,0.23106750657626204
24963,0.03923169665980238
24966,0.5715048475377501
24967,0.365644710351128
24968,0.6116122394186633
24969,0.5823384736236229
24970,0.8956180067141747
24973,0.5211135518540528
24974,0.3015093708538312
24975,0.2571993672784879
24977,0.20907180581245413
24979,0.6068700286619114
24982,0.3502691875697942
24984,0.6352492793589506
24985,0.6160642064518177
24988,0.9375916665771423
24989,0.5878493291329542
24990,0.4583830172552322
24994,0.734962645975592
24996,0.7778305615304854
25002,0.9505724501752347
25003,0.15306248583401225
25005,0.7017467581503123
25006,0.68944348465996
25008,0.9432898524646446
25009,0.8742211457670889
25010,0.8897924100029374
25012,0.737863036664649
25015,0.5544545084778957
25017,0.3409012564382715
25018,0.7228997618711687
25021,0.9351965324575932
25024,0.7303710362111709
25026,0.46254211657137023
25031,0.7783398152933348
25032,0.31447849758252966
25036,0.32953194721157353
25037,0.35479158845826964
25039,0.8165554006248501
25040,0.8984570542859084
25041,0.314816933100808
25043,0.7389912478771278
25049,0.4323660864303719
25053,0.1340394742541925
25056,0.8075506264339077
25057,0.6338663303710235
25062,0.35439488476937425
25063,0.27946403051270824
25064,0.1028995246144372
25065,0.3810283606695161
25067,0.4787749493790216
25068,0.6556101828093882
25069,0.4964966005793367
25070,0.15983356535818014
25071,0.36142191159322323
25072,0.2805514873903398
25073,0.45348083387955074
25075,0.7445657440680654
25077,0.43716896219568707
25079,0.7661737331347165
25080,0.3383128825749948
25082,0.0838962997719316
25092,0.8762443269211861
25093,0.17525818194222914
25095,0.6142447916049407
25098,0.7342359992299338
25099,0.3959039595986145
25100,0.2608406165040919
25103,0.6696156750385776
25104,0.14286689946075382
25108,0.4953464301367345
25109,0.12929180062475254
25111,0.19297803349955248
25112,0.6323141600224091
25115,0.7889534924079505
25117,0.403476234955448
25119,0.6382413174955949
25122,0.5683589420989477
25124,0.8167612178853533
25126,0.43846452007243975
25129,0.04695183852987868
25133,0.19883808716174678
25137,0.6212695212297076
25138,0.7305770846506885
25139,0.733899895823751
25140,0.130132482277201
25143,0.31412459909313506
25145,0.9803683928957873
25147,0.6471882735868816
25148,0.05610867845508684
25149,0.24831653971369502
25159,0.5710187385027432
25161,0.37529480656469383
25162,0.5792203383077735
25165,0.6898451532581645
25166,0.2771850256876439
25167,0.6811880307230155
25168,0.46728233644291156
25170,0.7477885436163155
25172,0.40404695655656864
25175,0.5656593114404833
25176,0.15260830261727085
25177,0.4697879396481666
25179,0.17959780005910328
25181,0.34593124032531697
25184,0.5817720347724573
25186,0.7894736054291304
25188,0.27087141411803084
25189,0.9586684990178302
25190,0.2466323548219676
25192,0.7569685987432762
25194,0.9144007969076274
25195,0.8846558370134437
25198,0.9459926220405409
25200,0.24226754250644733
25201,0.1244343952223161
25202,0.8844730026032603
25203,0.2053916865531228
25209,0.9081337599899024
25210,0.9159571487910341
25211,0.705968696155931
25212,0.5899785392195767
25217,0.26013981332082425
25220,0.09200575016468082
25222,0.017145476098345117
25227,0.655310486336896
25230,0.5009605494358131
25231,0.22967503910117937
25232,0.5178714710462381
25233,0.535158564829392
25234,0.5375368029078732
25237,0.5642773142911108
25238,0.38810627126650954
25239,0.5320478056664282
25240,0.24410159911934814
25242,0.443315991260226
25244,0.012246560226329913
25245,0.3322086816787792
25246,0.6364372173950541
25250,0.21389492380636724
25251,0.5442731513112019
25253,0.5437837210317918
25254,0.7970822004793499
25259,0.6636574905810947
25262,0.6216757353734169
25264,0.8066386848017203
25265,0.5605892609155891
25270,0.6786380387712815
25271,0.7563644085801563
25273,0.9632577651351967
25278,0.11556775808754986
25280,0.3576121907208385
25283,0.1361532707043372
25284,0.15052230497347643
25286,0.3968552115711038
25287,0.22968789770905246
25288,0.8788673919612559
25292,0.18165283248509584
25294,0.02941679525583008
25295,0.210610326195871
25297,0.4229765288000586
25299,0.41007795310248574
25300,0.18690162316541217
25301,0.6489483666341029
25302,0.9735706689426032
25307,0.6518829618744149
25310,0.27583297859728934
25312,0.8490714185521282
25313,0.5713864205383941
25317,0.4801096632133687
25321,0.8660654085746491
25322,0.7362999727070284
25324,0.06402225990536822
25325,0.3973242205413227
25326,0.7468896694034304
25328,0.15614908962175034
25329,0.25235739807730617
25331,0.33903129020974654
25333,0.6885889841404902
25336,0.7612744526197801
25337,0.37784199411588476
25340,0.08932133146138677
25342,0.9672335549792443
25343,0.46823400699668244
25344,0.7154000895046316
25345,0.24004611089040262
25346,0.8267601724319474
25348,0.5551361505394202
25356,0.8649917210376551
25357,0.3403583290923367
25359,0.34915283877308334
25360,0.024954848858109484
25361,0.7343466927355634
25363,0.7807191959508071
25364,0.9063292346187283
25365,0.13177700306618256
25366,0.58546556888366
25367,0.821748354129366
25368,0.6437798167572696
25371,0.24232955853572818
25372,0.3378428751702783
25373,0.700138339519558
25374,0.4256283691637828
25377,0.7174331945167316
25378,0.13743067646035892
25379,0.7992610142203265
25380,0.423754866637384
25381,0.4344490489285734
25382,0.3491297259447768
25383,0.520340830759931
25385,0.4240797895006891
25389,0.17991401185870565
25390,0.6811990899292012
25392,0.640524403165115
25393,0.6656267996490949
25394,0.3207778533696962
25395,0.5001785220954558
25398,0.8785912701136319
25402,0.31043803361511363
25403,0.433791450690213
25404,0.8420093063411432
25405,0.19860914591332335
25408,0.14597921733665317
25409,0.634545660978312
25412,0.5307135470328516
25414,0.40286486864490273
25416,0.6258928690052906
25419,0.858670330788097
25421,0.1600799613426509
25422,0.1959490795001975
25425,0.4896208755046794
25428,0.5522505241547148
25432,0.840980413784731
25434,0.4084995053872674
25435,0.4438965243050792
25436,0.6869855701211728
25440,0.4309644900472174
25444,0.2406358055362992
25446,0.673171609835694
25448,0.9034237147323755
25450,0.2389588523068035
25451,0.8517546872904322
25452,0.8464470250545331
25453,0.2646613791984997
25457,0.9182819942235488
25458,0.6525589820695188
25460,0.4609314319784464
25461,0.8984152054829623
25462,0.7136152115140009
25463,0.023524009748244624
25465,0.6858585132883731
25468,0.749088466805762
25470,0.11226187458889754
25471,0.6666611170969926
25473,0.21031846084161757
25476,0.5372373917002963
25477,0.8602536128979998
25478,0.3567087614571082
25480,0.45566348677018903
25483,0.8439696848240521
25484,0.5466062150318514
25485,0.3541055774085073
25486,0.4919238737293221
25488,0.6274685699724939
25492,0.6494403786168821
25494,0.19337730167395187
25495,0.27580265329252324
25496,0.7315692328936051
25498,0.6477841674197152
25499,0.4779491365342733
25500,0.9155912204804639
25502,0.11154884323339863
25506,0.44014529136848257
25511,0.4006357982093042
25513,0.4092961939444845
25514,0.1613458374217625
25515,0.33552160745734294
25516,0.7757070404086244
25521,0.662832245349241
25522,0.27981206195456576
25527,0.5629761752867714
25528,0.11237897994902094
25529,0.637561603758983
25530,0.6206159596917378
25532,0.89803368285674
25535,0.6669760181816948
25537,0.28299099514972303
25542,0.2531998046493637
25543,0.7278004400320269
25546,0.20399951428512225
25547,0.5498861130972079
25548,0.7154564700143713
25549,0.6852381871476989
25554,0.719328985195525
25556,0.47995219660229993
25557,0.5515549291212524
25558,0.28866877083676573
25560,0.5450965698728037
25566,0.5118485439747738
25567,0.38701904396756154
25570,0.5425373553214272
25575,0.3552775267527278
25576,0.7483395013493634
25580,0.26741995450724765
25582,0.6047507716856926
25583,0.4195722135939101
25587,0.38775744636690485
25588,0.4489222491257752
25589,0.3360418876275846
25590,0.008695725648238261
25591,0.3047331494784888
25595,0.7980157926203892
25597,0.83435159158794
25599,0.8724167193880286
25600,0.6454473751217787
25602,0.6622564265349665
25603,0.7016394801256872
25605,0.3592858179471857
25606,0.522243748473132
25608,0.18290041883842123
25610,0.6487162852180657
25611,0.5791772789525307
25612,0.21596620855869103
25615,0.10181382232058554
25618,0.8602830043748252
25620,0.03776947349134677
25621,0.7761833561056933
25624,0.4117575193002474
25625,0.5613783767834299
25626,0.37347115140656856
25627,0.4437697755990637
25628,0.9300802635355456
25632,0.8886609851791722
25633,0.1953166423434606
25635,0.03791375299860078
25636,0.727217799849876
25637,0.5247203064203891
25638,0.9648991802636117
25639,0.3714742617019146
25643,0.24461337811841294
25644,0.18263428492023348
25647,0.7730186224173917
25649,0.8069451410223757
25651,0.40240968641299346
25653,0.6274230235049332
25655,0.8896785575406061
25657,0.3829333162648791
25660,0.07287838611533302
25661,0.20192460456456668
25663,0.7402805862024617
25668,0.47443443984708766
25669,0.4093653273829286
25672,0.3675210064769362
25677,0.6706212638992853
25678,0.2900989867562481
25681,0.3844700600519279
25685,0.2130087980333384
25688,0.27182766156361055
25691,0.41622760305057055
25692,0.19471118917506394
25693,0.7087731969192941
25695,0.5732074236638879
25696,0.40807150990438507
25698,0.4746491110768093
25699,0.25996694009543064
25702,0.2657056492234378
25704,0.621933609658579
25706,0.5869844399796282
25707,0.9375319271007625
25708,0.5337359405856981
25710,0.7372050572028975
25711,0.6332582194566685
25713,0.8413669253841165
25714,0.647576217392479
25716,0.4232771030652712
25717,0.87569005218299
25718,0.4042256343193634
25720,0.5426491492094273
25722,0.08091021847529899
25724,0.6321185259489661
25726,0.6068111174924089
25727,0.5463119418401359
25729,0.6749826204999203
25731,0.8553377534782982
25733,0.5188876793562269
25734,0.261517778848763
25735,0.8852957225540313
25737,0.5672069150014281
25741,0.61998888970511
25742,0.5438747379302208
25743,0.942517853001424
25745,0.5824317724673564
25748,0.4162103970516668
25751,0.7255119321894562
25752,0.8961057773261158
25756,0.5750894444863932
25761,0.9589323737740579
25762,0.8470785654774292
25763,0.7180463825053113
25765,0.9776825150679347
25767,0.7050634996572173
25770,0.47986969535523155
25771,0.08229541560634027
25778,0.23627696866531897
25779,0.3875348348046647
25780,0.2255704819516886
25781,0.8922723949612539
25782,0.05980444006317789
25784,0.6459106864017928
25785,0.8152565222374761
25788,0.8273622960738359
25789,0.03391108314261116
25790,0.1864527056444856
25791,0.7111094840900951
25792,0.27768333802893597
25800,0.8936349219662906
25803,0.7709835677713249
25807,0.3656547707723502
25809,0.379313573978749
25810,0.20891843551849862
25811,0.45216695138212526
25814,0.6560607483517938
25815,0.2572474667190406
25816,0.21706854775284434
25817,0.4639282292488438
25818,0.4272663574894133
25819,0.2896526659346059
25821,0.869435436208139
25822,0.6781246959948326
25823,0.6968833475616831
25825,0.6047347540643331
25827,0.5957024677181683
25829,0.5732083920770188
25830,0.3474271538977823
25834,0.8309006536663499
25835,0.47040990517369297
25836,0.6085422452590427
25837,0.719859722097915
25838,0.47436738005545964
25839,0.27116605248772735
25840,0.5188563236688157
25846,0.595070737395454
25847,0.19610752168775125
25848,0.25042656510501554
25852,0.7632154987939794
25854,0.9253530207954961
25857,0.8993908632786305
25860,0.438119045251393
25862,0.2496783003542779
25863,0.6761604931409011
25864,0.3589469894512462
25866,0.7466484909918756
25867,0.3416113944159958
25871,0.7466257727286496
25878,0.48295125657422083
25881,0.8497657503539952
25884,0.6748070349471327
25886,0.3642971240597463
25887,0.8095776427154904
25888,0.4182099860054642
25889,0.6072526188201427
25891,0.7861685785466642
25892,0.5350091994069031
25895,0.4149887429038046
25898,0.6405961132414768
25902,0.8247001638162438
25903,0.7273679991075539
25904,0.48645553645805956
25906,0.4703298253415426
25909,0.6641282135451263
25911,0.5998440342124622
25918,0.676912035296057
25924,0.5514995204933185
25926,0.3808229054197574
25927,0.07281768006445077
25936,0.3432568399156859
25937,0.5823122512410942
25939,0.025389934569103583
25940,0.28170726080337893
25941,0.744084352401744
25943,0.8480848952300238
25944,0.7968685702839934
25946,0.6173315867293032
25947,0.5847533483086542
25948,0.8196438992381684
25950,0.5424682229845065
25953,0.46525777271533
25954,0.43957559886261793
25957,0.09944129421667706
25959,0.3328387030028672
25962,0.032527422192567615
25963,0.5782235077266198
25965,0.9223248891555522
25966,0.3376078188557112
25967,0.18781176749604464
25968,0.4088326665147627
25969,0.6845507198017331
25970,0.5830986558180439
25971,0.7240100586785592
25977,0.7871944031519268
25978,0.4399709483921907
25980,0.5524542069127201
25981,0.9180878310029355
25983,0.4146202182814031
25987,0.704342820682463
25988,0.43723586338266723
25990,0.5638504814391567
25991,0.9164283911151437
25992,0.5306051376058496
25993,0.307735853831209
25999,0.6294549356206146
26001,0.325977243940545
26003,0.8316378140820007
26004,0.2918955643283703
26006,0.808325673977269
26008,0.10275757648489635
26010,0.11215787247387614
26016,0.8121717350159318
26017,0.6936082001181487
26018,0.43386186686323747
26020,0.6608000042097475
26021,0.1589830617775205
26023,0.7190022079629786
26027,0.6212688057959681
26029,0.7830323199068948
26031,0.3061003285647816
26034,0.5956566983147714
26037,0.6095774815191329
26038,0.36412497884224176
26039,0.3006619200291911
26044,0.8532082357824312
26047,0.29097416983210195
26048,0.5935239960804364
26049,0.7069901764012464
26051,0.5107506251804835
26054,0.47769667361811174
26055,0.3359177511025835
26056,0.8162679733003724
26057,0.647616657258755
26061,0.045012395550568976
26062,0.8089049227014897
26063,0.5912973076593369
26064,0.7065191027206013
26067,0.09662460096608258
26068,0.8325276823031916
26069,0.38800980298661863
26070,0.24614802611792344
26071,0.5238913991500641
26075,0.26984846001894897
26079,0.06832914995512215
26080,0.11796919198864589
26082,0.539196456608093
26083,0.9649756622895981
26087,0.7429008764318826
26089,0.3009768807498395
26093,0.46094266597119327
26097,0.7049236890989864
26098,0.1701102083104607
26105,0.4570612082044135
26108,0.28863069479026765
26110,0.48764930300275133
26111,0.7820327338655702
26113,0.6009908195602621
26114,0.6847465456079105
26115,0.6939082407215068
26116,0.331979561536182
26118,0.3725168358652019
26122,0.7805160783885008
26124,0.7461635316248801
26127,0.4980017252944654
26131,0.6661042253456821
26133,0.6018707293796324
26134,0.5540086456735094
26138,0.8040270485896145
26141,0.7022610020474027
26142,0.12800208975084856
26143,0.27641461674725426
26145,0.6019446804330946
26146,0.40747912980854156
26148,0.18239558405865372
26149,0.30108290241700353
26153,0.9449197333077308
26154,0.8392766370400474
26155,0.2645216119403524
26156,0.5477439887615047
26160,0.5251106318921602
26162,0.6748819156809301
26163,0.6051491439201712
26170,0.3199479948819366
26171,0.6866953346321637
26172,0.40250817045065085
26173,0.1877334276301657
26174,0.12254806489418671
26176,0.704772309803585
26180,0.6920406007063047
26182,0.9388474614620899
26183,0.4911396434660764
26184,0.3337475591720375
26186,0.6744549174447334
26188,0.8652013338065965
26190,0.7067988005532104
26191,0.10777196660785716
26192,0.20102413329615554
26194,0.12938846903217494
26197,0.5565785772838152
26198,0.4121173056813599
26199,0.528955206686869
26204,0.5651922585948637
26205,0.4500462947209087
26206,0.7238704639896951
26208,0.6274634481900819
26209,0.30350272985729954
26213,0.42852149607010614
26215,0.5606056251383401
26216,0.2608835210995211
26217,0.5197038458537756
26219,0.3980519539635104
26221,0.5367673495866682
26224,0.43579848738801696
26226,0.49808919509111443
26227,0.5188002443226815
26230,0.5569635396745817
26233,0.6617413610286629
26235,0.33870233080880047
26236,0.4787976547568946
26237,0.5362440851407638
26238,0.5042704328460146
26242,0.571173553128983
26246,0.5056216218555533
26249,0.7038767266405662
26251,0.5526887582205315
26253,0.9195487762690585
26254,0.7052510248752144
26255,0.7265813126863037
26256,0.455704909987009
26258,0.053639201073204544
26259,0.851809704301069
26261,0.36086868769254965
26262,0.4620279239884201
26264,0.5659921599465617
26266,0.7640229435838488
26267,0.7873742264145028
26271,0.4303153809050063
26274,0.5394882728541462
26275,0.6820041755324379
26279,0.3667865977493882
26280,0.39292202993287045
26282,0.4354117319573502
26283,0.4911616305002179
26284,0.6415334601221547
26287,0.45401672219020006
26289,0.9337659755616067
26295,0.3555843318952611
26296,0.10887084949731941
26297,0.143667641903357
26298,0.3797652313320621
26299,0.0807439713236066
26300,0.38082592097493
26302,0.7015998103316853
26303,0.29659856343705676
26305,0.3974131554567992
26307,0.6418419248625259
26308,0.2170123186231196
26310,0.4068004817954078
26311,0.309736961736574
26312,0.9223290568737197
26318,0.4567883435794679
26326,0.5327505455457577
26328,0.6943062808598143
26329,0.4634929462888475
26330,0.43706749293946895
26335,0.7470018225517133
26337,0.2374121247489618
26340,0.26065179775580133
26341,0.28160570042583666
26343,0.49329435314001485
26345,0.620058749897386
26347,0.4203577379328211
26349,0.2916545145498347
26352,0.7837855296820503
26353,0.8469082533157934
26354,0.8364545805594056
26355,0.8661349419357384
26356,0.7530281022101499
26358,0.7092680564363609
26359,0.44429532403171595
26361,0.22026569316825212
26362,0.9031450879554314
26363,0.8202658532597262
26365,0.4500329211230606
26366,0.20275511955524603
26367,0.5314610592850901
26368,0.7444748364088245
26370,0.5075219928946236
26371,0.7973003215989736
26373,0.8051630789868962
26374,0.8335370154518522
26378,0.33081765113321604
26380,0.3303789647043513
26381,0.6460517172016355
26382,0.2070484486860753
26383,0.3579197878505629
26384,0.7161284187082079
26385,0.2394974317053812
26387,0.3439849321001321
26389,0.36053762423876107
26393,0.8366241408859486
26395,0.7796075071595225
26399,0.12790730303829267
26402,0.702679264784454
26405,0.6610860683819872
26406,0.48355016068734796
26407,0.3957633782937802
26410,0.3796728341345786
26411,0.5329098112931372
26412,0.6271187635214526
26416,0.7455021123482691
26418,0.6037327097384896
26419,0.3058630554602445
26420,0.25769218406161365
26424,0.7660518105099924
26427,0.17364298502842215
26432,0.07606169865815654
26434,0.6611514642948849
26436,0.6757404562135251
26438,0.7240369076824047
26439,0.5019939888943461
26441,0.20334615010248844
26442,0.44036429797384874
26444,0.8687712017342719
26447,0.7500920668980994
26448,0.7530984752398162
26451,0.35866615785939393
26456,0.2562359130535935
26458,0.6386066947966063
26459,0.7320348760805713
26461,0.22067997686560498
26462,0.5845413763564035
26463,0.47231165888493515
26466,0.26299387414903735
26467,0.2588243488676833
26469,0.42707944580595625
26470,0.6703832921756682
26476,0.4792534002584845
26479,0.4544114110847936
26481,0.5603035854240377
26483,0.6079802031199939
26485,0.6932055659353162
26486,0.4189332720676494
26490,0.40977889857559685
26491,0.7038800829244587
26493,0.21358952304500153
26495,0.22409101598290673
26499,0.13477263023497624
26500,0.49006101659403634
26503,0.13972212558517902
26505,0.5013054656674248
26506,0.5303674903458362
26508,0.23223027886837885
26509,0.6063575337871974
26510,0.45662614599744417
26511,0.25144985349240384
26512,0.4799015646999123
26516,0.7078139851511683
26517,0.5862895233506403
26519,0.6437585282748952
26521,0.13717036091308019
26522,0.5451510413096664
26523,0.2501822827593391
26527,0.9112805676969666
26530,0.2455549122072613
26533,0.7797919351633797
26534,0.47964639947752635
26535,0.72716252125045
26536,0.15603956343972264
26540,0.5510385377869724
26541,0.5933805291348402
26543,0.32750765214283606
26546,0.834358643176275
26552,0.5587168534072791
26556,0.3888677826562614
26557,0.8902941452500758
26559,0.07876118363889274
26560,0.6788097020115351
26561,0.3010780528595172
26564,0.6583420780351519
26566,0.2566134558880947
26568,0.9248367416290992
26570,0.3610330361358592
26573,0.4967603588819163
26577,0.14396361004087063
26579,0.7799119318968355
26580,0.5680109783213847
26582,0.5519984253385499
26583,0.27784836681621766
26584,0.3794072602589611
26585,0.8789952293585207
26586,0.91770800517294
26591,0.6205898637035645
26593,0.5657447036811403
26596,0.25414815009348973
26597,0.6752753932710756
26598,0.5330248707796356
26599,0.44141434702845217
26601,0.5107160274091762
26602,0.13049812923108195
26603,0.6176378634332778
26606,0.09698316842054329
26607,0.15937444426458527
26608,0.7929158800431564
26612,0.40278886766861743
26613,0.18505310363150693
26614,0.6182789132798693
26616,0.7270949133595155
26617,0.3612733221105213
26619,0.40798785119631725
26622,0.3554843157744008
26623,0.30002552713845176
26626,0.4919782213398785
26627,0.23744085950846255
26629,0.24846316434573865
26636,0.8036320483738786
26638,0.21972641331966827
26641,0.5897819427213162
26642,0.2737829539870516
26644,0.40630175141992725
26646,0.7599692725796328
26648,0.23873873608284527
26650,0.3200580660765567
26653,0.10523670783118973
26656,0.9365646736296922
26658,0.4736175592417124
26659,0.895041250406957
26662,0.707846153681461
26663,0.33449912239606444
26664,0.5744322675767172
26665,0.4175759810424661
26668,0.8026942719792028
26671,0.31477381983701164
26673,0.6727646320098541
26675,0.5745068597563828
26676,0.5999579131205056
26678,0.6392851730843099
26680,0.4441141213983648
26682,0.8126091902220539
26685,0.8365894318020806
26687,0.2851112881380314
26688,0.3353518713592282
26691,0.6423788315662237
26692,0.7544169327508577
26693,0.2234577636023275
26694,0.7143019691048024
26695,0.5656535039725928
26696,0.24389782446809802
26700,0.34813489789785285
26701,0.7586512717622764
26703,0.68902246872058
26704,0.2480060491717282
26705,0.19722691885317623
26709,0.9090128177024163
26712,0.531684948406041
26715,0.5638614634676371
26716,0.5909941759974622
26717,0.5222757545141398
26718,0.744916907300434
26719,0.6287753729006773
26720,0.7202263935713173
26723,0.8720384463908051
26724,0.745765848908472
26725,0.8427328860614791
26727,0.8582817698803501
26728,0.438125042990597
26729,0.2914971788608993
26730,0.050237839741897064
26731,0.40412217951764234
26733,0.19779377318757613
26737,0.13633732558651376
26738,0.13840091184161163
26742,0.8231607852621383
26743,0.7407326982870334
26745,0.23369394771511856
26748,0.9372893958159535
26750,0.17379068380137586
26752,0.6824355065770612
26753,0.6395896757050684
26754,0.5104475223734625
26755,0.9684653938999798
26757,0.9100657564905187
26759,0.9070077508007454
26763,0.6310485246766898
26766,0.5008694523583015
26768,0.04731196233554405
26771,0.8442325752467318
26775,0.39338522343345517
26778,0.6286221437284094
26783,0.26917023561412345
26784,0.07551397712247028
26785,0.8202062287753371
26787,0.5408768692422825
26788,0.3836590412558895
26791,0.24737550958467194
26792,0.5004380647583627
26794,0.18293539333178896
26796,0.44066103472340834
26798,0.23094661897581817
26799,0.529707432401598
26804,0.6210727285397291
26805,0.531468361637606
26810,0.8244401428833106
26811,0.9607288589438797
26813,0.4621312958502162
26816,0.32824244027070304
26817,0.22350562259141493
26822,0.6018550577996457
26823,0.1727962509272656
26824,0.9756801252088019
26825,0.9013715600942331
26829,0.3519643056498753
26831,0.7286858834611415
26832,0.7491948435945995
26834,0.2940883933388206
26835,0.3202299487288583
26839,0.478577223322302
26840,0.49596903154931227
26842,0.2974285435241594
26843,0.5748695478013176
26844,0.2569520371543052
26845,0.7862916975089541
26846,0.574029215450612
26852,0.8409272663553595
26854,0.5802736028923879
26856,0.15982718266992152
26857,0.16328202616905899
26858,0.17059529557203132
26859,0.07170111810584982
26860,0.2331376122338531
26862,0.9496595136651741
26863,0.7755537080374165
26864,0.5878816453717901
26867,0.5171982696297995
26874,0.5168474717536656
26875,0.9330816804147308
26877,0.45320527235956887
26880,0.35996902114925927
26883,0.7966179590781065
26884,0.39090473640847656
26885,0.8855580149083542
26889,0.8429540285590089
26891,0.06495659293933727
26895,0.927927061797241
26896,0.7016819009792755
26900,0.7797564468952608
26902,0.41361974274376656
26903,0.620960086559707
26907,0.7744068404399552
26908,0.5997753577612992
26910,0.26320613209051663
26912,0.7475885760262095
26915,0.5514686937424357
26921,0.6754795393496882
26922,0.3500587462279317
26923,0.7341028003367099
26924,0.755645491602737
26928,0.765728089633725
26930,0.6168081756801215
26931,0.8761291217048982
26935,0.7380107247473421
26937,0.6631355413526606
26938,0.1815664801202714
26939,0.8801458775743303
26941,0.25097741734433077
26942,0.6781657527574233
26944,0.7204233716571389
26946,0.15529481903164605
26947,0.5887455978903234
26948,0.35211085011071447
26952,0.6702638940790002
26956,0.6487348615721941
26957,0.09229931748266242
26959,0.3683041716352942
26960,0.8425323906084269
26961,0.38693486336460475
26962,0.6080015524238596
26965,0.5341493901693044
26967,0.5362814064215665
26969,0.5319184030824632
26972,0.6636328771700931
26976,0.8895106216436884
26977,0.4738257724298579
26978,0.7354550096777214
26979,0.6055343191665796
26980,0.7973953659070039
26982,0.8460036286701628
26985,0.5018025582657468
26987,0.4136224968292745
26988,0.27756150750249875
26990,0.4686868659451702
26992,0.35771219045512526
26993,0.2594568049564705
26994,0.31916843875037376
26995,0.5063763655343331
26996,0.7393232575918419
26997,0.501100387874386
27005,0.41065909364656317
27009,0.3079343675755085
27010,0.5305639135274846
27011,0.6805349226968094
27013,0.3767013533078685
27014,0.634062915233771
27015,0.7878726918106432
27016,0.39729091045209286
27025,0.191381025084374
27026,0.5825162597330419
27028,0.738759190143707
27029,0.6761046022234014
27030,0.9080056530064543
27031,0.5507228996639438
27033,0.49551790754244174
27035,0.7611191190992654
27041,0.2778934769519896
27042,0.28453596531340014
27043,0.571479409938928
27044,0.3624447910409245
27046,0.3104819762815329
27049,0.7753803479028119
27052,0.8149472144547224
27053,0.6761780720285477
27054,0.4705925888517234
27055,0.8360071698692032
27056,0.4650593609625208
27059,0.4244736333730497
27060,0.5824829604297567
27061,0.7551741842314963
27062,0.662403774330592
27064,0.7333175665250551
27066,0.20055457970093274
27069,0.8488799608398724
27070,0.6495644090597491
27071,0.8030380458762075
27072,0.5893314435205722
27074,0.9847117600516186
27079,0.24366282716246063
27080,0.9162762762124044
27086,0.5810104394737918
27087,0.14892055768939275
27090,0.12924362212220414
27091,0.6561508043063589
27092,0.15765912412538707
27095,0.7435184321965441
27098,0.3037808035364857
27101,0.4503994399188408
27104,0.15806744622797275
27107,0.46165285881263346
27111,0.34285434239519674
27113,0.19721728840740954
27114,0.39545002133583185
27115,0.4539089454987571
27117,0.47135349774400626
27120,0.9654369851073606
27124,0.5836232277602057
27126,0.7887417027412351
27130,0.16588060395921647
27131,0.4268430567461864
27133,0.3128296639408682
27136,0.44187692624234465
27138,0.04768110038111607
27141,0.9034326274131876
27145,0.6932137626090307
27147,0.5267887683337592
27150,0.49139087979863805
27152,0.7892973978608909
27153,0.21263377441787823
27154,0.0455708120605984
27157,0.39387471454178524
27160,0.2022309055198715
27162,0.4488963375984945
27163,0.18158024705765163
27166,0.19132908253837586
27169,0.6459978574874591
27171,0.7635081098222176
27172,0.6791767935645725
27174,0.6766283114222152
27176,0.8502489921913601
27183,0.6428404429092867
27185,0.20358505938890498
27187,0.11618541731138302
27188,0.08648815649319445
27190,0.1499582022298313
27196,0.8708796983973583
27197,0.5157726062785399
27198,0.5580197341087866
27200,0.28331598168024524
27201,0.22472253869222747
27203,0.2133245762659184
27204,0.8176885801065766
27205,0.11689005549756151
27206,0.6615247402915749
27209,0.6657151752258138
27210,0.28288009937108144
27211,0.4035612316018601
27212,0.49435116212522534
27214,0.134593401220922
27216,0.25286461645507813
27217,0.7660877916599733
27218,0.2539301830178488
27219,0.09005342014212653
27221,0.25455521547638127
27222,0.5732158124221933
27226,0.7570421905758936
27231,0.8369665401046377
27233,0.6903311601505967
27234,0.8582893763899062
27235,0.26634818812875655
27236,0.19572235874715763
27237,0.4369329854798977
27239,0.7075724423037505
27242,0.561948251328338
27244,0.3815089680064748
27245,0.757416599527896
27246,0.29675195165631457
27247,0.7587033100044345
27248,0.6725971101432568
27252,0.7950003937160435
27253,0.22749367891086722
27256,0.6960893292303035
27258,0.790475395080803
27259,0.31323350907223485
27260,0.9126915638805586
27261,0.5351000738802869
27263,0.9521704349583783
27269,0.290626449365087
27270,0.26532630794220174
27271,0.4517499422355512
27275,0.27705994726763844
27277,0.24006184192393384
27279,0.5295390141643912
27280,0.5488279124974659
27281,0.45904272238610594
27282,0.6061214204909398
27284,0.0666243433948809
27285,0.2614830724527748
27288,0.4850947727884164
27291,0.4733462627554904
27293,0.8121527870375927
27295,0.3381940162596664
27296,0.40048669810051957
27297,0.7303165119864524
27298,0.8425861632473577
27299,0.6164998314308998
27300,0.408490274972951
27302,0.0803328834844248
27303,0.46972184631512737
27305,0.5892961924309531
27307,0.627391277048812
27308,0.7071637491214552
27309,0.5805124846075151
27310,0.5107296035409651
27314,0.732917742184068
27315,0.5197598468507818
27317,0.6615292997337628
27318,0.916742590785196
27322,0.7441497265716466
27325,0.7835177141032276
27328,0.3252820832044102
27330,0.08315957382201682
27331,0.8498276716599803
27332,0.38607003430753856
27333,0.6239178872696012
27336,0.17529732293470646
27338,0.6347149277475802
27339,0.7308559678088947
27340,0.18113494001555702
27341,0.596725412233386
27344,0.9113831711149644
27345,0.5339551731898361
27346,0.3329768041175625
27347,0.8578504939289565
27348,0.5425250800700588
27353,0.46532394031904567
27354,0.9299373829868572
27356,0.5025151842692386
27357,0.4812568412231217
27360,0.677488930241373
27361,0.1112206899460317
27362,0.6568815961754718
27366,0.21926601793434616
27367,0.6886448128105367
27368,0.7465602179332016
27369,0.7886356787941955
27371,0.45434311028675006
27372,0.035492104001373356
27376,0.3556614279439667
27378,0.2461240102318278
27379,0.9598786895272698
27380,0.23250178502334076
27381,0.7324593720923899
27384,0.7993986798200009
27386,0.21432945528795674
27387,0.16336572206769498
27389,0.8445461721948898
27393,0.461436616591302
27394,0.32132740117160924
27395,0.8078248584421475
27396,0.599951518781845
27397,0.2447429647498074
27405,0.5288967853732172
27408,0.7586497761714409
27410,0.5736438757940079
27412,0.8779972802941386
27414,0.01921087235634122
27415,0.17856717181852844
27416,0.5011099012470116
27418,0.7948928048766102
27421,0.10981214669197734
27423,0.7793522237086193
27425,0.5922732951442531
27426,0.4701279838254954
27429,0.4535689623647228
27432,0.5130685998443792
27434,0.455668738418613
27437,0.8993880598643402
27442,0.43175094303269923
27443,0.08913294448440251
27444,0.646549261454746
27445,0.8356713557676902
27448,0.6579014088219234
27451,0.8710544211772465
27456,0.2967660806903474
27457,0.39469705460330723
27458,0.4354160554246798
27463,0.33884374545933543
27465,0.2584418921538679
27466,0.2926819096491671
27467,0.8185647086121198
27468,0.6708249013348583
27469,0.29256020195083143
27471,0.32548048073920877
27474,0.8647430619997974
27475,0.2509928385058275
27476,0.427938700236127
27477,0.8030647789165516
27478,0.7360548081002708
27480,0.5804401304774851
27483,0.7870556986641705
27484,0.3205905510192591
27485,0.25252862556364136
27486,0.21713138444830102
27487,0.20778601528003646
27488,0.4186310911939466
27489,0.7728653042913971
27491,0.26725664822000206
27494,0.7260946162233557
27497,0.7992722752462236
27498,0.4924333379387193
27499,0.005627101716199224
27502,0.9090817776103224
27508,0.2612259673355299
27512,0.38103416338242546
27513,0.5011952940187321
27514,0.2909405035530686
27515,0.6395033523864905
27517,0.8879935425533622
27518,0.30183831451944965
27520,0.42555924455167693
27521,0.8643857991535145
27524,0.6425585599278276
27525,0.6212715555091853
27527,0.34879262185648835
27529,0.6216059297599033
27530,0.558129694591894
27533,0.24265930445950784
27534,0.47220346327280244
27535,0.2080394869275286
27542,0.09475571667608157
27543,0.21825335577865854
27544,0.3314042737731284
27545,0.4596655017417772
27549,0.4755130088487253
27550,0.08239050377088943
27552,0.5832216915257763
27553,0.21649345213252927
27554,0.21775643020392144
27555,0.8269940364159875
27557,0.44866493732341234
27560,0.6596755048947169
27563,0.8253891102431242
27564,0.3159199858834755
27565,0.4406669008369163
27566,0.2724061633383754
27567,0.8163422327043752
27568,0.20907751520121207
27569,0.9391003281925042
27570,0.4011770022003415
27573,0.1740558301206585
27574,0.7124169176665595
27575,0.6735995268887591
27576,0.7190528561333566
27581,0.4099150416409954
27588,0.22957162718534838
27593,0.5679668986660247
27596,0.7090684207456807
27599,0.4459760086965202
27602,0.6738312617227112
27604,0.5439598036694415
27605,0.6524397547103848
27609,0.3127362225134827
27611,0.9556872704434329
27612,0.15573620092320217
27615,0.43853827740682033
27616,0.39042454736520094
27617,0.5887139501062343
27620,0.08074384444525164
27623,0.19338925619544453
27626,0.3379355916781735
27628,0.45782229793619955
27629,0.7764907865044
27630,0.5147346803814454
27631,0.1514019815267736
27633,0.5906072775680214
27635,0.7878595215471834
27638,0.3285361130139297
27639,0.7622117105502801
27640,0.5338577253965654
27647,0.6988139653793415
27648,0.6604794286971525
27649,0.3556129940052522
27653,0.20648303495657555
27654,0.288691266621653
27657,0.869850852230825
27661,0.03396660747419368
27662,0.4191396041330236
27664,0.7204826015388376
27665,0.6548405592721794
27668,0.5120073986215383
27669,0.06565443215454611
27672,0.054838720768370576
27674,0.8823561032278423
27677,0.3722085499335615
27678,0.510504968922922
27679,0.9105279127966184
27680,0.23660727698565295
27681,0.773031689545709
27683,0.3880128954563135
27685,0.7250177975062388
27686,0.08215247413398807
27688,0.16620588144870416
27689,0.44537352517825585
27691,0.8623737771071208
27693,0.64345099305831
27697,0.8407102691845202
27698,0.6832112105945108
27699,0.7307030838787417
27700,0.6867788914667177
27701,0.5054664922466274
27703,0.7677741382065214
27706,0.9242959024205015
27707,0.6806218269056631
27708,0.4003827301855476
27709,0.45590963534318474
27710,0.711048555651266
27711,0.08144334114001466
27713,0.11348517493549477
27716,0.8887074292390986
27717,0.11927071989103248
27719,0.7738242445064883
27722,0.8157646282213662
27725,0.1362695710132827
27726,0.2516169260868836
27728,0.6293473261658387
27734,0.7888750752180018
27736,0.9144402889791006
27737,0.6819070914877225
27738,0.62962611014849
27739,0.7908588821554016
27740,0.3164979706983016
27744,0.3121883471644574
27745,0.4616732934653018
27751,0.653933487213021
27752,0.6417359475071339
27760,0.6152906998615323
27761,0.6519064605186426
27763,0.6489418040615711
27764,0.20431821247313864
27765,0.46057629737363837
27767,0.9686736980268071
27769,0.36645154994237206
27772,0.08837328821289989
27773,0.6587627053342486
27774,0.3651001355181018
27776,0.39873529681666053
27779,0.6561588608431344
27786,0.5717823040425855
27789,0.08852369534666642
27790,0.689624270733053
27791,0.5577431443920399
27796,0.7394796903454676
27797,0.6154982265308966
27799,0.1057926672999467
27806,0.6735295828308594
27808,0.9002547684597474
27809,0.13125849109287166
27810,0.23434406931782684
27811,0.363228723104003
27812,0.5379424319277656
27815,0.1528277796338381
27818,0.5277436300343261
27820,0.5926319506658746
27822,0.39445045273070584
27823,0.7710071802490852
27824,0.8626690243457359
27827,0.6769200495824097
27828,0.6258545651012171
27829,0.5806460921504208
27833,0.44328992053700456
27834,0.2615529381149569
27836,0.6334910923375249
27837,0.5388868148657353
27838,0.8537706636779037
27840,0.39562666856458756
27841,0.5510344942184074
27843,0.3081553121152663
27845,0.20928588746060586
27848,0.5865374503809881
27849,0.7190593430375547
27850,0.9553940633693622
27851,0.8977803670708803
27853,0.728810644030491
27854,0.8715970852317256
27856,0.5311644106491581
27858,0.6829432517034819
27859,0.1942538388028264
27860,0.595263045214474
27862,0.38792562415072
27863,0.49367893768136545
27864,0.5611058951710978
27865,0.38367702809313814
27869,0.27168638244079857
27872,0.17815329159172022
27874,0.5187291184490842
27877,0.7163747931667828
27879,0.3663333386768813
27882,0.5149701089846804
27884,0.22799367425538783
27885,0.6215138574602888
27887,0.6661481362789495
27890,0.9037389532691349
27892,0.5322027724789619
27895,0.6575419404314684
27899,0.5741669729672434
27903,0.6367917311437281
27904,0.4100950967637484
27908,0.4765780001921951
27910,0.7243583213961158
27911,0.3020743025328175
27913,0.49117864941929223
27916,0.1313945218610001
27919,0.23015031704699182
27920,0.8576878109776896
27922,0.7178056964523342
27924,0.8052018216137009
27926,0.4872139473120326
27927,0.4740005463800016
27928,0.46799991578504374
27929,0.18911461758141637
27930,0.6704328096960716
27932,0.3831242985342548
27933,0.554234607405318
27934,0.2734151408324528
27940,0.43076058756356056
27941,0.658986862990855
27942,0.6025713835841542
27944,0.8904374543490423
27950,0.7821905695940974
27951,0.21420163952688828
27952,0.3220417521919621
27953,0.49555688489135336
27954,0.6980742160645351
27956,0.7935306360517768
27958,0.4419204031811906
27960,0.17632321163561704
27964,0.2796635413535835
27965,0.5967261640855818
27966,0.4844065455985775
27967,0.30212983728623316
27968,0.24153864993052887
27969,0.2618451002852124
27970,0.3921121347477106
27971,0.6647786984097226
27972,0.020066641660954752
27973,0.47859427348791106
27974,0.901874336934644
27978,0.8746618541523216
27979,0.5577182705207393
27982,0.5528618248494936
27983,0.7030096620439624
27985,0.3829627037067642
27987,0.2674101747605896
27989,0.699400254080913
27990,0.29224359088344176
27993,0.6781133919556475
27995,0.7331761857666736
27996,0.47933322423487046
27999,0.03427623981720295
28001,0.6156813185308349
28004,0.9376403438444818
28008,0.6095789078881083
28010,0.5621705307754842
28011,0.34232170674172663
28012,0.9098957196597819
28013,0.33383993104303095
28016,0.6471084327733482
28019,0.56570097144858
28020,0.3146758717698935
28021,0.6916115782228796
28024,0.47316379813626414
28026,0.686503840300856
28027,0.8187563816270078
28029,0.43793368676832645
28030,0.7396403677280852
28035,0.3649465911970737
28037,0.70025374185567
28039,0.28646498407052495
28040,0.211578563801466
28041,0.3490712307206108
28044,0.6332717533933145
28046,0.5419196222035727
28052,0.49497212622347286
28054,0.41039437947588414
28057,0.5118470500456314
28058,0.5911675269076074
28059,0.9138595561495019
28060,0.36684788032415766
28061,0.14647836211354223
28062,0.880830256576382
28064,0.5547947277318348
28068,0.8729814707623385
28069,0.17124833482145535
28070,0.3965378705799113
28072,0.7817157671863326
28073,0.5212271029815597
28074,0.6282571164107469
28075,0.6862483775595839
28076,0.1641910074624637
28079,0.1916896847127513
28080,0.3334337368445402
28082,0.820048814768476
28084,0.730194013182318
28085,0.8232185658037167
28086,0.6424818398618539
28087,0.42643721154921865
28088,0.47248472066307606
28089,0.0691853833735913
28093,0.7742288317775545
28094,0.5821761393340803
28096,0.44728059303521145
28097,0.5051162997352927
28098,0.5452938271416492
28102,0.20706953479787224
28103,0.851116991691855
28104,0.41280584053388275
28106,0.2891033503923943
28107,0.09522692291155199
28108,0.3657698948357564
28110,0.42947097244918325
28112,0.6100979997192102
28113,0.09081496584605478
28118,0.361461787377344
28119,0.5486131451955897
28120,0.18226726679607433
28123,0.36847396709422425
28124,0.6973847380570903
28127,0.10990482654072926
28130,0.3281869924100647
28131,0.7966399078998899
28136,0.6939654472153247
28137,0.4134838222671809
28138,0.3502478964195301
28139,0.8413720489260251
28140,0.10340196739296495
28142,0.8833759105012273
28143,0.7204214335163903
28145,0.2924545238585004
28149,0.3202369085406476
28151,0.8740306907736684
28153,0.21563471565658912
28154,0.7612947517001455
28157,0.22371660420219974
28159,0.7359363276425118
28160,0.5697183248094354
28162,0.5451205076807427
28166,0.23802497596000877
28167,0.651686460447218
28168,0.7560751995128152
28170,0.5542468511251801
28171,0.013487849727951948
28172,0.6824279799565129
28173,0.7963516162499119
28174,0.534584162180075
28178,0.5154943846722936
28181,0.14716254645091853
28182,0.6598901492111606
28183,0.46358869149255255
28184,0.5591276807157837
28186,0.06100730673904937
28188,0.5961940272447759
28189,0.4938207114850831
28191,0.5254995368392174
28192,0.7546509869760579
28195,0.46217238220877926
28196,0.2747413978505933
28198,0.5861357232816181
28203,0.6500719264932281
28204,0.6432405901835249
28205,0.7503207810495254
28208,0.8311259193119286
28213,0.8499492438626266
28214,0.39659715191141676
28215,0.8245533338008605
28217,0.2742387078981342
28218,0.22517776222464067
28221,0.7981999482913846
28223,0.07121437737590651
28228,0.3996494037085607
28230,0.26278801593076045
28234,0.6721579984404444
28237,0.8644266839639448
28239,0.23965224981250063
28240,0.16103182419848866
28241,0.42343041157291966
28242,0.43308815210015533
28245,0.680337385630053
28247,0.4490992616147717
28251,0.8497903924760825
28253,0.761640128379127
28255,0.38497804712772404
28257,0.3954730422956332
28258,0.129350675645221
28260,0.09670986266934367
28262,0.7154619675958692
28265,0.7795670116753246
28266,0.6432390748478944
28268,0.6835547056094385
28269,0.32181792288943273
28270,0.6620468492254834
28272,0.12478275357758348
28275,0.8224313735558598
28277,0.3876823796019949
28278,0.19984195058789037
28279,0.43917151768661
28280,0.7089425761799766
28281,0.08969432296432639
28282,0.8912892495154092
28283,0.5511421195995984
28284,0.6826953660683571
28285,0.3957655939350002
28287,0.3897737958226434
28288,0.7296533515529118
28290,0.5794655306968265
28291,0.4964845584701795
28293,0.40566197035905904
28295,0.4966457124383966
28297,0.6660372512062703
28298,0.40925924214753084
28299,0.19347459055157268
28300,0.6667997905364415
28301,0.6042386605824588
28303,0.3071664441042943
28304,0.5049140326068539
28305,0.7252028373976057
28306,0.5310905921067085
28307,0.6761148014659702
28308,0.21898947628632753
28310,0.4829915821482739
28311,0.9193054425568207
28312,0.7139112965947872
28313,0.4039306198069048
28315,0.5591560177519338
28316,0.8530338563126995
28318,0.33594019126391517
28322,0.8196431027071404
28323,0.9837933492439954
28324,0.5140065876529731
28325,0.6610892253648827
28326,0.6321097564097764
28329,0.22886221798158302
28332,0.6560034056879596
28334,0.6008698962810656
28337,0.2379189917294804
28342,0.5744722539152741
28343,0.5468633953557346
28345,0.2875924342093106
28347,0.4936811750225108
28348,0.8985457258574249
28350,0.7650696262347596
28351,0.37731053488047894
28353,0.42686690900447016
28354,0.24482423671035003
28355,0.5910523449160539
28356,0.4613606462737115
28357,0.8085305240904894
28358,0.362988003989003
28361,0.892589951855719
28362,0.44960865954789586
28363,0.44253586046947163
28367,0.7278400849820619
28369,0.24448464876965584
28370,0.4103497495035527
28372,0.09663311581772575
28373,0.14752315933608715
28374,0.30849619832001013
28376,0.32366840242643263
28378,0.5561444008399483
28384,0.7777959653103871
28385,0.19723793330365857
28387,0.2648675512773756
28388,0.01322059236088755
28390,0.32746791009827775
28392,0.7306073612616086
28393,0.9161244335140073
28396,0.5108972972558173
28397,0.5077716987137902
28398,0.44484773513930836
28400,0.4305016578788287
28403,0.4563164628489244
28405,0.12679237329388662
28407,0.17836679230994548
28412,0.4786637227748982
28414,0.7170814102844923
28419,0.42355144999888356
28422,0.40107227624699826
28423,0.576609651922301
28425,0.6540790938213372
28426,0.31434470737593706
28432,0.1199571488211553
28434,0.5314607871315823
28435,0.8048265931255404
28436,0.7051006266937909
28437,0.4253850449470234
28441,0.9022017127678968
28442,0.14891575108833213
28446,0.48292800401733377
28448,0.04085544208019917
28449,0.9426012036671335
28450,0.1622429689246129
28452,0.3297466505272904
28454,0.7429101572815616
28456,0.9902388722109158
28457,0.27033971583970445
28458,0.41533784868029267
28460,0.9078144367678979
28461,0.5505503077532895
28462,0.7303577235908003
28464,0.5271191757004536
28466,0.9474261140923653
28467,0.4135131895693037
28468,0.6405815247694396
28469,0.49469021694280524
28470,0.2578869065125696
28473,0.13319183427882997
28476,0.28445850140338513
28477,0.7878379260134187
28478,0.3125101305617518
28480,0.43327261689284163
28485,0.9363248863120464
28487,0.7678415901883997
28488,0.6369695685718821
28492,0.49654557578864483
28494,0.7100490505056961
28496,0.8019042831006183
28500,0.18418605342087838
28503,0.3042430333939181
28504,0.3616294820820093
28505,0.12389857205199442
28506,0.3802322691067014
28507,0.6485649084412535
28508,0.3274077703705972
28511,0.9017067614239452
28514,0.19089436290041384
28515,0.5966401771036202
28516,0.6346949898924884
28517,0.3956966706577944
28520,0.41852111189697866
28521,0.68554573080154
28527,0.3799407539476254
28529,0.7971550284035789
28531,0.06740648303879002
28533,0.07979787973549676
28535,0.5710650367311227
28537,0.6609054489799149
28540,0.7414190364154781
28541,0.45565482028917675
28542,0.38517653777813565
28543,0.6349391077425713
28544,0.8796240605809031
28545,0.4315940590407065
28547,0.37002476699018516
28548,0.16628174699659043
28549,0.43371109271977754
28551,0.30887834030579814
28552,0.48612255108568375
28555,0.7303232925799357
28557,0.8699014886317673
28559,0.1259792184263454
28561,0.35459318871995404
28564,0.6652723564191858
28565,0.21142576071754485
28567,0.5299209113810204
28569,0.18142189583245397
28572,0.32980776379287574
28573,0.6739217169575019
28574,0.8909262680317502
28575,0.5525792315166919
28576,0.42059228131702564
28577,0.5718304975393311
28578,0.11708214135378031
28579,0.6710872986307561
28582,0.3887285784012033
28583,0.9273467651115621
28584,0.9285754778254217
28586,0.8911674190098418
28588,0.7117077493837296
28589,0.41350314539288263
28592,0.7508582680925343
28594,0.819620570773972
28595,0.1699526117879734
28596,0.717404931127068
28601,0.200609558221133
28602,0.40226279819238714
28603,0.2996778577482853
28604,0.6588760411688158
28605,0.6866863595386132
28608,0.6926501016796914
28609,0.41275255571330427
28613,0.8648609443634543
28614,0.8617036241498054
28615,0.12604993944379353
28616,0.746390541809483
28617,0.2760325106777434
28620,0.13863838458983294
28621,0.8820720303704395
28622,0.4629162379742583
28623,0.29446987664034857
28624,0.08322968430288416
28626,0.32464996843388444
28627,0.6964578094540551
28628,0.8515163336297241
28629,0.6301614687979503
28630,0.4254334693413112
28632,0.39149127614965107
28635,0.8444212894462458
28636,0.5957100940494318
28637,0.3583282089545777
28639,0.6861166943859273
28641,0.21898785621782643
28644,0.03747392921183261
28645,0.07567170816029381
28647,0.583027650705503
28648,0.3938126991164633
28651,0.6002683579392284
28652,0.33630651405484635
28658,0.1678122245158823
28661,0.8671339345234141
28664,0.8340292601870336
28665,0.43340892627164945
28668,0.7265713951366876
28669,0.939490802990495
28671,0.8545229041800723
28675,0.13989644704111281
28676,0.8390914159492507
28678,0.538515348025829
28679,0.19421244112781116
28680,0.8094446976327334
28681,0.31610718260553766
28682,0.16021704495539135
28684,0.5935688892620402
28685,0.7699487445195908
28688,0.7513816782689966
28689,0.5237560743151973
28690,0.6625866675237428
28692,0.9295685890205475
28693,0.3841684725811902
28694,0.81206243015731
28695,0.6232593271430381
28698,0.33953222668124555
28699,0.6510655391929315
28700,0.7227544572456441
28701,0.3422813340775079
28702,0.12800779119757486
28703,0.7791129818304262
28705,0.6335934766779393
28706,0.5614879459829816
28707,0.7658994202571223
28708,0.3849566119093176
28709,0.6913186960994069
28712,0.7832059686742486
28713,0.6579160444442924
28714,0.22633491247155288
28715,0.195533860429009
28718,0.4267101295207749
28720,0.05133340916468292
28721,0.47819304483643066
28722,0.40447103001046
28723,0.2912803920560161
28725,0.6930077488097585
28726,0.4608265388957523
28728,0.15676983781324236
28730,0.8124702297456223
28732,0.6226489793580037
28734,0.4381207373440034
28736,0.6860109857026513
28737,0.8242722278316716
28738,0.7200472904585025
28740,0.7382175957544738
28743,0.4941365541506961
28745,0.6656877119391197
28746,0.25910907706867153
28747,0.5153324419071391
28748,0.6319803168743071
28750,0.5467984049412907
28757,0.8948444495863741
28758,0.6279253790833207
28764,0.18336753526391902
28765,0.5256261804169713
28766,0.08496278884885872
28768,0.8971570899108466
28770,0.5535030784579869
28774,0.45853999537335155
28775,0.2762277017465778
28776,0.7614134283767298
28777,0.13210361179868624
28778,0.40384057339638246
28783,0.4357220791251889
28786,0.49677423156553896
28788,0.5273003876060484
28790,0.7365991832759143
28792,0.26956375784329506
28793,0.9094919013574575
28795,0.5738307462755761
28797,0.6657018745303094
28798,0.7208592781409128
28799,0.3606447728923688
28800,0.8082223381624118
28802,0.6047171660826942
28804,0.17670098850236732
28805,0.7426593224846285
28806,0.7438128987259678
28810,0.6273660595394502
28812,0.8347028989775618
28813,0.31577485908261493
28816,0.6698281490324299
28821,0.24025073765011654
28823,0.3295217195798537
28824,0.15287558460399026
28825,0.00873423169950231
28827,0.5171732529746892
28829,0.1740595417820023
28832,0.946719017382801
28833,0.7751914817601019
28834,0.5604706795065492
28835,0.5401845094828052
28836,0.7789070866492988
28840,0.5423651452324011
28841,0.7281772579216024
28849,0.14641287774734246
28856,0.185358372626678
28859,0.1563358618346254
28861,0.9460736030796614
28862,0.34748782691241725
28863,0.802019844176815
28865,0.9231909832971584
28866,0.6344180967193185
28868,0.15836805452552355
28876,0.10198813479899506
28880,0.932481616671417
28882,0.10944368231512609
28884,0.5500973207708881
28887,0.2797025508175219
28888,0.5727890220089247
28889,0.5596182214654513
28894,0.22317962436007407
28897,0.5220575596077379
28899,0.7576540659010426
28901,0.7182487337889581
28906,0.635715062039874
28907,0.0681630409459141
28909,0.3356822585696243
28910,0.6422161572799734
28912,0.3971865482821701
28914,0.2045612994681223
28916,0.43477356153665025
28918,0.42528880148833736
28919,0.7231575619395821
28922,0.6109435963056495
28923,0.5841744119655664
28925,0.41471539763115445
28926,0.8867468989331333
28927,0.24445869800687933
28929,0.8181092950075499
28930,0.4066113750929926
28932,0.1343213454880654
28935,0.21702732972691569
28936,0.5345154991286476
28939,0.9644354713169305
28940,0.7736253870408201
28941,0.19669026747476243
28945,0.3936591437312494
28946,0.4020702789053001
28947,0.2106374374036278
28949,0.8231896749496931
28950,0.6628969288653156
28951,0.9515243143791895
28953,0.6032094503272262
28954,0.757937150224214
28957,0.6637807251568185
28960,0.4620459195633088
28961,0.36199207322057303
28966,0.7925110173305321
28968,0.4880600390380406
28970,0.21001951604398936
28971,0.15898506838278187
28972,0.5215375242507719
28977,0.18172860731767654
28979,0.7198130562723923
28981,0.5069170818004787
28984,0.6605646032762534
28985,0.8437105696723595
28986,0.06542717886716562
28988,0.3940731960426732
28989,0.7321756603529709
28990,0.48035936322321765
28993,0.5090275852111626
28997,0.891918017726662
28998,0.6212167798886514
29000,0.546763398933614
29001,0.8463395691764264
29004,0.8890519683479291
29005,0.5838090491645114
29006,0.958055290717402
29008,0.6790059673933093
29009,0.439703421198957
29010,0.37345135541026114
29011,0.849241043554174
29015,0.28275674928485584
29018,0.36326237799985517
29020,0.29815712040341413
29022,0.3931147438449364
29023,0.9259554575026923
29024,0.48561637382701317
29026,0.47884974590838375
29029,0.588144359022719
29033,0.4249168142642242
29036,0.9294285651378917
29045,0.6638528853896591
29047,0.624232357478001
29048,0.7523504933789891
29049,0.03721281259958692
29051,0.8349586418097754
29052,0.8294506873893969
29054,0.686960330682614
29057,0.48660716305934304
29059,0.8985688393018114
29060,0.7437700000202436
29062,0.7618789570072356
29063,0.23174775443547868
29065,0.20650327279012778
29066,0.4066254481774654
29068,0.09436199362934414
29070,0.7068328558415184
29071,0.705009145354075
29074,0.4503998141620845
29075,0.6673651122414956
29077,0.3695403436048296
29078,0.6404082951315004
29080,0.6134047138292426
29081,0.11160163204437568
29083,0.5493224812592978
29084,0.8008776168929969
29089,0.42629301542737796
29091,0.43475793380162786
29094,0.3949958951852763
29095,0.9176249885678867
29097,0.9716905598930549
29098,0.1609108914162142
29099,0.8987475311213836
29100,0.16627994568146134
29104,0.6170840044859157
29105,0.6803604851908676
29107,0.5499291515284137
29108,0.7266328735509672
29110,0.20616882810237885
29111,0.42299222507404066
29116,0.6949003687172055
29117,0.7315500686878554
29118,0.2126563821129513
29120,0.4310889870086281
29121,0.5080547466065327
29122,0.673820416489022
29124,0.27582938736677737
29125,0.5301388426007122
29127,0.23441332888543492
29131,0.21959572831245253
29132,0.24889163067023476
29134,0.3386260985513288
29136,0.40564403439534785
29137,0.2828072694926416
29138,0.5594942494887689
29140,0.2255321597073599
29141,0.4623683370599389
29142,0.4301399668143826
29144,0.1538175533727671
29145,0.5256452035151197
29146,0.15625786414552134
29147,0.8287207747550126
29148,0.38248834677394883
29149,0.6983435326554394
29150,0.36199200958530076
29152,0.24883023504573354
29153,0.5282891043671065
29155,0.8658010773581186
29158,0.6251076617276319
29159,0.06415174221891363
29160,0.8183630901652887
29162,0.7964052130201487
29163,0.9211495678518812
29170,0.4629498470800504
29171,0.8630892185789508
29173,0.3837658628198767
29175,0.7571823594219917
29176,0.6662500341363049
29177,0.15191014255995847
29179,0.7625584585022913
29180,0.5400158139212984
29184,0.41438589559089867
29186,0.9063485636311475
29188,0.522555301456005
29190,0.4585804419760445
29192,0.44705358035334825
29195,0.5801020151849733
29196,0.5711709611541423
29197,0.44284919640836196
29200,0.8174901295518184
29201,0.6315895171983746
29202,0.6161862067051675
29203,0.3447895393718128
29204,0.4596689534943717
29205,0.5744848096032754
29206,0.2830323065013293
29208,0.5656427662304587
29210,0.747524957320125
29211,0.4484476948244626
29218,0.03860494561363656
29220,0.4083290765872267
29221,0.7026331184058173
29222,0.9111940630783518
29226,0.5481733365903464
29227,0.6929779147854712
29231,0.8098523233660212
29233,0.9175979187031362
29236,0.2944124280783457
29237,0.7111072873389465
29238,0.7169643741733118
29240,0.1690553234807205
29241,0.8037641382040361
29243,0.465520737035525
29245,0.612498310508129
29246,0.79902635467679
29248,0.7542376871588442
29251,0.8120329947185608
29252,0.24733465435948773
29255,0.7872335188395218
29257,0.13484455979108206
29260,0.42450005887715797
29261,0.49359040627639167
29262,0.7905163093813247
29264,0.8770108259351803
29265,0.217199260807065
29266,0.7732442219579047
29267,0.3483100635465023
29268,0.08654522472096955
29269,0.17768473742983854
29271,0.8154062795247745
29272,0.7026149097599692
29274,0.45885046639170685
29276,0.33224140311124833
29280,0.4610556522738958
29281,0.4375589155594237
29282,0.652937427216925
29283,0.9264983987340342
29290,0.18948118169773198
29291,0.18203906661584018
29292,0.9262840609517579
29293,0.904390013584931
29297,0.6603346949082124
29298,0.8210191649547796
29299,0.8719572137956134
29300,0.4712950397926024
29301,0.5425949953334591
29303,0.6260847141199067
29305,0.9698239728611276
29306,0.6152983075014852
29307,0.1733315249401115
29309,0.4779557018702352
29310,0.5801808296038925
29313,0.6935920613471244
29314,0.9394029925652206
29316,0.37447330170047816
29318,0.7264083844377992
29319,0.4261406980687028
29321,0.6907601847705354
29323,0.763075935828178
29325,0.13131038080778612
29327,0.6590271013073845
29328,0.1547211639635413
29330,0.9285335301993207
29332,0.842379524608035
29333,0.9046783163548655
29334,0.4073293847295331
29337,0.5391373700074888
29339,0.20275267276574452
29340,0.27785233128220765
29341,0.3777851258236465
29342,0.5159425360708567
29344,0.2894750096690334
29345,0.7144593985738027
29350,0.8826763892477408
29351,0.6081073957403775
29352,0.3553688030670331
29353,0.8610161708855621
29354,0.4848189649671678
29357,0.558424738782241
29359,0.4842017213512998
29360,0.561690674286105
29361,0.8146282232210462
29362,0.8376873397839226
29365,0.6262156140510317
29368,0.6558917705118443
29369,0.2250698604863647
29370,0.5150915998430116
29372,0.5443326527013015
29373,0.27978826466209306
29375,0.15435627590055817
29379,0.6196528155949333
29380,0.2837304154399458
29381,0.9369557160100052
29388,0.5845852886123138
29389,0.2839508831762163
29390,0.4870541991882201
29393,0.0812618913877502
29396,0.733417841531842
29398,0.42560558229886136
29402,0.7628925597316429
29403,0.6581516999282073
29409,0.5137651077997872
29411,0.3567582414459382
29416,0.6996515581721088
29420,0.6825032297118245
29421,0.6230939038533005
29422,0.1734426827113523
29423,0.9423029945914927
29424,0.41403748061126444
29427,0.3862403237206069
29429,0.6693550422516078
29431,0.6564803693459493
29432,0.7599621632633399
29433,0.38959827330327323
29435,0.5762842039111454
29436,0.24169345172368045
29442,0.1085206529438734
29443,0.9231686685482161
29444,0.17442955870801408
29446,0.3215321526389151
29450,0.4450677346511128
29453,0.8155737368073307
29455,0.21667012600557695
29456,0.6335687019569435
29458,0.3438217567481685
29459,0.33534342388273575
29460,0.8617223757484416
29461,0.4909971878704883
29462,0.0003324574750965729
29463,0.04317788046728623
29464,0.29592372355855234
29466,0.5094038373633611
29467,0.025119934734350757
29472,0.9420295318107459
29474,0.5085174244903407
29475,0.2086194788475764
29477,0.6522180903321493
29478,0.9286606825846279
29479,0.41097022239334796
29480,0.7554532584695803
29481,0.0646703536665604
29482,0.08181917356072836
29483,0.7130541416487771
29485,0.27113930636089817
29486,0.7757230308748323
29488,0.617125890010665
29489,0.5761154761971087
29490,0.8556714575768258
29491,0.46437107363963337
29492,0.43657343120413755
29493,0.20996277603017288
29496,0.6283517610131073
29499,0.493614977641443
29500,0.4318344179549911
29502,0.18898127717835037
29503,0.2139506920037094
29507,0.7761110725947754
29510,0.5725739245887458
29511,0.7217603466744253
29513,0.44522704308835787
29514,0.11552535234801262
29515,0.3726272300447315
29516,0.3488323142635619
29517,0.36046660569662664
29521,0.3341685651814189
29522,0.1890413932069664
29523,0.38774927083783245
29524,0.2331278925604744
29526,0.27415545721210477
29527,0.3127056230102705
29528,0.05615726223600476
29531,0.69087154665742
29535,0.23557749587090598
29542,0.5356314053545725
29546,0.3460772955431649
29548,0.6607796385775031
29549,0.5062752204037514
29551,0.5074922516894588
29553,0.3708623515885302
29554,0.7166889578531856
29556,0.7141658516861266
29557,0.8167375302645639
29558,0.31414881299562886
29559,0.3195574891105389
29561,0.7028507784284302
29562,0.7226053646937811
29563,0.7006032592267644
29564,0.6334676428574691
29565,0.6665360799942222
29566,0.33450793313649146
29567,0.35171502099530283
29569,0.1735354214454327
29570,0.12954662447783657
29572,0.9121997418865366
29574,0.26439705549424736
29576,0.5961685439505824
29577,0.08157356140629522
29578,0.8388703853885949
29580,0.6451590227013931
29581,0.6658212205685392
29582,0.5914412185914856
29583,0.17663473436536
29587,0.5196614840930658
29588,0.7911914668008593
29589,0.6858729187716067
29590,0.671775325181956
29593,0.22694420028851234
29594,0.815854261958477
29595,0.8490919458336108
29598,0.37781057683266844
29603,0.4144302522954806
29604,0.11193737395778267
29606,0.967765035846946
29607,0.1319928614523983
29608,0.4586848621047321
29610,0.552367070599889
29611,0.8573216788137182
29612,0.21396007582502471
29614,0.5252389112153649
29615,0.6071018814945718
29616,0.05798764806609534
29617,0.27285576434230563
29620,0.4430916026061455
29622,0.9234629117836582
29623,0.9211810744091447
29624,0.2823212628246296
29625,0.530442326978899
29626,0.057700357090914554
29627,0.7378120321445594
29630,0.8087633130417882
29631,0.6173171923225432
29632,0.4153088892932429
29633,0.40263054574433077
29635,0.32641567230125285
29636,0.7880556746299341
29640,0.5915858610383726
29641,0.24731826162853668
29642,0.4031246366116921
29644,0.4277341020408072
29645,0.5629524411886063
29648,0.650702963422267
29650,0.05615620285242099
29651,0.3969285111892539
29652,0.23071549708040068
29654,0.30240728802212685
29656,0.1686884577118167
29657,0.8898077037399651
29658,0.465144289710764
29659,0.8147891312931232
29663,0.6118314997878191
29664,0.18905413162039666
29666,0.813081442199242
29668,0.8841552563856703
29669,0.6665845139423351
29676,0.7569760102081298
29677,0.5388075142428821
29681,0.9147337685015156
29682,0.8067399975785007
29683,0.6694191265251414
29687,0.6506337139667876
29688,0.9069723142943404
29690,0.7619277937088346
29698,0.6540369977907471
29699,0.8576480081006008
29700,0.6719427012235147
29701,0.15166014748506057
29702,0.6912677632503466
29703,0.9144035714175464
29704,0.9554465059904302
29705,0.4450991508719908
29711,0.5574220978399197
29716,0.8638374652617967
29719,0.5584542492789862
29720,0.06163267431364044
29721,0.6235515995842505
29722,0.08230933779856688
29723,0.9281975406823287
29725,0.3306391452847329
29726,0.6737239937458718
29728,0.09092189696793375
29730,0.2356309240186209
29732,0.884976746781009
29734,0.9357507956397737
29735,0.29288060577567704
29736,0.9298420316331278
29741,0.2910288299707774
29744,0.8116042024960124
29748,0.2961873046988354
29754,0.1784582317732415
29755,0.7098984822842468
29756,0.5825359997181809
29759,0.8963227695822106
29762,0.4669202811607342
29766,0.5427651089591822
29769,0.6238823301168415
29771,0.37130573366712494
29772,0.5449967323501265
29773,0.18602695648879986
29775,0.6511594870294903
29777,0.5164658368899528
29778,0.7464945201028218
29781,0.8184248674930844
29783,0.6876829624561098
29786,0.3379692828524655
29787,0.10383630713170541
29788,0.8451115547426487
29789,0.22015136965605633
29791,0.7793192651569787
29793,0.6253796291584338
29794,0.40117686628954274
29797,0.3631235625141235
29799,0.10846989413224468
29801,0.24417724081047487
29805,0.5661257412778441
29806,0.7107989454826823
29807,0.40556102089247326
29809,0.6602370973172542
29810,0.11651196107474322
29812,0.3102846157285037
29814,0.5279822874582413
29817,0.9181852994722522
29819,0.8671999265202943
29821,0.3608500335132545
29826,0.49410172076584324
29827,0.8094501403714093
29828,0.7278904477979221
29831,0.24109120104960335
29835,0.4415741675946233
29836,0.1458681793903218
29838,0.6595889841051268
29839,0.5398635796214082
29840,0.16999412952093118
29849,0.17449990042997424
29850,0.31738304712169063
29852,0.7679537509546943
29853,0.1957481239134137
29855,0.9121729006420791
29859,0.9036077114289149
29860,0.23398620974975023
29861,0.6946310979035901
29865,0.892701783840484
29868,0.792862511291954
29873,0.33139578166572853
29876,0.29336864440956006
29878,0.2655364401655426
29879,0.3183629329662961
29880,0.1732202594733593
29887,0.8516219186524102
29888,0.06350272596277111
29891,0.7445479753817832
29892,0.8805913992406249
29894,0.8215461805775404
29895,0.7292075242118115
29897,0.7877221325328335
29900,0.8925248242671564
29902,0.5987476531308988
29904,0.7318870388776163
29906,0.4190466851590108
29907,0.2927933192291978
29908,0.34382411321084044
29909,0.44930493856187476
29910,0.7869181400862788
29911,0.15842670764991418
29913,0.4689481866940097
29914,0.342486635341394
29916,0.7884700592683914
29917,0.6979124273968569
29919,0.7722669063858286
29920,0.634389386222256
29922,0.5303310855821243
29923,0.6944184062345641
29926,0.5294492153531926
29927,0.20797305980219497
29928,0.4169365923747784
29931,0.008397097185928874
29932,0.6779286485338701
29935,0.4049559944264953
29937,0.5626012099989173
29940,0.7700613254878853
29941,0.31824501741693456
29942,0.31123135661228435
29945,0.7442541437948244
29946,0.6227174132137882
29949,0.49515305906126833
29951,0.4657230334169703
29952,0.3670470195699323
29955,0.9922194806174611
29956,0.3873974940448729
29957,0.4098345835465143
29961,0.47328987333922956
29963,0.5588198942114219
29964,0.35149222549393755
29966,0.47659715404596603
29969,0.10787246639844923
29970,0.4384030459966249
29972,0.538473667217627
29976,0.8166892648896337
29979,0.22072646263688075
29982,0.3733660734591049
29983,0.5111399403590697
29984,0.5924352934628347
29985,0.5232497286890819
29987,0.17825780497202898
29991,0.3710426161058015
29992,0.9330087104981958
29994,0.8289711498265037
29995,0.21753761029266566
29996,0.8041981781070546
29998,0.4768602350558923
30000,0.27718331381032196
30001,0.8810276965835663
30002,0.9511141094986304
30004,0.811931168119934
30008,0.8472678890315805
30010,0.7686828399527244
30011,0.7127978375408546
30012,0.29520667387317784
30013,0.5013266566760284
30014,0.8462098286086179
30016,0.6490457638929957
30019,0.44399401288601686
30020,0.16502325632465634
30023,0.19219398022814257
30028,0.7576818664005304
30029,0.12205525331634709
30031,0.6184798560325604
30033,0.20779700120912653
30035,0.8628791680339917
30037,0.1511779708175768
30040,0.39685667456041085
30041,0.6169198423241898
30042,0.945420229637562
30043,0.6514929984618347
30044,0.1007289502250007
30045,0.4189083209939781
30048,0.6889975031870624
30050,0.8575874145545932
30052,0.4482584227580402
30053,0.4227681070594845
30054,0.6917433868174955
30061,0.387703735482834
30063,0.36946648908717766
30066,0.8491683770852638
30068,0.5955074208027945
30069,0.537867108023709
30072,0.3095347908279825
30074,0.8115422568560905
30075,0.2560081980596465
30077,0.5101352214923005
30078,0.44995927702466276
30079,0.21985722857489348
30081,0.31007830601751574
30083,0.4256468131334339
30084,0.7351733558967503
30085,0.800056599540013
30086,0.365763038578272
30088,0.2554089681720011
30089,0.3183023445527483
30092,0.5235817031718416
30093,0.30070207481931843
30099,0.4942630706986198
30101,0.9327840925033931
30102,0.40612883138784056
30104,0.5959693617905355
30105,0.18770401465095327
30106,0.1211403932075532
30108,0.6608173742682395
30109,0.5454921123908539
30110,0.9338867503324566
30113,0.7057911038993475
30115,0.19421624713628954
30116,0.792575247182165
30117,0.18306415151406075
30118,0.26335084481015325
30119,0.28593838112466297
30120,0.3825558128463622
30122,0.49337883465404037
30128,0.28609774442557423
30129,0.7753053351427183
30136,0.8044497503189677
30139,0.46893182168937897
30142,0.5711424448771791
30152,0.4700028261376092
30153,0.6225361536709493
30154,0.6879804603088657
30157,0.7518027620715945
30159,0.42381148558261145
30160,0.24280126100084398
30165,0.476240569587014
30166,0.2587720463016109
30167,0.5917641610690175
30168,0.23619582385153132
30169,0.6069593677755933
30170,0.7251316555847609
30173,0.8978256630520361
30175,0.4601845463353632
30178,0.8953111496554914
30179,0.5168993443613901
30181,0.1147269728352454
30183,0.6331668240819648
30184,0.27757194721492034
30185,0.8239318861855679
30186,0.3936046635839219
30188,0.81126811995614
30191,0.8208991828879144
30192,0.8169495673471869
30195,0.7249668830151219
30196,0.5331072838499991
30197,0.9238507509339412
30199,0.5181792791547151
30204,0.6022950694023923
30205,0.8587828173339584
30207,0.43381923109046194
30209,0.36891948481368264
30211,0.8834101388179967
30213,0.6438079693287574
30215,0.8110310658575038
30216,0.4914545971774274
30217,0.06694415022791861
30220,0.6681354319474163
30221,0.9312950802895305
30224,0.8018402760196843
30228,0.5899939921961399
30229,0.7091828313770471
30230,0.23483864188442316
30235,0.4002940023935227
30238,0.316400400349815
30242,0.42564390013409964
30245,0.3325598875416913
30247,0.2164707182934077
30248,0.31522037640310835
30252,0.721595090349409
30253,0.28183232003381664
30257,0.6149237710678751
30259,0.401743858837634
30260,0.6760474112661835
30261,0.4381312314798284
30264,0.5599767559441633
30266,0.5634021282576432
30268,0.800237602091007
30269,0.5451528048608321
30273,0.3563265050472933
30279,0.380993542161186
30284,0.7429781670843156
30288,0.49952168413712894
30289,0.5634096662464875
30290,0.6403060326815023
30292,0.8153914953467121
30296,0.4984742740942211
30299,0.167333819854318
30301,0.8085388977802939
30302,0.5778774835654096
30304,0.8247685437817719
30308,0.2646333529778263
30310,0.2663578792772534
30313,0.1712247793055535
30316,0.48342626716506204
30317,0.2031345538228309
30320,0.18908198493645376
30321,0.21883226208678122
30325,0.3196480993765543
30328,0.5442132557537974
30329,0.21207673021296922
30330,0.6119760949826542
30335,0.8796836269428161
30336,0.9699244491743509
30337,0.7417940453620238
30340,0.3393700951774373
30343,0.5059492737565665
30345,0.3765995790219292
30347,0.4261263105618443
30348,0.2497661320370262
30350,0.6233219643610214
30351,0.15673516700151427
30357,0.5764635053607253
30358,0.44328481457006386
30359,0.9746773551554175
30361,0.2953106178328953
30364,0.13040105563323928
30368,0.7309673203253372
30369,0.40333044056480694
30371,0.30319628369681645
30372,0.207173441477641
30373,0.7321764195307151
30378,0.15716505512178025
30379,0.4753435843960323
30380,0.7116337480118842
30381,0.8454080433746713
30382,0.7451069393047627
30384,0.6651341723228319
30385,0.4140704028472725
30386,0.4084295811178754
30387,0.574744864828551
30388,0.7298890464650979
30389,0.19567221371661062
30390,0.8990921510372266
30394,0.8473561114149075
30397,0.16818809042480906
30399,0.5865404471629857
30401,0.17267102427445566
30403,0.8970175890613661
30405,0.1464979391388405
30406,0.435561285511336
30408,0.7230177802033223
30410,0.3965387968090466
30411,0.4764546397773951
30415,0.7014379102921886
30418,0.1847770389856891
30419,0.6002485696453577
30422,0.6030876753954202
30423,0.7449636930381582
30428,0.3476466546761105
30434,0.6546730936640248
30435,0.8545259953817487
30437,0.6502527243010229
30438,0.3099885477409402
30442,0.9361037849458185
30446,0.5336832645193773
30447,0.4684631234065697
30448,0.7135342752740013
30453,0.7902061742087112
30455,0.510651618559542
30456,0.6730956081344174
30458,0.1945128695001409
30459,0.6129168965346108
30460,0.4651099397232411
30462,0.9564304021004543
30464,0.39579843083748106
30465,0.9068861075890243
30466,0.5643610425071907
30467,0.5970905076373015
30468,0.48113074738347567
30470,0.21242238349359516
30471,0.2695631674247785
30472,0.8531776187917205
30475,0.66804788433235
30479,0.3408176901273047
30480,0.7880097626508721
30483,0.6688119955339941
30484,0.24874230499060818
30490,0.6977017972553178
30491,0.5986091522042516
30495,0.35636125454653866
30497,0.17047619375566797
30498,0.8139693425525648
30502,0.6427166353772635
30503,0.8072073223210043
30506,0.8601942662792246
30508,0.9310485786375841
30509,0.6186007917453528
30511,0.6675359445867719
30513,0.20784711220329877
30515,0.7163820655983771
30518,0.6249748910217119
30520,0.34149157685403236
30528,0.09087013099288252
30530,0.9787371430628878
30536,0.3532272142252522
30538,0.22433411391583974
30539,0.6960535572087073
30544,0.7090225446382613
30545,0.7306295152374611
30549,0.32136753391911377
30554,0.43062496720770627
30555,0.620752377565436
30556,0.15120453763905525
30557,0.8129712036606837
30560,0.7528757086675095
30561,0.22275746915660974
30562,0.8627862428722887
30563,0.3795506171325877
30567,0.7306377074645428
30569,0.48946288708054586
30571,0.12290325087403038
30572,0.5963789168307115
30573,0.02922467889447656
30576,0.3713961753554179
30580,0.26754460310834804
30584,0.308596454058301
30586,0.8649459961570608
30587,0.8951397818475963
30588,0.5677353745576708
30590,0.674208868544472
30593,0.6089355828226747
30595,0.6841115897052654
30597,0.055020413833689635
30598,0.19684820214072812
30601,0.4851193155509276
30602,0.5444113783983356
30603,0.4230700949998509
30606,0.33425183567493916
30607,0.21940608515296756
30608,0.6134485539151516
30611,0.4534527467803429
30612,0.6366233132172624
30614,0.14817142053723956
30616,0.36712300634439726
30619,0.7475403235345446
30620,0.7224903166307342
30622,0.5476773671148313
30623,0.13047482631372262
30624,0.1322261925184194
30627,0.22129114827629498
30628,0.7014469912983837
30630,0.5718923619083939
30632,0.4278704617995253
30634,0.394043724179953
30636,0.36428775800398167
30637,0.8624156751441018
30641,0.132540733540586
30645,0.49235231482011227
30646,0.8505529087878141
30647,0.7418550750630605
30650,0.26909322792779267
30654,0.6477026587000391
30659,0.8878036193974952
30660,0.6554902840212207
30661,0.8953733001608741
30662,0.6243522007226354
30663,0.5475230308498933
30664,0.07158227735600174
30665,0.6825444157887716
30666,0.7582431248547821
30667,0.7617587166272927
30669,0.4283797249072073
30671,0.5294645963680212
30676,0.3129634273603934
30679,0.6668720658061591
30682,0.4734027110526755
30684,0.2960847880228831
30685,0.788589817248581
30688,0.8217173570011193
30689,0.6227317158689968
30693,0.355862889187109
30696,0.9660662915088918
30701,0.2954638962639058
30702,0.25506378827309506
30704,0.888143111746462
30705,0.3430859585802619
30707,0.7022708192441712
30708,0.3799423328756722
30710,0.9134029173493332
30711,0.506505534838372
30714,0.6475214313526471
30717,0.5479804040265783
30718,0.3498756726705434
30722,0.3725076470539141
30723,0.12613446575061624
30725,0.40233411448378
30726,0.4857968123443158
30732,0.44483195793718006
30736,0.8636804929720625
30741,0.5697242614353227
30744,0.7217758413877605
30745,0.184849643398387
30746,0.6570670754037506
30749,0.1783429880353799
30751,0.22669199260184908
30752,0.738241083960002
30754,0.6794190884030378
30755,0.5492476190628771
30756,0.6423832061820293
30757,0.26033429337887104
30759,0.6475048659245745
30760,0.31293967216229446
30762,0.3790737243405033
30765,0.19020418595349614
30767,0.6321231526749294
30771,0.26518507738539404
30772,0.8325608172680606
30775,0.7405670151938074
30777,0.44872270847645573
30778,0.1635947299130344
30779,0.3927157088508528
30781,0.2803004932445825
30784,0.7106064756541719
30786,0.7240316446727659
30787,0.2754109774383471
30790,0.6880989700230009
30792,0.19650192275911232
30794,0.7502100685038551
30795,0.5800339797799312
30797,0.8320123563027756
30798,0.7401981542083863
30799,0.9103980552267804
30800,0.6602202090311585
30801,0.7925077675943926
30802,0.7578431954400918
30803,0.9285132929289823
30804,0.4574940367361157
30805,0.6592927345012602
30806,0.2188008065448658
30807,0.6093681348110522
30811,0.9196036032908905
30812,0.6203839876686917
30815,0.28904949870835944
30819,0.32267050551594123
30821,0.8661487048014457
30826,0.484057889128885
30827,0.8042813778932331
30829,0.8078019021318854
30830,0.5885840454474042
30831,0.4569617916699984
30832,0.1237744166444854
30834,0.8715801357743139
30839,0.49909503308450287
30840,0.6627600673450766
30841,0.3842214706281199
30842,0.641511229198126
30843,0.6012726907509196
30844,0.29112617541423536
30848,0.9050340861573669
30850,0.7981531743915216
30851,0.5939224517337561
30856,0.891883114607881
30857,0.16575598007410758
30858,0.6305747020445077
30859,0.3924615231651092
30862,0.8543601945930975
30863,0.41516460211188067
30864,0.8294954397497484
30865,0.3434824590676711
30866,0.2992027158397119
30867,0.38629075070206975
30870,0.6094040005592231
30872,0.2352922161979112
30873,0.6467879011578522
30874,0.5684589625719876
30876,0.6107918207791941
30879,0.54298959919936
30882,0.9212109542580829
30884,0.5954691616809249
30886,0.5017620769518591
30889,0.7243373855869762
30890,0.8978699985380065
30891,0.3602690996323077
30893,0.7613533769936692
30894,0.5251232901216981
30896,0.8286115089106257
30899,0.8163377117959565
30902,0.5752225928988048
30904,0.2044924467354025
30906,0.7466057239299377
30907,0.430801778289417
30912,0.5850799930327728
30913,0.45520753769671984
30915,0.37508239555654715
30917,0.18381516231889974
30922,0.16871315779713203
30924,0.8764237886371219
30927,0.43406595829067324
30928,0.7615629181165935
30930,0.26014769617110933
30932,0.9010755665268203
30933,0.8703460598006555
30939,0.8318490775008504
30947,0.3326895976052331
30948,0.8018725597660089
30950,0.9448753691611684
30951,0.5779248482116637
30952,0.8961216171328861
30953,0.691190886853397
30955,0.3947724658024975
30957,0.08292298634526499
30958,0.9141752292070946
30959,0.305778473870551
30960,0.2824088298765699
30961,0.8196889006847892
30962,0.3454817185678415
30963,0.5756695714166226
30964,0.2231787443033821
30965,0.18678454820213694
30966,0.711836541707845
30969,0.44177987746833836
30970,0.5443906498956775
30976,0.4811532106585739
30977,0.29815615001570583
30979,0.6609957664833065
30980,0.7221936036859159
30982,0.7557233627389864
30985,0.41204002125366085
30986,0.47616319724886175
30987,0.903474165666152
30989,0.13236735579660702
30990,0.41421444107790073
30997,0.6461229314583701
31001,0.6443408573584899
31002,0.36349174933150197
31005,0.45933102877404924
31008,0.3847103398323642
31012,0.35689724912563486
31013,0.6183710156957977
31018,0.07976030450292249
31022,0.31424396032890006
31036,0.2613176683043487
31038,0.8098481200872004
31039,0.053357364206008014
31040,0.30286252617945947
31041,0.09989432057814798
31042,0.2081830524750447
31044,0.8622732255705653
31047,0.13957188158728812
31048,0.20135806645146148
31050,0.6434351287942476
31051,0.5867713678151971
31052,0.7436770391292807
31053,0.22340153858073916
31054,0.45806093960948596
31055,0.6427962230098305
31056,0.798438693698109
31057,0.45407647566929255
31060,0.08031612520220595
31061,0.38321883961941827
31066,0.5810671026295567
31068,0.7638782504523522
31069,0.27193093309512817
31070,0.4418683515862321
31077,0.5129328778933442
31078,0.636997832403174
31082,0.12838267102782894
31085,0.5710144418437141
31087,0.6212303359263204
31088,0.6415951301325508
31089,0.45513928539463816
31092,0.19157758197251148
31095,0.3953307811639942
31097,0.46220780715883214
31099,0.1778125124603549
31100,0.7461122346111213
31103,0.769945422768342
31105,0.40011694978162093
31107,0.7689404139145238
31108,0.9063323283090718
31109,0.5243631047887741
31110,0.596667369931603
31111,0.27806451713846775
31112,0.8775454513528737
31114,0.5599465284117837
31115,0.9603829020731017
31117,0.6818077848485906
31120,0.4035265447392322
31124,0.02624718229488565
31125,0.973895338002787
31127,0.3705793197378317
31128,0.6893278961459087
31130,0.9134938588335605
31132,0.6864216765295625
31133,0.841671464372926
31142,0.4334139309430522
31146,0.5479668007980755
31147,0.29406023807137605
31149,0.921982678884257
31150,0.6407565749493707
31151,0.3450776793222002
31154,0.7798924205801566
31158,0.18160366783584808
31161,0.39251287722050127
31162,0.6665942944268654
31163,0.09540048174985281
31164,0.356524700378673
31165,0.38252297710090005
31166,0.19025495865941616
31168,0.5533562032897691
31172,0.7324769716355642
31173,0.44259449409376794
31175,0.15040948298192997
31176,0.08571748753074626
31178,0.5533464756254601
31182,0.8173339104414616
31183,0.5114447526413318
31184,0.24983019928361366
31190,0.12034963882955882
31194,0.7900360938750042
31198,0.6158616518142651
31200,0.2361880956329863
31203,0.8828633046467971
31207,0.517250819825963
31208,0.2718205569587527
31209,0.6361904027402144
31210,0.5732089028791783
31211,0.228418326903499
31212,0.6248062687494841
31213,0.937531507783072
31214,0.7251935810599044
31216,0.28254630746835074
31220,0.5881150105569606
31222,0.4230177084356353
31223,0.9154251816176024
31226,0.5180755567131455
31228,0.30929592512471993
31229,0.6026709363592094
31231,0.09392288544454523
31233,0.7651853305182124
31236,0.43246213290921254
31238,0.838603036500198
31241,0.7939027359535396
31243,0.7140261470379856
31244,0.9050664328015045
31246,0.16252987391389012
31248,0.21207350422145782
31249,0.7494093512967729
31250,0.5438844763643071
31251,0.6231394443763766
31254,0.565128799081327
31257,0.6568141640158013
31259,0.49876324525594296
31265,0.672743506943341
31267,0.4305548775330557
31272,0.6722973676778273
31273,0.31184537794486755
31274,0.24316743472174546
31275,0.5292195958296919
31280,0.2753489841494581
31282,0.3613913242927536
31283,0.6589269677733761
31284,0.21338372910309764
31288,0.3749858441707797
31289,0.8253561707645908
31290,0.3420177913545168
31294,0.651317438931937
31298,0.3736438375322523
31300,0.8747283843773495
31301,0.4546468021390991
31303,0.9076830452161189
31304,0.3455298149214782
31309,0.7907565463377715
31312,0.09985823088988484
31313,0.6432968072759818
31314,0.4522274300612533
31318,0.37707816203460476
31319,0.3119731110466498
31320,0.11528231863061418
31321,0.4517763041334377
31327,0.44127000516726084
31330,0.18179010039156984
31331,0.7868780087842785
31334,0.48304161645281635
31335,0.5120863430250117
31338,0.5177290296679374
31340,0.4409814240524532
31342,0.5415432730386036
31344,0.43855238673146985
31345,0.5798849482364128
31346,0.9375356546267664
31349,0.5632686323837979
31354,0.4678782168072637
31355,0.8882946067611518
31357,0.9433801022622289
31359,0.5806464310317065
31363,0.1866488360052681
31364,0.24530776912011584
31365,0.5548652939485504
31367,0.695599887832106
31369,0.6720765799979365
31372,0.7870044866811303
31373,0.4024609359446309
31377,0.5402289082513214
31378,0.5968235736394117
31385,0.5904328010387632
31386,0.7535777869056929
31387,0.34223017024415026
31388,0.37214220983869534
31392,0.7090692174702108
31393,0.3356597740795443
31395,0.24462305844562798
31396,0.15956692300079198
31400,0.10533974284984016
31403,0.7922780581185498
31404,0.3754646829849728
31405,0.37998983751467286
31408,0.5102798472408334
31412,0.5291201076641298
31414,0.23661647645716563
31415,0.6009738072475719
31418,0.10427102168200462
31420,0.5412650427631834
31424,0.5971730464373999
31425,0.538520366514563
31427,0.6122478000310383
31430,0.26837250273523044
31433,0.6044295153458473
31438,0.9714315729125449
31439,0.3247442356093054
31440,0.8305332860109647
31441,0.13106585263443818
31444,0.2739545117583838
31447,0.12082291965834858
31450,0.46334767835674806
31452,0.8395860760290341
31453,0.4787417531498575
31455,0.23719307357414823
31456,0.9481421572529908
31459,0.7730957104842405
31466,0.2010269451121882
31472,0.10496112328452213
31474,0.2842928418492854
31475,0.5471315771681664
31478,0.25020098248953493
31480,0.8702215842441826
31481,0.80585227823173
31482,0.531979063643319
31488,0.704060544059316
31489,0.25211273470362106
31490,0.5382925830346271
31491,0.2586312056466473
31492,0.1741850571927875
31494,0.7331676410813011
31495,0.046891322512681535
31497,0.5544042654429575
31498,0.47557884017428165
31499,0.5104562874182429
31502,0.4547784303211569
31503,0.8879801238727107
31510,0.3088850700654887
31513,0.4336096942665932
31514,0.4529237778895647
31515,0.12769251866605283
31516,0.47198944340007454
31522,0.2293749472779769
31523,0.35727430077152184
31526,0.4208937809212136
31527,0.5522256158094998
31528,0.5946939064090251
31530,0.15267963543861826
31532,0.8912740453751673
31533,0.41766036637902393
31539,0.28603581569408254
31540,0.3644947750138635
31541,0.582956744888504
31545,0.4487178429962444
31546,0.686333748310821
31547,0.8384349905287053
31548,0.465443365957961
31549,0.6073815110249775
31553,0.33815088040445795
31554,0.17276981061235513
31557,0.681948272662331
31558,0.6096863647019017
31561,0.550028541553278
31562,0.6802040686659608
31564,0.47936031687516323
31566,0.08794799448158688
31567,0.11556117600903217
31569,0.8165643121997463
31575,0.3731715089334752
31577,0.7320022272057444
31579,0.9017104699086266
31582,0.4667241481469388
31583,0.9340212780702191
31586,0.13699677910615632
31590,0.42322746008550355
31592,0.9504427306457559
31593,0.5156006546538798
31596,0.845227512860389
31597,0.7497965560262051
31599,0.9993588391134713
31601,0.5523955690105786
31605,0.5578452074681322
31606,0.17630083299163654
31609,0.30254510074832747
31611,0.5116582293788529
31612,0.5400517193208373
31614,0.8168976523430532
31617,0.028156449399182756
31622,0.3436719334323991
31623,0.6174537759467998
31624,0.284845477101377
31626,0.9111753824264133
31628,0.08929722357916431
31629,0.09471153858686204
31630,0.3201686175581782
31633,0.5398810295744978
31634,0.5351056816313055
31635,0.22839034295874588
31640,0.6274042022200341
31642,0.2963139872430818
31644,0.8683417654334596
31647,0.8594596559086449
31648,0.307672403680134
31649,0.3140871569780592
31655,0.47138507757217346
31656,0.41497748069563145
31657,0.7785457356415693
31661,0.6006432394189781
31662,0.7349304969196062
31665,0.5315633953685734
31666,0.8418460828495445
31673,0.5061621189696861
31675,0.33668402766376443
31676,0.22848206587725675
31678,0.589409682298767
31679,0.49026838027020725
31680,0.6045745015641754
31681,0.3089438561273054
31682,0.6221456320489283
31688,0.5320351701966884
31691,0.3028640910324583
31692,0.6063187545899634
31693,0.7670046331005193
31694,0.7955481675510055
31695,0.7371480704769692
31696,0.26503108283417764
31697,0.3048205011264899
31698,0.9008147980043688
31700,0.2009503537700437
31701,0.43563549810841723
31706,0.43008120348152334
31707,0.12536816971759573
31708,0.9230647711048822
31710,0.916914167039961
31713,0.48425361565799185
31715,0.13246801370404562
31716,0.5290722623526459
31719,0.6024052992013675
31723,0.20381375972152319
31724,0.5469672217132925
31725,0.9338284191336337
31727,0.257236117990331
31729,0.9057317453156355
31733,0.59023860884792
31737,0.2819782219804244
31740,0.9442775660121486
31741,0.8578563824112729
31746,0.17674946098642874
31750,0.4478768530017448
31751,0.22483820401077995
31752,0.264940788911914
31753,0.9209765200990017
31754,0.5516855828925343
31755,0.6724613012068045
31760,0.8087639911289848
31763,0.5272237608809015
31765,0.8343066464534886
31767,0.7003124095423052
31769,0.28537214391092736
31770,0.2881996483580377
31774,0.5634386300547242
31775,0.18901394925869985
31780,0.578572997653869
31783,0.5740068102540671
31785,0.3632535048149344
31787,0.6940032071733411
31788,0.2563144110734269
31790,0.6039111758326982
31791,0.5507345739901349
31794,0.29890876285806806
31795,0.8148437937861368
31796,0.037065701518786374
31798,0.7008037820474637
31799,0.45422956440386486
31800,0.4531182586567218
31801,0.928614389547406
31803,0.8054213447605119
31804,0.3854617310111924
31806,0.8833285843716092
31809,0.8510887840939103
31810,0.358902766039232
31811,0.30807723469319986
31814,0.47559318774384185
31817,0.616556513342217
31823,0.40515797008722426
31827,0.8359940026016607
31829,0.771358361816961
31830,0.7461909635603824
31832,0.7429595203319865
31834,0.7397100347099478
31836,0.8679886966861642
31837,0.5696781695627872
31842,0.476057777442196
31844,0.3188782495863076
31848,0.3310973701284505
31850,0.7634584724968951
31851,0.7799422632913684
31852,0.126339299008183
31854,0.3177010308686903
31855,0.6163213444339765
31856,0.3223877024571319
31857,0.8056082539961982
31859,0.44934139640865156
31861,0.11785722999299356
31862,0.7589564357370933
31864,0.3259004997645532
31865,0.36564614509554294
31866,0.6863669674058679
31868,0.490345917259521
31873,0.1300737050612726
31874,0.6320105707637517
31875,0.9042168248295221
31877,0.21445385994694946
31882,0.2701654099880104
31884,0.38159738773608504
31885,0.18174083423817236
31886,0.5784342160436824
31887,0.4407357214264888
31888,0.24564685089329125
31889,0.654996223537841
31892,0.6433540132080552
31894,0.5385806770275341
31895,0.22372030913367158
31897,0.27648806641861856
31898,0.24523879113125818
31902,0.756863122296407
31903,0.5623465988726752
31911,0.19480695271951998
31912,0.9240215399239847
31916,0.8501010648494117
31918,0.5210533093812841
31920,0.42350581888222016
31921,0.6585241380122538
31922,0.37176678711746036
31924,0.5839316697214169
31925,0.12095467903665388
31926,0.25618247090694796
31928,0.23458727301590085
31932,0.7390866375909478
31934,0.31077492108033156
31937,0.4252828180390413
31938,0.42343393262558326
31941,0.929178092140437
31943,0.7676615590064437
31944,0.4935597509495291
31947,0.10708618184350636
31948,0.804194760247613
31951,0.19622488302204225
31953,0.2275100708318942
31954,0.44472142599340586
31957,0.12476407249731661
31959,0.28578633243247414
31960,0.46809479805854837
31961,0.6287293384442042
31962,0.514342217934255
31963,0.7278077532633469
31964,0.6079916830475168
31969,0.9289459551311444
31971,0.8212837361267838
31974,0.6476800638647843
31975,0.6760197621828165
31977,0.28435660758556836
31980,0.8359201221522362
31981,0.5090214967545256
31988,0.3914546959915802
31991,0.5453537807331317
31995,0.2282760941083065
31998,0.22893800361420327
31999,0.4341761238288047
32002,0.45050423187898875
32003,0.5659658798851143
32005,0.4968461704257514
32006,0.5627101352321298
32007,0.7992006796918005
32009,0.6924731019363639
32011,0.2503001211358113
32012,0.5991377081974464
32014,0.2849965372243111
32015,0.39093238013414866
32016,0.5220607098896775
32019,0.8088415631471001
32020,0.6330720305797457
32021,0.8169699260485034
32023,0.49033915075533513
32025,0.25385837781465637
32026,0.7360864903745028
32027,0.5910141951977853
32028,0.6848078092236582
32029,0.9300807331623312
32030,0.20740833146247242
32032,0.8786251000407939
32033,0.4440478032131366
32035,0.6820883578415042
32037,0.8760142876622748
32039,0.2737159538699073
32040,0.4782329205436178
32041,0.2066600812637092
32046,0.8349935080215853
32047,0.49058379440343725
32049,0.6212223730941461
32050,0.5250199560091959
32052,0.904218420886218
32054,0.9018956155643851
32055,0.3871374285311581
32057,0.7559921745308565
32058,0.37136241013795585
32060,0.4868212213794239
32061,0.2129044402157125
32062,0.41900097519841273
32063,0.6471591565982951
32066,0.9270352635481537
32067,0.23969109411021355
32069,0.5938435883526939
32071,0.4867777072951891
32072,0.24777627567542918
32073,0.899233976810844
32078,0.843252865828196
32079,0.24535656189316965
32080,0.7279088851200594
32082,0.7385380580682418
32084,0.5607896499816584
32085,0.5731605246951087
32086,0.6537695138224995
32087,0.712834961224003
32088,0.6189228446015053
32089,0.31199157364012925
32091,0.25401792963377523
32094,0.9160169855561787
32096,0.738642289082412
32102,0.6030488804528645
32106,0.8577083615619245
32108,0.8571476568835965
32116,0.33647786632424614
32117,0.5186217307125464
32118,0.1185285616522036
32119,0.09127835081776019
32120,0.44394322354234994
32125,0.30489471346143365
32126,0.19777995626326658
32134,0.21538586586046965
32135,0.4872719110294273
32136,0.4507834790759267
32137,0.6414127973897773
32141,0.6725811781490594
32146,0.45417143158707224
32147,0.46480460136427887
32148,0.6231074828147583
32151,0.8047501387353642
32153,0.6344568709461612
32154,0.5721432152072294
32156,0.2763310121111107
32157,0.6692989174202882
32160,0.4320642554938351
32161,0.24295667998312873
32162,0.321326856829264
32164,0.67816596417701
32165,0.6478037857728561
32166,0.31185179773959637
32167,0.9314401150168344
32169,0.7239030519692013
32170,0.6487389608918748
32171,0.7629786694149272
32172,0.6361101715606459
32177,0.7888135354103808
32178,0.5758819931631124
32181,0.16585698843237473
32184,0.795193000085706
32185,0.4496034358353527
32186,0.24439122045918085
32189,0.9444970361047986
32194,0.253114483053251
32195,0.27641761432761236
32196,0.26510154671616926
32198,0.22270487330791522
32199,0.7358393283217269
32202,0.2551540722780006
32204,0.057622135893319125
32205,0.7338930706279331
32206,0.24458934337233185
32208,0.4435957214276738
32215,0.8123429006789719
32216,0.7026350620899786
32225,0.22084534045297022
32226,0.2324487008362444
32228,0.5515037843405824
32229,0.4558791002382434
32230,0.7134034584534787
32232,0.7167271361854262
32235,0.4025475278517392
32236,0.9168570397432227
32238,0.6229906513678699
32239,0.4969363454776131
32240,0.36051048066572416
32242,0.8298091541023123
32244,0.07559290465192196
32245,0.4939938764903056
32249,0.4291985046680486
32257,0.2399868166036953
32259,0.13311193137875116
32260,0.550546982965725
32264,0.45660924768042765
32268,0.21631215703788637
32269,0.8598230507040828
32272,0.09429092471643799
32273,0.9367934234846423
32274,0.3225929748637861
32277,0.5535055336062888
32278,0.45600509417783835
32283,0.34750875560016015
32284,0.7651482038430057
32287,0.10862104846380237
32288,0.08289443892072372
32291,0.5176338044678773
32292,0.707780475693118
32297,0.41017329504476974
32300,0.32854096014030126
32303,0.7310274571986323
32305,0.32815182053019004
32306,0.578326761259117
32309,0.7331368457729265
32315,0.4156761170115443
32316,0.5032933773521036
32319,0.9159297605784669
32320,0.6107027430522535
32323,0.780121775213934
32324,0.7408875545725752
32325,0.10626070829720194
32326,0.7703342904151343
32327,0.21151672755606976
32329,0.5565132880582377
32330,0.8827702706329623
32331,0.4915819447978339
32332,0.7407064924649321
32333,0.8886160908089511
32335,0.7703850073598016
32336,0.34151212687906146
32337,0.4639845972053528
32339,0.3539244804953786
32340,0.635846149050582
32341,0.24847110053586385
32342,0.06408029196368649
32343,0.7585672147282013
32344,0.7009727834674598
32345,0.7931379502129559
32347,0.1908287776342959
32349,0.8998572361957152
32350,0.8116349206991849
32352,0.4530531780001279
32354,0.25564321056886197
32355,0.3340816340292344
32356,0.6979111051927367
32359,0.5572677094044558
32360,0.7091552253800145
32361,0.30682578154144285
32362,0.3135012515044098
32367,0.8579089539856833
32368,0.597937020318992
32374,0.4125896456355602
32375,0.6189795083870473
32379,0.43829751060751965
32384,0.6010532086450749
32387,0.6396017188678589
32388,0.5878356298953022
32389,0.3208992548358457
32392,0.11287801921988329
32394,0.3319748349352308
32396,0.3935030271470186
32397,0.720303503169265
32398,0.8189381432123334
32399,0.9731384258360611
32401,0.11539828831821314
32402,0.2640947833083331
32404,0.08407235162346358
32406,0.8899792298124428
32407,0.5210057742952214
32409,0.33827423682918806
32410,0.8862215640628412
32412,0.08297245366767007
32413,0.7165861066621352
32414,0.83508865653259
32416,0.9561595291360677
32418,0.8932902803117857
32421,0.42856960908159264
32429,0.38938713968386085
32431,0.7506260453727619
32432,0.8024439616997866
32433,0.5426254279308294
32434,0.0551894482128505
32435,0.09594897886606579
32436,0.43612367825310877
32441,0.3177563452288774
32443,0.3338977560655166
32447,0.7664647978178403
32449,0.9129540489676419
32450,0.5074277990125321
32451,0.890515204821928
32452,0.7733015009239568
32456,0.515062510303615
32457,0.4337646686940509
32459,0.7898810434983398
32462,0.7961205735396797
32463,0.6727215359545106
32464,0.7747616265599752
32468,0.2745811862623144
32469,0.6422570173237258
32470,0.5466459598686627
32471,0.8249373637233121
32472,0.27752616282644516
32473,0.5955460760567641
32474,0.17687416636962633
32476,0.974671609977141
32477,0.5821755411029413
32479,0.2470218956130602
32481,0.3887115734663626
32483,0.3766743964694855
32485,0.5866920770833124
32486,0.28669890810658133
32488,0.6751923621479632
32489,0.35646367430653414
32490,0.7750003818597684
32491,0.7312519115503907
32494,0.7015299121733902
32496,0.3373447755313985
32499,0.9307854747084746
32500,0.8003616581851463
32502,0.9075756796670053
32503,0.6345055641456578
32504,0.14808336504941025
32505,0.3460765082759622
32506,0.3283660493475861
32509,0.7507976954926591
32510,0.5705114386518766
32513,0.8677411090931378
32515,0.8176037741183287
32516,0.46303874460652916
32521,0.45659666221609735
32523,0.1388576029097216
32524,0.7696102725912213
32525,0.3434479620273356
32526,0.6700856698082527
32527,0.2013553715150944
32529,0.42829735108240313
32532,0.659654447795913
32534,0.7577268529019975
32536,0.6677786097525279
32538,0.3670890262765085
32539,0.6008677990655081
32542,0.8708847056927899
32545,0.5021935937984295
32548,0.37965578159892516
32550,0.8933942593429706
32551,0.5784920866544737
32552,0.4606564040983093
32553,0.5765558899443728
32555,0.9766112648429737
32556,0.1789248488123993
32560,0.36835711432688656
32561,0.8375586101276108
32568,0.12109789447228574
32569,0.4981867229297342
32570,0.031080056596284645
32572,0.5118040487199584
32577,0.17179012625469878
32578,0.09570381074577451
32580,0.3724974043455541
32581,0.353109773006019
32582,0.7646949754589554
32583,0.37848240331876315
32585,0.5916834556086794
32586,0.8892064931055425
32587,0.8367290274578424
32588,0.8465374868584237
32589,0.7764603197595911
32590,0.1003392919665509
32591,0.8899595652882059
32592,0.8287802099663347
32595,0.734364533030076
32596,0.958761148305921
32600,0.6002978020874253
32601,0.4642765972284448
32604,0.3109656206088023
32605,0.47943920075598095
32607,0.7973353948278142
32609,0.05408671248871842
32610,0.24104382495875473
32613,0.4010182609909533
32614,0.4467958238165475
32618,0.650922859359925
32620,0.3316677428001447
32621,0.6807985563696799
32626,0.18823473347100939
32628,0.5142886267277516
32629,0.6177494812884129
32632,0.35586893389275487
32635,0.6728124814568835
32636,0.39623813192117624
32637,0.3511489793526344
32638,0.5713762581439649
32639,0.8074362920788397
32640,0.26626873145165986
32642,0.35122400861604647
32643,0.4869014814044861
32645,0.5770967922337333
32646,0.14061447445323855
32647,0.8747206096418325
32648,0.38002818659764925
32649,0.6620718305166313
32651,0.946997599267181
32652,0.9028089906617686
32653,0.22490207799634587
32654,0.7914560428255671
32655,0.8867345913945857
32661,0.4480430597985652
32663,0.13625429470093176
32664,0.3406759739872538
32670,0.7749039352513213
32671,0.8792124793749171
32673,0.7393080907089687
32674,0.6138204831944558
32675,0.9643444419058651
32676,0.3081002617347442
32677,0.4468968406425203
32678,0.38074264224882365
32681,0.3029042242586589
32682,0.11569862445550573
32683,0.6846477146093283
32687,0.9009882232904076
32688,0.20318884230632647
32691,0.30279505407063445
32694,0.8177099084827995
32699,0.48214691930409215
32700,0.5675300986240099
32701,0.2712124018170617
32704,0.5813756801779149
32705,0.5455170147580731
32707,0.4015456546677097
32708,0.0942320134026271
32711,0.19051478749778925
32713,0.5582466327611774
32716,0.40658382733494597
32717,0.6539052906021087
32719,0.8224686876243503
32720,0.9396098889451484
32724,0.7186367633918493
32726,0.5124421665108465
32730,0.6580836684923077
32732,0.034132358667573116
32733,0.5249642430773167
32734,0.6897768713535074
32735,0.7852547554308009
32738,0.7773040430019184
32739,0.5603292293118888
32740,0.13808784065634816
32741,0.2938359311564832
32745,0.5088965866965444
32746,0.9320767749094995
32747,0.11742830017808849
32748,0.13009056501165442
32750,0.19749239875921998
32752,0.28348645672318934
32755,0.38087949043580666
32757,0.3726425119141453
32758,0.44633821038846855
32761,0.17131675261359466
32762,0.7211278110910174
32765,0.7235492991410202
32766,0.04712662828048933
32769,0.09277695884332529
32770,0.6519023915021203
32771,0.26720937647838916
32773,0.18830356555044986
32774,0.5559980746165815
32775,0.6310518575116273
32776,0.8869471428525599
32779,0.14664055845044774
32781,0.7701277311375503
32782,0.5102470703045663
32783,0.9489221931576576
32785,0.12048238221083322
32788,0.3165000497271282
32791,0.486442264854965
32792,0.2788528754172481
32794,0.3180146062016345
32795,0.4875256985826204
32799,0.8958493726327035
32800,0.5502439453297381
32801,0.9273624809491325
32802,0.715731623423375
32803,0.41087879980161063
32804,0.7574534737270553
32806,0.21415204886160924
32807,0.4860930761583927
32808,0.2110877286641179
32810,0.24950249716224804
32812,0.6257721422269641
32816,0.6067603650612005
32819,0.15904900616978943
32821,0.7455055836262665
32823,0.25648280903154963
32824,0.9809634571808322
32825,0.8309810800583611
32827,0.3325713852457169
32830,0.4442463110632575
32831,0.10687134735889313
32832,0.3631256712097951
32833,0.5014578878832033
32834,0.9214157030820838
32835,0.22641228704562757
32836,0.03523091613458233
32837,0.6265783604898159
32839,0.17199048337174844
32840,0.7830681818035158
32841,0.5665074328576338
32845,0.6463030171886813
32846,0.5802394377866367
32847,0.7791935971580188
32852,0.8033806349051966
32853,0.6515170867731237
32855,0.8510415540461571
32857,0.2833704388990762
32860,0.5792834626787269
32861,0.9202262964024914
32862,0.4245301475185646
32864,0.5242941248646095
32868,0.15812121783002275
32870,0.1911813724394153
32873,0.6197126600321538
32875,0.7892920625869781
32877,0.6698906055718284
32878,0.7422950031341257
32884,0.4955579294431992
32887,0.25049517154600526
32889,0.9621657856303271
32892,0.6877606840957239
32893,0.07655083385859522
32894,0.7814131450818032
32895,0.4925245078583058
32896,0.4177518843279627
32898,0.7209442893841187
32899,0.811523847493819
32902,0.28567641379288045
32903,0.9500885097346771
32906,0.33526560028573715
32908,0.9522524538122967
32909,0.631288030914967
32917,0.8623443015608968
32918,0.5240877081719012
32920,0.3091464424384922
32923,0.4330323202825566
32924,0.2931008610389364
32928,0.37754925646004933
32929,0.6658855424571541
32930,0.909327307855893
32932,0.7891597049271797
32934,0.5006457764224317
32936,0.6737057094831312
32940,0.48842014564689523
32941,0.8194462582002598
32942,0.8263279151577718
32943,0.5717601521593285
32944,0.24927046357302687
32945,0.125047287808177
32946,0.4529638169608551
32947,0.28891781454318277
32948,0.23013521545153923
32950,0.8594687199653598
32951,0.6427036344219542
32952,0.5039673984189894
32955,0.13862431429488936
32957,0.9264210441442443
32959,0.8044121679054397
32963,0.6527207898818279
32964,0.1911706121723069
32965,0.269578025919884
32966,0.39708680286791936
32968,0.6593977954788163
32970,0.49817812073249096
32975,0.22262519882203127
32976,0.11636270369880511
32978,0.7233911744046112
32979,0.6433368764579444
32980,0.0855809667271556
32983,0.7514268289494361
32986,0.8493706220783908
32988,0.6938718535263854
32989,0.6127117647132221
32990,0.2769428383711687
32993,0.22327207344874314
32994,0.7727031730876641
33001,0.24863790856210247
33003,0.9809263732446374
33004,0.30872970514217735
33006,0.34592883192892293
33008,0.14557826851682507
33009,0.6474391350091426
33010,0.09380007973001865
33012,0.21298875235199619
33013,0.5060729344725963
33014,0.581450601497738
33015,0.10638589460190113
33017,0.595191608098441
33018,0.519488196646482
33019,0.6854599797106332
33020,0.7831140146469138
33021,0.42602806598984044
33022,0.43142355977814867
33023,0.769729395120732
33024,0.4366451515611781
33026,0.5038068498541416
33027,0.3387865429277219
33030,0.6143087302041508
33033,0.34086460558431936
33035,0.5887509931805972
33040,0.6308064655493577
33042,0.2454707110473248
33043,0.6840865189564457
33044,0.40052407985423905
33047,0.5552066761114391
33049,0.6274836701480805
33051,0.6838564652067366
33053,0.7828683530703575
33055,0.6419648167497516
33063,0.7566606016030013
33064,0.2723640773405183
33065,0.4687951270177621
33067,0.7750169049403917
33070,0.7237703695141662
33073,0.9552244409376697
33075,0.8066272064348616
33076,0.2323333598560711
33078,0.2045817135730454
33080,0.33797170120948616
33085,0.6602393120205506
33086,0.3266654870552572
33088,0.6927610918809729
33090,0.5303820816070146
33091,0.12273212554876388
33093,0.5185577530688388
33094,0.900546987862607
33095,0.868195495460323
33097,0.043315286505434945
33099,0.6036959591638621
33108,0.5846719456571504
33109,0.3855654449913768
33111,0.6249240291716984
33113,0.781826123062331
33114,0.8543759586501549
33115,0.46038422353866254
33117,0.7879695574317103
33120,0.5097492506080531
33126,0.8338793354571231
33127,0.8502304910538886
33128,0.5795004983649735
33129,0.5297048425196609
33130,0.43822792574638275
33132,0.4978687773264559
33133,0.13162508009981305
33139,0.8032758587585257
33140,0.5031631325533296
33144,0.5015903802274955
33145,0.5500302344559965
33148,0.3324489706221326
33153,0.3755463312560628
33155,0.6735657912289122
33157,0.25052156515468516
33159,0.42134225067388653
33160,0.2521922127419374
33165,0.8176447001303244
33166,0.7396719691167187
33167,0.6081028457296487
33168,0.4154740673012131
33169,0.0915180061164225
33170,0.32324374121592553
33173,0.617830096870975
33174,0.30780459528422915
33177,0.6126082101762746
33178,0.4972787210226663
33180,0.39884687523371587
33182,0.2120298330168252
33183,0.7699632996673396
33190,0.5479775228904562
33191,0.2800065798581028
33192,0.8462054941403224
33193,0.8280799803219905
33198,0.310895621973504
33199,0.3634815491830252
33202,0.5599784098226777
33203,0.3715775683161651
33210,0.8678960746420584
33211,0.4465524038982553
33214,0.6809344093704799
33217,0.12228378129361306
33218,0.8163244819071299
33219,0.29986697173838245
33221,0.45167447845025094
33222,0.23378811581089962
33223,0.8034851956922548
33224,0.46186108646475815
33225,0.8544963997134932
33226,0.5021986091952255
33227,0.6894276905481342
33228,0.48141498852338466
33229,0.20665707927634516
33231,0.25765352995926
33234,0.4498577349606193
33236,0.452277431369464
33240,0.651558402479942
33241,0.5110411157601671
33242,0.7914025643222855
33243,0.5961701690245101
33244,0.8511552410792694
33246,0.4978965297225142
33247,0.1467382623827193
33250,0.12708970960195215
33251,0.9594562174018161
33254,0.8725700349500474
33258,0.4166777773225368
33261,0.564181484396066
33263,0.9330626546147829
33266,0.5106978735884511
33269,0.17902532442217434
33271,0.2603104057678326
33274,0.138035736470841
33278,0.2992972978408687
33280,0.8187696884466121
33281,0.6020276319154652
33283,0.6015895344834978
33287,0.044567862903511085
33288,0.2417996375721503
33289,0.25288115701443986
33296,0.4695348282857655
33297,0.5391777285486437
33299,0.4471762152755728
33300,0.5203029875251324
33303,0.6467889407754752
33304,0.9573173230113805
33306,0.46844148543912967
33307,0.26873848783789706
33308,0.7302539315475376
33310,0.6160954903512416
33315,0.49642755884524464
33316,0.27678335475414517
33317,0.4322418555891299
33318,0.6877915415483625
33319,0.3902563651242473
33320,0.8319279795463849
33324,0.8499191894683832
33325,0.4895053026177908
33328,0.5110509040215903
33329,0.3277847689134831
33330,0.9955221014836274
33332,0.26351915669803944
33335,0.8353716173117569
33337,0.07349267914511244
33338,0.044675968126883535
33340,0.6988928303811173
33341,0.6901772996259063
33345,0.44597641354918155
33348,0.6285891571700875
33349,0.6411561388305338
33350,0.359717095816233
33351,0.08080755200678541
33352,0.5369565666706934
33354,0.8541887688690164
33357,0.7748575727357438
33360,0.40445868196131185
33363,0.33515288895012324
33366,0.6843179515813035
33368,0.22305536134191822
33369,0.24512708008939613
33372,0.8711695384953214
33373,0.8946243240998332
33374,0.0923655723593529
33375,0.7773037713429733
33377,0.8170968881874726
33378,0.7648370019971122
33382,0.43521524840356063
33383,0.38821773319850605
33384,0.34650543227966457
33385,0.6839713807759705
33386,0.2760468136080391
33387,0.26760497739907707
33388,0.854998131211881
33390,0.08582098849245957
33392,0.4232546946111017
33393,0.06202705846943713
33394,0.5467346867675911
33395,0.9182345346283028
33396,0.408812715554152
33397,0.23143526912284565
33399,0.4881800970877629
33401,0.8598053134349435
33407,0.8889103303382611
33408,0.3873824910136293
33409,0.7662720598096016
33411,0.405655701809082
33413,0.6615873481142811
33414,0.6885735156447351
33415,0.5541175462074702
33416,0.6573469337569747
33417,0.37049319106787953
33421,0.08524369052102446
33423,0.7258414896483627
33424,0.6772788168494748
33425,0.8759513090512753
33426,0.846065822216564
33428,0.883115181333359
33431,0.42147934195444886
33434,0.1162927462948202
33435,0.8409521701378017
33436,0.8958837400538069
33439,0.45870233281150463
33440,0.2791186693527661
33442,0.5054948067965895
33443,0.20647989458208682
33444,0.5696971882800579
33445,0.5602606315586303
33447,0.7835642618340484
33448,0.8524632946169506
33453,0.5933382793273331
33454,0.414921217419963
33456,0.5689644928169769
33457,0.6483640982274378
33458,0.6391216691703792
33460,0.8245954342472875
33464,0.2998862228854037
33466,0.5194891993519213
33468,0.6484728669079487
33469,0.9222268137202211
33472,0.8724776462164086
33474,0.5103102193132592
33475,0.5190437287369506
33476,0.6471681938638971
33478,0.6350362146785071
33480,0.7044492926130785
33483,0.24112685970825407
33484,0.26839372308076204
33485,0.8139676802332805
33486,0.29939595363011284
33487,0.7191911808213559
33490,0.93447646467268
33492,0.507822083847326
33494,0.47800181087115334
33495,0.33622101993296083
33496,0.4466788765363835
33499,0.5315471407923396
33500,0.5063338033726702
33503,0.7665971727681375
33504,0.6869193977929443
33505,0.6042947093347473
33506,0.25574999964616396
33507,0.4837475341013621
33508,0.28486076384242676
33513,0.23075584355603865
33514,0.6127480315249471
33518,0.5180619503904931
33519,0.8275420830174283
33528,0.14713703450099425
33532,0.18405369980063055
33535,0.3645655629025241
33537,0.3721947652395071
33540,0.49995680793390374
33541,0.8263865213728933
33543,0.5574046342458805
33544,0.3852753718539391
33545,0.26395364372559105
33548,0.14383003344805506
33549,0.12818318519436442
33553,0.15817042293898254
33555,0.6493226627545259
33556,0.5548768515769847
33559,0.3246709280114528
33560,0.6944391160756053
33563,0.5353148516542763
33565,0.5595538214589295
33566,0.08560869230647465
33567,0.8063756890504715
33568,0.9228786612462263
33570,0.9175033951590549
33571,0.11195162969551758
33572,0.6472251322358533
33573,0.6697253531672746
33574,0.6992378428502314
33578,0.5092592804722433
33580,0.3869703886628763
33581,0.8531330097415422
33584,0.7812973030458037
33586,0.6937525852178652
33589,0.8949153754867981
33591,0.20027210789825217
33592,0.8228300221184067
33593,0.7851606013302964
33595,0.8597206414641545
33596,0.2247879477425001
33597,0.4330398884426554
33603,0.07606716569827811
33606,0.6655272354344288
33608,0.5756342506457928
33610,0.7124367350365691
33611,0.839472071698613
33612,0.006274502918972194
33613,0.5906666390471721
33620,0.4622648382048979
33623,0.8217670481230402
33627,0.48755225151980125
33628,0.22996198336032578
33629,0.7510924572879896
33630,0.521683435274662
33631,0.5824928957137165
33632,0.3023978687165013
33634,0.5176212682775081
33635,0.8096439794832294
33636,0.7110427409982727
33637,0.8040449073565542
33640,0.5299501921349798
33641,0.17899633466118473
33643,0.3185987993887201
33644,0.23412147965836672
33645,0.7171069547170063
33646,0.94706405695235
33650,0.7863163435289724
33653,0.888867759667889
33654,0.0857056172924898
33655,0.7386679062939708
33657,0.3307494993907182
33659,0.9167377404519871
33661,0.6689067924004053
33665,0.27739704684560756
33666,0.8119196651421351
33669,0.43276662473851685
33671,0.4930461074127566
33673,0.13212989979229525
33675,0.38894161132500693
33678,0.7352191679970946
33679,0.6159290622166489
33681,0.18396415979632605
33683,0.17376967449975414
33684,0.3085750274281558
33689,0.289508716587789
33694,0.510460780468351
33695,0.5183088751771315
33696,0.5865505669254322
33698,0.6566294727924015
33700,0.17622445809978876
33701,0.5055912961553591
33702,0.7378496415036331
33703,0.769431924308265
33704,0.4060318450784459
33706,0.3899062774468463
33707,0.9021270147726503
33709,0.717011275961938
33710,0.16443255427514686
33711,0.5297705497114268
33713,0.43985955847027786
33714,0.10336004540240899
33715,0.722940912319927
33716,0.8499412500801389
33722,0.4059327957669757
33723,0.22439697792920782
33724,0.5299824232936322
33726,0.612701845940655
33727,0.2819601888518874
33728,0.6340371088196519
33732,0.8561440753347745
33734,0.9662920227507186
33737,0.3549161823986882
33738,0.38969166396092475
33743,0.1998362555075032
33744,0.276160590675323
33745,0.5540526190269052
33748,0.20114987218393002
33749,0.7763733441856391
33750,0.9149849524414986
33758,0.5164340249379941
33759,0.6310418118736845
33762,0.6907842029578873
33764,0.10827473764637992
33765,0.4699434386455511
33766,0.7733258442702575
33770,0.6892671382832999
33771,0.3023080481873727
33772,0.7652579873409942
33773,0.7257961365031972
33775,0.33811299443812165
33776,0.8526937235466177
33778,0.7113984735647304
33779,0.3097207432042442
33780,0.08296226642522629
33781,0.5481568946825953
33785,0.6108167931335782
33788,0.8313241896955161
33790,0.6236478823002971
33791,0.2247164682012196
33795,0.6531718822627902
33796,0.8682287140194386
33799,0.7576765057439675
33801,0.09190420764805952
33805,0.07138509940540538
33807,0.1380468188435582
33808,0.8141616917562594
33809,0.6423621901347012
33812,0.5935526524822172
33813,0.6431231411095184
33815,0.5148289752749711
33817,0.5523512303553789
33821,0.7782339521084101
33825,0.7089400837029203
33831,0.26800208648102103
33832,0.7182596619415187
33833,0.27240678247832983
33834,0.3947796131246692
33835,0.6536146625869955
33841,0.3870957088038946
33842,0.5250530280291719
33843,0.47351558964967005
33844,0.8885603617131056
33846,0.3275878938074136
33851,0.8931065525215854
33853,0.4119098598842697
33854,0.8966691504697863
33857,0.8605215221504257
33858,0.9336306122554109
33860,0.3627760130295294
33861,0.8396899960380136
33862,0.21543928741689367
33863,0.6302126289519345
33865,0.5928105672885494
33866,0.9150829947873069
33870,0.41184257175714434
33871,0.18776626153021883
33872,0.4133657415346476
33874,0.4641856619344458
33875,0.2942329600902654
33876,0.9533431837189307
33878,0.7418944147335429
33880,0.8398414276387375
33881,0.3094613392852576
33882,0.2434023680544814
33883,0.42222070386368554
33884,0.3483976355973339
33886,0.15321036942535982
33887,0.44317766784634954
33888,0.6557499758178642
33889,0.5109025465238696
33891,0.05404736788406219
33898,0.9506735595393009
33900,0.6047097468812532
33902,0.8780476013517179
33904,0.39342338448354147
33908,0.44064403441235034
33909,0.4982862551051438
33910,0.7934396624796397
33913,0.22350607861304433
33917,0.4703138988387963
33918,0.23595728822588943
33923,0.935499063649876
33925,0.9949649641311342
33926,0.6212977872714927
33927,0.6721250956087095
33928,0.07890125818510717
33929,0.6999935285105116
33930,0.7980738138745253
33931,0.5458602963347465
33932,0.9497377583963205
33934,0.8542210025078503
33941,0.507416925324616
33943,0.891424326082718
33944,0.8210942998948189
33945,0.2794412985112405
33946,0.44338730279851724
33950,0.8374111113857211
33951,0.2979261899459122
33953,0.9369986596374503
33954,0.3987889208414408
33955,0.9189590341323834
33956,0.3716663321371901
33960,0.034210974382721894
33961,0.4278531389753056
33969,0.8404876842310316
33970,0.4319777150929212
33973,0.9526904253627124
33975,0.6245596665946176
33981,0.5783060303542126
33982,0.2287672141731082
33985,0.9325092288058972
33987,0.6971382370323679
33988,0.7475498954073346
33990,0.590416882445624
33996,0.3710436349087433
33997,0.3241119892865289
34001,0.5372147190828972
34003,0.2912824085327879
34004,0.3083802815102891
34006,0.22323400479582176
34007,0.8114644844971347
34008,0.15476973919655215
34009,0.7413553435358371
34018,0.6640105332320879
34019,0.10640924749879814
34021,0.12639271264032084
34022,0.24866540841554602
34024,0.5931767731140037
34025,0.2137256940336527
34026,0.21245413356904894
34029,0.7837840800176165
34031,0.5464282997004943
34032,0.8310122315653841
34033,0.6433891669793681
34034,0.4086075010360929
34035,0.6742659915621471
34037,0.5258076033552167
34040,0.610657349763042
34041,0.5384879117790448
34042,0.10185949803945722
34044,0.5678884013323856
34045,0.27610979135899216
34047,0.5092245834757531
34048,0.10853232754985472
34053,0.4401371221873327
34056,0.6454435761074552
34058,0.21885292091789108
34060,0.3577701178775886
34062,0.7021369567175044
34063,0.5991322277362507
34065,0.2721683155963223
34068,0.692076731767105
34069,0.8215987722182384
34070,0.18215181162063535
34074,0.6133315088187486
34075,0.917344655815023
34076,0.5348505624421344
34077,0.883092874945152
34078,0.8512871204957106
34079,0.09947634148201528
34080,0.8815740341424948
34083,0.05258959154875784
34084,0.21643463826060896
34085,0.4043466402994735
34087,0.48571360803053376
34088,0.48098739465430507
34091,0.34575704997238194
34093,0.6879801008330237
34094,0.9174676509223102
34096,0.4676694795654234
34098,0.5036440734605806
34106,0.9011707122023368
34109,0.0986310101283335
34110,0.9126178375649949
34112,0.8331326800554885
34114,0.451559388991461
34115,0.059551642267668486
34116,0.15563418523150985
34120,0.47941830384700335
34122,0.2789015238038027
34128,0.8373139390811467
34133,0.025973487566398636
34134,0.5505629319639761
34135,0.4400575499792533
34137,0.6870166115105255
34139,0.7770612426132777
34140,0.23864476395139708
34141,0.5363446334691243
34142,0.25151133281233495
34143,0.8089129564445644
34144,0.8569480912151464
34145,0.8211942408269152
34146,0.5308034706853987
34147,0.9975156907653149
34150,0.08354500413186841
34152,0.7912896302833266
34153,0.3830320465036055
34154,0.475924935892713
34156,0.9642672150668542
34158,0.08105413851836932
34159,0.3170553884286717
34161,0.6295100738526872
34163,0.36506978312121235
34165,0.40129564758811054
34168,0.5112849174662158
34170,0.6027100698113285
34177,0.5002546364627732
34179,0.6448749381060215
34180,0.7998660830789333
34181,0.5521459083045037
34185,0.716285833826341
34186,0.8478804162048315
34188,0.7413889238815249
34191,0.5892604766445642
34193,0.646560731460894
34194,0.32353264837440476
34199,0.9043434157473644
34201,0.2251083356969684
34204,0.5428327035557755
34205,0.2042164142255394
34206,0.8450083711172379
34207,0.011307105093139085
34209,0.9211247085024289
34211,0.9339588075238132
34213,0.6906966010579043
34214,0.538527225595907
34215,0.7937243169350536
34216,0.5729845664731099
34217,0.777683857974629
34220,0.3605976392574437
34221,0.27478149778099276
34222,0.9581708052811104
34224,0.5744807733368271
34228,0.2939943326528241
34230,0.40586242696691305
34233,0.8372919876680548
34234,0.5117529608421544
34235,0.17783036533393703
34238,0.892616513935711
34239,0.6093400251197977
34240,0.6321925185501367
34241,0.6734437852318893
34242,0.7510100378203679
34243,0.16631243490585274
34244,0.1949091929558828
34246,0.27392489592954156
34247,0.9481438600854432
34252,0.8181394045224798
34254,0.12877273114349921
34255,0.7731332148721833
34257,0.3323663850075826
34259,0.3735536658711941
34260,0.29434829447131383
34261,0.054321149896347974
34263,0.4609901421481347
34266,0.10084250031613462
34268,0.7562950226701718
34271,0.3445694989852221
34275,0.5931211498834106
34276,0.21002553485944728
34281,0.49603382871663954
34282,0.2663999346166794
34284,0.6429405262144088
34287,0.38155778226774023
34290,0.36701776076314935
34291,0.7744933922362269
34294,0.6083540747877783
34297,0.48602467244503106
34298,0.3240859397931577
34299,0.7466457301726471
34301,0.5138339816257584
34303,0.8351449001718363
34306,0.4391526119338964
34307,0.5329621948519669
34309,0.7912445905662943
34311,0.5766441722779703
34312,0.3535788852650725
34313,0.8249243384021143
34317,0.7046807814018266
34319,0.7849897157615745
34320,0.692694811107042
34321,0.6584743633407015
34322,0.35668473390919214
34323,0.9531981611613713
34324,0.28503257796726117
34327,0.8420674031180423
34328,0.77516382776456
34329,0.2031890076276384
34330,0.7291750342685503
34333,0.2572358826175606
34334,0.29096497488512146
34335,0.2300874733088284
34336,0.38263981164496796
34338,0.5353773878604328
34339,0.3970428127362863
34341,0.37640197692200045
34344,0.254727912765376
34348,0.6207715299932564
34349,0.04557220999250607
34351,0.526533508167347
34353,0.547390325881182
34355,0.5772022796330262
34356,0.7898147533582743
34360,0.6738620015148963
34363,0.2217816244638006
34365,0.26623072424991673
34366,0.3090174335686332
34370,0.44566514149121117
34372,0.3515225812707836
34373,0.753848594357436
34374,0.4952457513604403
34379,0.6768009380732937
34381,0.629223900990953
34383,0.5817545342780841
34384,0.6282223161659565
34385,0.7129532204138456
34386,0.33638229026362193
34388,0.7109256770297764
34389,0.4231754890744483
34390,0.21644551787849212
34392,0.774817516130975
34393,0.661488556383688
34394,0.6919958150272995
34395,0.10322273827072201
34398,0.37770819582732307
34400,0.681110215090898
34401,0.38468458576151854
34402,0.8132680113987979
34403,0.6805520615536601
34404,0.7173154374070039
34405,0.47911083485457634
34407,0.1185597384875411
34409,0.8047421670013449
34412,0.11697838080607825
34415,0.11861611170908003
34416,0.5815527521396504
34417,0.5484528547729631
34421,0.46232578466684526
34423,0.13574477879972704
34424,0.6029550794713399
34425,0.3248230870025767
34426,0.20925070914844238
34428,0.7074073290571812
34429,0.2468722393851034
34431,0.8557479289657035
34432,0.4157302902938754
34433,0.7355952074558115
34436,0.7338594522126106
34438,0.2285738162889862
34439,0.5966274932089056
34440,0.3676114125568007
34441,0.636094201622778
34442,0.011739562390665955
34443,0.560271071284675
34444,0.49662064297754527
34446,0.4542677429331808
34447,0.044368861089438896
34450,0.35648135377337853
34452,0.4926236137181833
34454,0.7050834925441787
34456,0.17785459541654589
34457,0.7838404146509086
34458,0.5442154668552827
34465,0.6763882451216162
34469,0.6020577209758639
34472,0.5599190678549726
34475,0.3475899351318227
34476,0.4951192450821427
34477,0.6158514713840159
34478,0.5809409740138863
34480,0.7363734255707003
34483,0.18911289039320023
34485,0.303748062710012
34486,0.47332545584526686
34487,0.19592160959556715
34489,0.10262673298514302
34490,0.2070818755967212
34492,0.7962055492663038
34494,0.7249779739060206
34495,0.3358241532111662
34496,0.6064956002372147
34498,0.6907975025866314
34500,0.1531921188787295
34501,0.6782127180757889
34502,0.12770294468081855
34506,0.46945201324991576
34511,0.45869725436885916
34512,0.061461090181134916
34516,0.5961918434864014
34519,0.14195752971924733
34520,0.7865244342472542
34521,0.5066599325789998
34522,0.3106599104754547
34527,0.674454545020948
34528,0.2712696553854189
34529,0.556090907373609
34530,0.1641574654361706
34533,0.18854100249534256
34535,0.806899679891634
34537,0.3863301869423275
34539,0.42640746739820584
34540,0.5222038387409331
34544,0.09102981267646516
34545,0.26395853365516986
34551,0.8362975282771195
34553,0.6133942661554643
34554,0.9188426104774396
34556,0.3818710789171348
34557,0.37187760653430957
34558,0.861924206331983
34560,0.6302314273848901
34561,0.7952274954179056
34563,0.13317688047989087
34565,0.8723199023232818
34567,0.9331422928228212
34568,0.5179665702652869
34570,0.8470911307620292
34571,0.6837372176396236
34572,0.2460299016851345
34573,0.7618918632162722
34574,0.5995973753556233
34578,0.5668768823934656
34579,0.303435780610436
34581,0.7198881688753905
34584,0.35066507189505897
34585,0.3175741462016895
34592,0.24551254524472893
34593,0.2947901128069483
34597,0.5264775084802279
34598,0.6794528745324566
34601,0.8509715298812691
34603,0.307947464853512
34605,0.2277854542359574
34607,0.3252740350448353
34609,0.6008067278609923
34610,0.5159916359958461
34611,0.18088837580060715
34613,0.8078606868154895
34614,0.7509927702026813
34616,0.24501637157303865
34619,0.1894393763407339
34621,0.529039762629913
34623,0.29828307356159606
34626,0.9199371288769849
34628,0.4268135517087316
34629,0.6776980907336347
34635,0.08785275969391855
34636,0.18520069577637366
34637,0.2988471637368264
34638,0.06929239293756016
34639,0.4969646134476689
34641,0.2785898590673797
34642,0.5982170747345819
34643,0.9458132636064726
34644,0.7104174134918555
34645,0.6100415796575194
34646,0.3749850119024782
34647,0.50725756778503
34650,0.9809074031577477
34651,0.859982322742358
34652,0.6696513706795508
34654,0.37746475052900197
34655,0.6227391918819024
34658,0.2280344421688043
34661,0.9382449844447738
34666,0.8090317409961685
34667,0.7307338434220904
34668,0.8737480908120657
34670,0.1624948748541775
34673,0.9309413268604073
34674,0.45241110311437394
34676,0.6897551083766594
34677,0.7323517285845764
34678,0.8991280728088755
34679,0.5662960813200368
34680,0.2557570326454475
34681,0.9592486699137859
34682,0.4136408836252427
34685,0.2856468894801801
34690,0.16893255198150878
34695,0.4556528284918365
34698,0.8209426167758613
34699,0.4676752208281107
34702,0.3701606690951851
34706,0.5999002788292701
34707,0.4048052633922768
34708,0.34433723202957084
34709,0.498337102559166
34712,0.42233804875743247
34715,0.6564927349775784
34716,0.342144567714866
34717,0.5515650246376262
34718,0.8782301175897176
34720,0.526421742867114
34721,0.40455545836937723
34722,0.6437817248650948
34725,0.49460637021914755
34727,0.8613012156870489
34729,0.22313309443392124
34732,0.5646493333681487
34734,0.6884923985321543
34736,0.2971557734024618
34737,0.9727064761906226
34742,0.4877734237794059
34744,0.7609600986394802
34745,0.8247168412811996
34746,0.1513764889845182
34747,0.47878834954605143
34748,0.40595290132378165
34751,0.13371618610571573
34753,0.6273937290632804
34754,0.616829919846732
34756,0.38631073440794067
34757,0.5249736000119835
34760,0.8103947184149061
34761,0.35644575285015223
34765,0.49968304524494195
34766,0.03997550808633509
34767,0.2580495505619024
34768,0.6586401925606534
34769,0.829418179023953
34770,0.2677176020560328
34772,0.5060314209991085
34777,0.5434100320452212
34782,0.3082960605162747
34783,0.6733824639172719
34784,0.12137138485008914
34785,0.35663220163086107
34786,0.36055034436835304
34787,0.059378246731624666
34788,0.4249744610261026
34790,0.487062196366029
34793,0.3434556167413897
34794,0.1434266562663055
34795,0.6137899333251915
34796,0.013271890642752946
34798,0.02374996709239407
34799,0.28239644213481585
34800,0.893788634298259
34801,0.8479222734974732
34802,0.5998451484941274
34804,0.12330946354702166
34805,0.28813480388257706
34806,0.12742486853274898
34807,0.5787149028634265
34810,0.43213561875771805
34820,0.19056631296346127
34822,0.4882811107589279
34827,0.20323319371375922
34829,0.5957437113451937
34831,0.7869738563511665
34833,0.5872290210094133
34836,0.33831381856389
34837,0.7217525798551084
34838,0.773535433811688
34840,0.4811718650876532
34842,0.5745067464857556
34844,0.3775434112597441
34846,0.5333066531845055
34849,0.5055844086170076
34853,0.3392726397019673
34855,0.3640968553353874
34858,0.29565980934097785
34860,0.06823112932237776
34862,0.65700935115194
34864,0.16395480328492354
34865,0.44779077794623096
34867,0.697894016054023
34869,0.39149313705621047
34873,0.6668120605194708
34874,0.4869850970670187
34876,0.7743348111916878
34877,0.5192337629926207
34879,0.22626811882647116
34880,0.5720786828857536
34881,0.7131222947818553
34882,0.6158794981049834
34883,0.2500053762771824
34885,0.6428204603649591
34887,0.5152480654800013
34888,0.3669345080101965
34889,0.47035131094153765
34892,0.3818103460953068
34893,0.5771616016327058
34896,0.49964294829860495
34899,0.6342162702912276
34901,0.6577178981198448
34902,0.391446106934655
34903,0.8485196063919582
34904,0.22394999534847893
34905,0.25346521379258147
34911,0.23441416788375957
34916,0.6942483264060405
34918,0.4274032126224073
34921,0.9460080779956688
34922,0.8914149613549951
34923,0.14155165553421542
34924,0.6634184782740336
34925,0.25265778967254876
34928,0.7621277226950207
34929,0.5387794111708466
34933,0.29030854151524216
34934,0.7263466448260782
34936,0.5836659819095293
34938,0.7844600830356933
34939,0.6709346716202663
34941,0.8517493809636726
34944,0.7287409379215088
34945,0.7121632443381737
34948,0.33365810284195563
34949,0.013342968700895776
34952,0.1117864440444682
34953,0.8461158094161333
34956,0.5615519749333179
34958,0.29543938315201207
34962,0.5607342203250534
34963,0.4471157275136552
34964,0.25615676993346187
34965,0.21364994873424092
34966,0.2722925539069777
34967,0.588294233580259
34970,0.26834807551679546
34971,0.04107836217143233
34973,0.7460749791856183
34975,0.35801706057381927
34977,0.2039598286417932
34979,0.12217378364398891
34982,0.5002730514506037
34983,0.35102347156854574
34986,0.6441199335518445
34990,0.17934676802576507
34993,0.7409231299208177
34994,0.6687041240556838
34996,0.3648015070494276
34999,0.6272488064439409
35000,0.4678738601578463
35001,0.20558603307108184
35004,0.40645890536622653
35005,0.37533340267703386
35008,0.427271421897582
35009,0.5291518454866255
35011,0.7000351253821985
35013,0.24800401384478618
35016,0.6869427275033326
35019,0.5853243423046239
35021,0.03435583359698804
35022,0.2738133405289984
35023,0.3457849548549337
35024,0.7392618893616291
35025,0.4751803647920125
35028,0.8502654658027428
35030,0.44254327027454826
35032,0.2176136137288944
35033,0.5179861344976863
35035,0.31572369013209284
35037,0.5819981398796478
35038,0.9205779307810915
35039,0.5018631810126393
35042,0.5907295850938835
35046,0.5631985630092965
35048,0.23436075293650308
35049,0.09691163392141289
35055,0.9222921284450052
35056,0.762537441232642
35061,0.6168929337641853
35064,0.6393017482519857
35065,0.2127179670470474
35069,0.5466720929430369
35071,0.8300357522618631
35076,0.6932353180465595
35078,0.8949536469873315
35080,0.4760195658294655
35083,0.3966980525755896
35084,0.6700481385644182
35085,0.7082074393495181
35092,0.056137386956717036
35093,0.7199868345723299
35094,0.9260745824683867
35095,0.3147920295525487
35098,0.48312944658602575
35099,0.5960029826115306
35100,0.6770603135528023
35102,0.7998459347121513
35107,0.5348320733660153
35109,0.86720557012121
35112,0.5275990454679558
35115,0.4896434948620239
35117,0.42556708817126854
35122,0.22339445560380833
35125,0.4700490953343873
35128,0.24398242246520452
35129,0.5399820509293443
35131,0.2456732186052978
35132,0.19443991841187724
35133,0.5959311426221063
35137,0.6399066908560437
35140,0.13222314282060102
35142,0.5703500856056511
35144,0.41739741165719146
35146,0.18411631486242813
35148,0.8501607883076352
35150,0.29508082007419206
35152,0.09847304651300791
35154,0.20457200167916054
35156,0.09208810984536726
35159,0.3596831294436937
35160,0.8396697473506477
35161,0.6113020564572094
35162,0.697505749168743
35165,0.40121831012750536
35167,0.895109067721834
35169,0.48004578634556067
35172,0.5414762692099356
35176,0.35709427472144456
35179,0.3713662877893388
35180,0.4321542175789706
35181,0.07572806306062116
35182,0.18326044777828707
35185,0.7117198234427893
35188,0.8402977614928394
35189,0.5092666873156476
35191,0.45701380951214826
35192,0.25604542786341633
35194,0.5944322751455839
35197,0.5105501635302111
35198,0.4890647047710532
35199,0.4642464791617506
35200,0.7199591001605579
35203,0.1201518663037638
35204,0.5898166518969027
35206,0.763503066852224
35208,0.2863754964880005
35211,0.49145372511547014
35213,0.16219002175658107
35216,0.8803513722792357
35217,0.8752159061673355
35218,0.5542362013962825
35221,0.2948861311102454
35224,0.15024291388921518
35227,0.8699610584358705
35231,0.4286236078731363
35232,0.9191578432437442
35233,0.3121500235985484
35236,0.4632219524828618
35237,0.9734897158797352
35240,0.625000354060364
35241,0.20653050365302988
35242,0.6615148361018889
35244,0.23707716387378805
35245,0.7730328766743203
35246,0.3671849953187124
35247,0.29697522413495525
35248,0.4505524011803876
35249,0.698951647804385
35251,0.6559674029388202
35252,0.7758074735170479
35253,0.625772455450349
35254,0.22868295454522877
35255,0.4086560540452133
35258,0.7541463242161132
35259,0.320513825830086
35262,0.17586267800387945
35263,0.9727231574750204
35264,0.32946143383118137
35265,0.6403926576714514
35267,0.5720788222187316
35269,0.6758129212997757
35270,0.5323915881623418
35273,0.5964909643486256
35274,0.49665585758334474
35275,0.3527356422680931
35276,0.28960999029819035
35277,0.4306001269219007
35278,0.6466508802937304
35281,0.5566665375076576
35286,0.3664061917431348
35287,0.37297601347617626
35289,0.890901612787951
35291,0.14713581014892796
35292,0.8455873407142884
35293,0.5699713209381915
35294,0.8056695643392846
35295,0.5207767047888576
35296,0.6413889663728007
35297,0.35143532765712765
35298,0.6068493214937077
35299,0.6882677204549495
35301,0.5364897670656443
35302,0.47579927131935057
35303,0.6447709982185401
35305,0.795323357290831
35306,0.6822218967752114
35307,0.8822759171037607
35308,0.30581653089224137
35309,0.3817816170657845
35310,0.5515803795879318
35311,0.1208452934434543
35312,0.5676584384116798
35314,0.7687247381124767
35315,0.42689987554425735
35320,0.7880717190294818
35321,0.5644774190101205
35324,0.8866892474892137
35327,0.07138103671180226
35330,0.060020605597154573
35332,0.5100826675012785
35333,0.8101368650410671
35335,0.45526499916148155
35337,0.2802878341381225
35339,0.557077786587522
35341,0.11486851215318233
35348,0.19349312414884584
35349,0.799642883475579
35351,0.791674327787088
35352,0.8483859443445264
35353,0.5946259296934764
35354,0.4450457909385956
35358,0.8310414641637014
35359,0.10519774719051755
35361,0.5634341258298233
35364,0.25647907428337896
35365,0.6630700486037636
35370,0.4025227616624943
35375,0.5334162047181877
35378,0.2738235368424001
35381,0.3248238363796949
35385,0.5952470362349374
35386,0.4490031171921
35387,0.5945109362661454
35390,0.9506409876954066
35391,0.3503137752977788
35393,0.8761954701240904
35397,0.6418397977990767
35398,0.5474091958723233
35400,0.5222461921714819
35406,0.3483095975596895
35407,0.7455290659371286
35408,0.2648540898424529
35411,0.280978005377478
35414,0.5585154133007725
35418,0.6802601186092138
35419,0.3451137377849746
35421,0.46096645890100096
35422,0.932079144736873
35423,0.7613093826322248
35428,0.7976842066412952
35429,0.2070815170499615
35431,0.679923549678667
35433,0.11951895173179339
35434,0.17450521118525542
35435,0.6992050481697774
35437,0.48889604247673457
35441,0.6460995112014998
35442,0.6184538493623251
35443,0.4657119958693915
35450,0.24788249277093294
35451,0.5158682279907281
35455,0.7264477314285133
35456,0.450739931336794
35457,0.6805732591783844
35459,0.8832806373256721
35464,0.10690967603879295
35465,0.9060796528146785
35470,0.9061124492878804
35471,0.27621470909064627
35472,0.23126749331710703
35474,0.2827814858317341
35475,0.664636688476039
35477,0.16520174796111536
35483,0.905072956357678
35484,0.6315476247452753
35486,0.47066334470808385
35488,0.6389568240810624
35489,0.8106425864151166
35490,0.44335411273737374
35491,0.8896103696197063
35492,0.43477755569562626
35493,0.9337219125940914
35494,0.29411594030048477
35496,0.4881628192686536
35499,0.8499324838370603
35500,0.36496772105624664
35501,0.5811977257134634
35502,0.3169483383786351
35503,0.510177779715667
35504,0.1917286539930998
35505,0.9254965719749068
35506,0.8648236178417182
35508,0.1848640968584812
35509,0.6402904174027327
35510,0.7087454039427294
35513,0.4099253011968482
35514,0.4214880916808111
35515,0.6426217073364051
35517,0.5161486943898788
35518,0.7103450898953407
35519,0.3966304777991036
35522,0.7608029488246164
35523,0.2984525923121885
35524,0.5928424881389572
35525,0.8255871422041026
35526,0.4826332463363695
35529,0.6667042581842132
35531,0.5470804733346146
35532,0.6551314569390844
35533,0.2997408263326442
35535,0.4068039770614684
35536,0.8807510479698102
35539,0.21749369004439403
35541,0.5994196575521379
35543,0.879527887103472
35545,0.4294884603184717
35546,0.7239900876782874
35547,0.3087525012610147
35548,0.6620958936985979
35549,0.381487005367938
35550,0.5927562694137923
35551,0.6749368002147251
35552,0.15354276865372243
35553,0.6451023047980665
35556,0.7199384698155078
35557,0.24976360289741106
35558,0.6418028236379126
35559,0.15554865307334723
35563,0.7987060046076335
35564,0.7174908563258015
35571,0.2906388271944528
35573,0.6633356128783232
35578,0.5756296639794339
35581,0.5491075462916983
35583,0.49023425742914045
35585,0.566773638996154
35587,0.5275568291056124
35588,0.7317392389585724
35590,0.8202388537600295
35592,0.48558891507911495
35593,0.33946326662376325
35595,0.19067882497240485
35598,0.16836477722816787
35599,0.42334067009725945
35600,0.9018903025354583
35602,0.13179681164065846
35604,0.41279897690364925
35605,0.37281676533386354
35606,0.8848785189513697
35607,0.45006253953819764
35608,0.10882340672909055
35610,0.41111182990733214
35611,0.38249236207682275
35612,0.22039368727394232
35613,0.55259932062687
35616,0.5506762284639629
35617,0.1337060518991369
35618,0.8197328758662814
35620,0.4318827236776252
35622,0.3807653193663564
35624,0.38570787970345144
35626,0.3888196973996285
35628,0.5589725428108531
35630,0.747608288548774
35632,0.7751929206674598
35634,0.21694764883978535
35635,0.1258814501517892
35636,0.7016839561222789
35637,0.7805462868983293
35638,0.9335937003011289
35639,0.49860850206591767
35642,0.5245943336197854
35643,0.5776690775981351
35644,0.3344509681523764
35645,0.14189829493869505
35647,0.6747143737940209
35648,0.6593902491612587
35649,0.8620276047972106
35650,0.6323502693943043
35651,0.9150321833037237
35653,0.432224122806834
35655,0.5996233171138298
35657,0.5519979083286052
35658,0.35887846598815043
35659,0.8994450505818242
35661,0.9322969279737987
35667,0.8318456693547762
35670,0.2989474868558191
35671,0.276095801715477
35672,0.5438077637298133
35673,0.5886268909940559
35675,0.79455043061743
35679,0.4970578862180973
35680,0.14902464406462665
35682,0.6049572717940203
35683,0.5201352950012047
35687,0.4894747310424979
35688,0.6162659378598938
35689,0.19344534482624695
35691,0.28794047035078235
35693,0.4822467893187363
35694,0.20109266077302423
35697,0.04192479664880271
35700,0.3953724602095017
35702,0.39463161886927345
35703,0.8930451864509925
35704,0.6787307518197216
35706,0.3190180827824806
35707,0.2103352155846865
35708,0.558873766589683
35709,0.48129554145639575
35710,0.5158121622701007
35712,0.3585560230910937
35714,0.3100958058241782
35715,0.08937753311189713
35717,0.5390869170514152
35719,0.11847262835569496
35720,0.6017263512799187
35721,0.5238163967704677
35723,0.15977153961578214
35724,0.46503135657689204
35725,0.554077548783806
35729,0.5881914121373354
35732,0.4785164665286345
35735,0.4108507732172781
35736,0.5054171129207531
35738,0.7086921850261141
35745,0.25492152775798366
35746,0.5528938085196434
35749,0.3761097430669462
35750,0.5042407698632445
35756,0.8931763498997247
35758,0.3037714126208033
35760,0.3382736418833328
35761,0.9587168921658941
35762,0.6002516995511744
35767,0.3981074355123349
35768,0.6393675689058479
35771,0.15911164780188977
35772,0.6877030033073988
35773,0.8263719922112079
35774,0.9002295742952182
35775,0.4888552912829498
35776,0.6278162234922363
35779,0.20308051549474357
35782,0.8601662897660554
35784,0.4015167780455862
35785,0.16669797266415312
35788,0.5810657686276225
35792,0.807154337839317
35794,0.05641439909834171
35796,0.21984791802707054
35799,0.08812309049432375
35804,0.471887377113248
35805,0.39797204172534634
35807,0.7610638866521124
35808,0.5007323630456152
35809,0.46845392970069755
35810,0.79043238643346
35812,0.027192283586814258
35813,0.6947536289669501
35814,0.4792854383066877
35817,0.2943512260968785
35818,0.8720070472425318
35820,0.20558915290036844
35822,0.45462867417084046
35823,0.5530576576415379
35825,0.6942774415834989
35827,0.4833723853082865
35828,0.057779974844523956
35831,0.666192145973503
35833,0.8125947190205267
35836,0.9149997922325028
35837,0.8335287743118467
35838,0.6953524056349035
35839,0.4722731385083765
35840,0.3336857397614337
35842,0.3866602299195505
35844,0.8599130193252092
35847,0.3007338273087147
35851,0.8399201056190774
35852,0.3745226931395382
35856,0.5395708255605397
35858,0.29409711418713985
35859,0.27766786926561443
35860,0.7305307346651954
35861,0.6255248499409101
35863,0.506075883254977
35866,0.8436374957474119
35867,0.32820001740394544
35871,0.7293115937975572
35873,0.6736970683753404
35878,0.27807228853880595
35880,0.5717179976286741
35883,0.3283682548428274
35885,0.7156075289651288
35886,0.19321063350178158
35887,0.669326992968689
35888,0.6979578399296221
35889,0.42060457359995845
35890,0.8264584755237099
35892,0.24884998970441488
35894,0.05688608031763895
35896,0.3251403264349878
35897,0.9333769539300555
35898,0.028443294806212376
35899,0.3720031856363952
35902,0.42795931629427175
35903,0.11726377872498141
35905,0.8559603373980058
35906,0.22631335645944653
35907,0.8455094853796331
35908,0.699712348873545
35910,0.21185166778140313
35913,0.6005191141688268
35914,0.4636056353306271
35915,0.7840591950745263
35916,0.8155634194396392
35917,0.9191649225640846
35918,0.20930553584701087
35919,0.5200836415417327
35920,0.6604581823791642
35926,0.21217846353494457
35927,0.4305630501027
35931,0.7708133063254496
35932,0.3478898180190296
35939,0.5069408485832297
35940,0.5189081500581892
35941,0.8368635616204407
35942,0.7931585463232037
35944,0.25894748521782784
35945,0.07928991446027248
35946,0.34460025085462287
35947,0.7003607191421989
35948,0.8291254652029953
35949,0.35347045963319135
35951,0.4581226239761123
35952,0.7171894564607512
35954,0.5448385181564789
35956,0.8347199667288528
35957,0.8140770021619961
35958,0.7617938209131805
35962,0.4531397056594996
35963,0.774653238240503
35965,0.6609277147948063
35968,0.5553139374420334
35969,0.5659207268037606
35970,0.7194161255448823
35972,0.39814651000519435
35973,0.42492778156736305
35976,0.5555824513990062
35977,0.7045831626846611
35978,0.7720952481956718
35983,0.6841421731945702
35984,0.6068216034490892
35986,0.2031543658472221
35989,0.1905486118661434
35990,0.6688552264955293
35991,0.6922245528974353
35992,0.2923350285919309
35994,0.6324204297667771
35996,0.3126579512408615
36000,0.4509888823943879
36002,0.3873081405426874
36003,0.2961196034401363
36004,0.8744717608918587
36007,0.6667897456033232
36014,0.21353999868262782
36015,0.768593946761059
36016,0.33646882467689476
36017,0.42354766026588114
36018,0.5340386528273623
36019,0.940942584880751
36020,0.2711548336032026
36021,0.5144646390002653
36022,0.28937000979372196
36026,0.8977667050513485
36027,0.03740721394114085
36029,0.1607033563321389
36030,0.6450604242385076
36032,0.5481922223183608
36037,0.8854639537099441
36038,0.4536256899677702
36039,0.519423012319799
36040,0.12628062920023783
36041,0.898892425793243
36043,0.6669137372228963
36044,0.5577588068117708
36049,0.20527637842622784
36051,0.895336953108442
36052,0.2481770791451319
36053,0.2026759674500503
36054,0.2805443229660471
36055,0.8124561601977909
36060,0.5766438887598029
36062,0.7855170970347781
36063,0.5870452352581587
36064,0.3582825279227581
36066,0.8542629610811371
36067,0.593227302537472
36069,0.8354261866007079
36072,0.7290771268149376
36074,0.7683299602066598
36075,0.6340652090230345
36076,0.0935085989705091
36077,0.3976173066108211
36078,0.32981364988159406
36079,0.26861949962569753
36080,0.6299163697205736
36081,0.6068257600080956
36084,0.6969222308896268
36086,0.5396568671131858
36087,0.8802501815085707
36088,0.827359788101718
36090,0.4256547864362809
36091,0.7202275231894565
36094,0.5069111332056375
36095,0.7611466542954997
36096,0.20572196031639553
36098,0.18333303917013102
36099,0.5926146196086538
36104,0.9136934152059315
36105,0.4666849055677126
36108,0.6462551071832446
36109,0.8403547982077506
36110,0.7573010079894857
36111,0.7546800195862832
36113,0.17165241738818557
36115,0.03122168653522921
36118,0.3563119898404929
36122,0.8322231652919667
36124,0.14572927287498683
36126,0.17281024222313918
36128,0.6106847222194665
36130,0.33987746473675673
36131,0.19919385578855708
36135,0.12627448336581473
36136,0.6011384570928567
36137,0.5536343723662029
36140,0.09265327268514664
36142,0.10678593559946795
36144,0.37323085504567316
36149,0.8175784032886213
36159,0.4891621286443803
36160,0.43436622786818124
36162,0.5441317415678247
36163,0.5237610254369087
36164,0.3159231392437782
36166,0.14906974684451496
36167,0.2575195204337555
36172,0.34590625359856114
36173,0.29658087828891744
36174,0.6438677089346893
36175,0.6342780367349294
36176,0.828892660675284
36182,0.9061939576375473
36184,0.44174219042244944
36185,0.7637092291099817
36186,0.8054382184828511
36187,0.39383416873149135
36188,0.5187291444232046
36190,0.3183107414602374
36195,0.8565769236864439
36196,0.7533970264829646
36201,0.7542806039042674
36202,0.35584445569053175
36203,0.40600593230679155
36204,0.8862302971185333
36205,0.48222410540954436
36206,0.7945359520094732
36208,0.7142883910397136
36210,0.15519542472411776
36212,0.7365448779903057
36214,0.4157074856532286
36216,0.5102577857827396
36218,0.17556218205603408
36219,0.39008833889197325
36222,0.6840878809179185
36223,0.18319679845927367
36227,0.8295603215865902
36228,0.8541986050055406
36229,0.44140426235597663
36232,0.12394273471528068
36233,0.5960984100944092
36234,0.49623486865129346
36235,0.3551447764544507
36236,0.7393762176084323
36237,0.8435123294869973
36240,0.5046958060971092
36241,0.4624028303931677
36247,0.10558594082754931
36249,0.7706262219003368
36250,0.8432599008514524
36252,0.7326480298617434
36254,0.18362741676024041
36255,0.4498598185224761
36259,0.19128797738872122
36260,0.7213483352857804
36263,0.9620160508687812
36264,0.36453558691480303
36272,0.8793091105144143
36273,0.48380149753254653
36274,0.5533589655901832
36278,0.1344867992373535
36281,0.5430977695229774
36282,0.5340545612590598
36283,0.7367441137067661
36289,0.8669655969561006
36292,0.123254928017353
36293,0.6596116944412906
36294,0.6774436227195895
36295,0.23827845349017196
36296,0.8591122867504136
36302,0.9528604809299406
36305,0.4017835921467484
36306,0.351013336241237
36312,0.7154754798286459
36315,0.8684555660997832
36320,0.2898531236346315
36321,0.3319180125484757
36322,0.2746585628308925
36323,0.6986903698792319
36325,0.2525833386937308
36326,0.3725945793890625
36328,0.9166393030871468
36336,0.37351210697572385
36339,0.33423130321495675
36343,0.2070224625380929
36344,0.639253294978102
36346,0.9519075958748007
36347,0.32796759693131833
36349,0.623437441053291
36352,0.10421310868214025
36353,0.22491616199497483
36354,0.5450548604353728
36356,0.5985422505793679
36357,0.8362644718663932
36360,0.7438177413236909
36361,0.8236845189210379
36362,0.28984705402078575
36363,0.506485717003529
36364,0.3909955037546592
36368,0.17166183355279732
36369,0.3948186801179124
36371,0.6422059867718076
36372,0.4016723112591184
36374,0.3585631246471319
36381,0.8610984538537721
36383,0.48806115424371466
36384,0.8463259155372486
36385,0.27038169502536724
36386,0.7637379075784375
36388,0.5040194590440176
36389,0.8536233782354119
36392,0.5230390599973347
36393,0.6428655948498729
36394,0.43606119456011805
36395,0.1499803733483357
36397,0.46697359158916896
36399,0.9057897359107487
36401,0.5959894911459562
36406,0.19294729995701107
36410,0.7682637122842948
36411,0.7601706183859108
36412,0.3945355361237369
36413,0.5131847765057763
36416,0.4074301180257991
36418,0.41101596426443154
36420,0.6856889702162917
36422,0.6636258554647163
36423,0.8862303415244216
36425,0.7940540578184955
36426,0.6796601306912513
36427,0.5566191916998935
36429,0.6735535091659629
36431,0.49399872913300297
36432,0.9782818327841978
36433,0.3844092783903974
36434,0.4896139079476832
36435,0.5432316080239491
36438,0.04226339839129525
36439,0.8731514222262331
36441,0.37738636392512354
36445,0.42854394636108595
36448,0.8412978969628154
36450,0.1494801816349787
36454,0.12257434799743806
36455,0.5879870706920101
36456,0.27532263994992107
36457,0.47367249433543956
36459,0.786709460723827
36462,0.6780878933388397
36465,0.4092687446344408
36466,0.17021003832344245
36468,0.2924115230037961
36469,0.4926707720539049
36470,0.12463118281605856
36474,0.5229334034918242
36476,0.2919239675476313
36477,0.7836345819035231
36480,0.05096163734173786
36482,0.707244943821852
36485,0.6767564283308627
36488,0.7511448006236968
36489,0.6019373551449746
36490,0.27690671560374136
36491,0.30442048785901143
36492,0.835104765803228
36497,0.718465516584961
36500,0.9483662103810909
36502,0.4301226197920915
36505,0.28908120206143156
36506,0.24306441762187128
36507,0.23487931588553598
36509,0.6685704564819474
36511,0.47281542670022303
36513,0.15172490060320015
36516,0.8947584240052392
36519,0.3382636103534458
36521,0.5244746044812059
36523,0.7511241917819818
36526,0.13172919252981566
36528,0.3445886051795237
36529,0.31904116100620067
36533,0.5292308489279278
36534,0.5852436045528301
36539,0.5394322692177861
36540,0.9118783168497978
36542,0.8215098215380267
36544,0.6128800961424961
36545,0.5348809230047528
36548,0.24135324870212685
36552,0.7109514837794036
36555,0.8517157572082283
36557,0.8657549273148545
36558,0.5751328834386467
36561,0.3828541656250148
36563,0.15703383090574558
36564,0.3575839264879699
36566,0.6014185666504301
36568,0.36296882156978105
36569,0.38723170341094637
36570,0.36712748603377704
36571,0.4689216791839301
36572,0.7419069676748671
36575,0.7710496225739442
36577,0.6756382912883653
36578,0.45740215795710515
36582,0.30768698197134325
36584,0.1784986974557916
36585,0.887689302384956
36586,0.9198610564727311
36587,0.5392517020259554
36592,0.6661788379900041
36593,0.7742215580294896
36596,0.356601660001595
36598,0.1887525126708415
36602,0.8315685704202714
36603,0.06192064805712159
36604,0.49772601928319643
36605,0.6760601886135424
36606,0.21973448662792797
36608,0.07727445498382672
36609,0.6627105646548732
36611,0.5799393413685372
36612,0.5855717971502117
36613,0.41454325872513403
36615,0.3612807261918116
36617,0.5133871028565278
36619,0.4124336143001071
36622,0.7756807116340296
36623,0.1507323249859143
36629,0.49635186531352044
36630,0.1981684994040423
36631,0.5783041215937719
36633,0.2526056263380788
36634,0.5249498852520419
36635,0.3244520054365956
36636,0.4222842256962163
36638,0.8833090651015113
36640,0.09279518807010251
36646,0.6126421267295286
36647,0.40320212212946693
36648,0.4196211915591793
36649,0.20087679262693503
36650,0.4195539242586147
36652,0.35361874561572004
36654,0.35525970154135117
36655,0.1129582409129873
36658,0.2618679623494799
36659,0.8506089036714636
36660,0.22029186946549997
36662,0.24049809973797157
36664,0.432079876839627
36665,0.09985644373733825
36669,0.44838042968801767
36670,0.35256293570142144
36671,0.5547206155948798
36672,0.3805917896970678
36673,0.5051372813459905
36676,0.5929193099055209
36677,0.09375301902206702
36678,0.5504364055041976
36682,0.6560607643402042
36684,0.29037126013610043
36686,0.22745905279783715
36687,0.561454988866888
36690,0.556425039102181
36691,0.6477008868146847
36692,0.390319557037973
36693,0.7765933140292401
36695,0.21465525948494582
36696,0.7235196560809453
36698,0.8786897327940113
36701,0.37079158333594986
36703,0.6206394737184223
36704,0.5982879962615146
36712,0.33704629289666516
36715,0.9427182715207069
36716,0.6906761041018538
36718,0.33839715169314566
36719,0.3980357753762201
36722,0.5546069345958802
36723,0.8425764533416117
36724,0.3965864853971223
36725,0.4262823063836528
36726,0.35173590633864754
36727,0.2576820902993025
36728,0.402130652575716
36730,0.476555583698672
36735,0.3214326185740607
36739,0.3676996805587975
36740,0.4129512636743415
36743,0.2490466654232025
36746,0.3052017099602667
36749,0.4379324407302056
36753,0.2312199637567386
36754,0.5106404209378553
36758,0.5125529129246857
36759,0.44625634565949746
36760,0.4057490427348057
36761,0.19419746003922167
36762,0.2313112096415035
36763,0.7014157500093133
36764,0.6947326522618517
36765,0.15897506137469103
36766,0.7919808076129258
36769,0.43931010453369296
36770,0.6194338847829998
36772,0.2233782471037618
36773,0.5783750228252043
36774,0.12048931589266632
36776,0.6305371020629829
36779,0.49502564224567597
36780,0.628886216172078
36782,0.942932911534658
36783,0.15787729439934942
36784,0.27078213293497494
36785,0.8873428590065908
36788,0.526841284913128
36789,0.38021251862570865
36790,0.19096826900491315
36792,0.13433985513945035
36794,0.6352381619053524
36798,0.24586134597629872
36802,0.11312116216258118
36803,0.6937036356838371
36804,0.8412598721019301
36805,0.467216139151056
36809,0.7283548059158687
36811,0.6946334587994442
36812,0.6696305052413167
36816,0.5128478369101447
36818,0.49879782288158475
36819,0.4278652910820169
36821,0.6837405055179088
36823,0.8546846848562538
36825,0.05846522912331513
36827,0.7147258339207894
36830,0.3781573875308706
36831,0.7397295517033682
36832,0.4796651218613856
36833,0.3507295234846975
36834,0.6610220657101258
36836,0.21879609181733747
36837,0.8271268562015375
36838,0.772162270726547
36839,0.7799852090196845
36841,0.8527627597576315
36842,0.2397600818564207
36846,0.36427669232374693
36850,0.734252185253253
36852,0.6605433349102884
36854,0.8003101749474384
36855,0.44018149902234255
36856,0.2527862559969646
36857,0.21959764409293145
36860,0.686144648650566
36861,0.4348210946900005
36863,0.2726115206014049
36864,0.3269054486894289
36866,0.3664267637203057
36867,0.690268988717911
36871,0.8429273888330505
36872,0.02175136965156153
36874,0.36770054412338476
36875,0.658653402637399
36876,0.5659756618115117
36877,0.326662772872063
36882,0.8140976314129589
36884,0.5466328798436799
36885,0.5335268955918422
36886,0.8959383417055586
36889,0.6414654767618557
36892,0.07316785538810082
36893,0.6823281106816665
36895,0.34562893885953794
36896,0.53807421353981
36897,0.3316985162818858
36898,0.8645364910282038
36899,0.6840595432808356
36900,0.908094432422519
36901,0.5924743454728084
36906,0.4420377335142186
36907,0.33142686767559393
36913,0.48900600756013574
36916,0.2364520527126079
36919,0.7249395603751962
36921,0.5356867205579919
36923,0.691858111943382
36924,0.01779332440138621
36925,0.3692716126077209
36927,0.3882643226388702
36928,0.4619301565265
36930,0.34701291540582485
36932,0.4517768630230797
36934,0.14581592018907194
36936,0.8085015177075909
36938,0.7729600369298336
36939,0.21731792270240746
36940,0.6781652783571278
36941,0.40362119130601554
36942,0.23228404068518135
36945,0.770952733803348
36946,0.1788876730949597
36948,0.28840153641797905
36949,0.5065441534233293
36950,0.30406577834915516
36951,0.9459037101708263
36952,0.7091799389580213
36958,0.7268773918014064
36959,0.9519381789393642
36960,0.7694497239315249
36962,0.6191863137075709
36963,0.9121869801589012
36968,0.45481788687075947
36970,0.7959195479163232
36972,0.13169537085929509
36973,0.7646806067620975
36975,0.3026027870553744
36977,0.7132398818967928
36978,0.3683812993452854
36982,0.39411331102468006
36983,0.7904331966786501
36984,0.8456354696032601
36988,0.6006234192762662
36992,0.39792948846718773
36995,0.9062344494025171
36997,0.49484334575793265
36999,0.6551835314935869
37001,0.8058197509261529
37002,0.09716753737578344
37005,0.4801680728916849
37006,0.773693920689499
37009,0.32224808633688906
37010,0.38373423791499583
37012,0.7957798022084918
37015,0.28470188965873255
37016,0.255485072349137
37017,0.610374878868309
37019,0.3841349480761449
37020,0.10968181860277926
37021,0.9381365663429656
37023,0.5318681124354593
37026,0.3188008727298602
37028,0.3615649244969885
37031,0.016213815221496508
37035,0.641536568648563
37036,0.5925234730726663
37039,0.6776430328788394
37045,0.3420027121716212
37046,0.17529697351379694
37048,0.4119676341404101
37051,0.46571102056187264
37054,0.22647580712241827
37057,0.6952529704315543
37061,0.8201421878312006
37062,0.5320861816831282
37063,0.6713034805635261
37064,0.6042127277919395
37065,0.5199409781367398
37067,0.6389984456657729
37068,0.45087878801696996
37069,0.6269118993609974
37071,0.9016507744411212
37072,0.42193937894418493
37075,0.3907689115484322
37076,0.519774240650564
37077,0.8864868555934122
37079,0.22298733534075482
37081,0.7262196694785112
37082,0.21004441193401044
37083,0.33148180913573855
37084,0.4039106061495982
37088,0.38469704511405955
37089,0.7880940652363714
37092,0.8003411936302232
37093,0.5385542867767468
37096,0.07998545204926213
37097,0.511241695059784
37098,0.13799763190367542
37099,0.20216667371747235
37100,0.7619889292295235
37103,0.4428418262947843
37105,0.5149860276782117
37106,0.6515594716854879
37108,0.550045298137818
37109,0.6435171495515559
37111,0.3997377843578869
37113,0.5581199759128987
37114,0.33569466301719086
37115,0.5371573907246839
37116,0.4247404669392642
37117,0.4517010578669371
37118,0.7820402225339195
37123,0.16102278377601717
37126,0.7521344549131559
37133,0.6801403294669115
37134,0.9589946079759479
37135,0.8839235466777035
37139,0.5710817008482193
37140,0.821626384462431
37144,0.5611721389198732
37145,0.48944568158107
37147,0.11745915179713215
37150,0.18872774068001497
37151,0.25854722464159474
37152,0.8658357579926128
37153,0.026196243664294627
37154,0.6541925706209065
37155,0.5816374544660934
37156,0.46301406378519855
37157,0.5148361846419935
37158,0.9657304706272586
37159,0.979540453598405
37160,0.08575995159000525
37164,0.1940685457269888
37166,0.8687592645009709
37169,0.7506958393689273
37171,0.6019466243596907
37172,0.1720261222009667
37173,0.1882755649700622
37175,0.30556977404180713
37177,0.6443394604330218
37182,0.34150752070702906
37184,0.6647629612357815
37185,0.6949939904474773
37186,0.15143749360722775
37191,0.41510095990958734
37194,0.6433900840452432
37195,0.14249045974681432
37197,0.3716984471509558
37202,0.934389840281599
37205,0.419932405924944
37207,0.540327474601545
37208,0.5510746766233753
37209,0.3247802462004319
37210,0.4619055177224058
37212,0.5920457635157359
37213,0.5118642020887837
37216,0.3808386116992302
37217,0.6788540825603104
37218,0.3120527038174488
37220,0.7613263645802646
37222,0.22439308145025383
37224,0.06577666547501744
37228,0.70042541957431
37230,0.22650408203190686
37234,0.542990007696009
37235,0.8746131608293815
37237,0.5991112802581048
37239,0.26870483287934877
37241,0.49276605009497354
37244,0.40461189338176906
37245,0.3350860702772458
37247,0.33589278528692046
37249,0.5606462118633516
37254,0.9268519055058513
37256,0.5199375738147168
37259,0.5028701500131186
37260,0.8320617079519035
37263,0.7497646799051324
37264,0.41758367788598316
37265,0.4884988760352075
37266,0.7255173670352472
37269,0.17133983875890507
37271,0.35855073809955335
37272,0.7496428706450425
37282,0.9391792737406315
37283,0.5585282560768079
37284,0.3069248907572412
37289,0.2624711852825578
37290,0.21702418108997798
37292,0.8042952491536526
37293,0.6098960266918427
37294,0.805022305210623
37295,0.40786462908740595
37296,0.15998170068113304
37300,0.4171313723663284
37301,0.4613701667958928
37304,0.8641702507646448
37308,0.3682310904305753
37310,0.9376785144229202
37312,0.6915539239725008
37313,0.6963609815117373
37317,0.10792645480164653
37319,0.6221729193932882
37320,0.3973306841980398
37322,0.5240577031801574
37325,0.3509854603317072
37327,0.4304125137109984
37328,0.7073898704061375
37332,0.33746942146870057
37335,0.645982007908593
37336,0.7596267980382317
37337,0.5123503394743085
37338,0.2738604994743576
37340,0.3360787632692097
37341,0.6011500177230705
37342,0.644458703992173
37344,0.39051483544180643
37345,0.7669072521324065
37346,0.5897385285433241
37347,0.5863281193088983
37348,0.16344904795877024
37349,0.8578512857809912
37350,0.15200896326472277
37353,0.4188470053350552
37355,0.24860743668261412
37356,0.5347594411026184
37358,0.3875149121187851
37359,0.4959034283669283
37360,0.6549464482099513
37361,0.5029920764382144
37363,0.49047660042134367
37365,0.17302655159152466
37366,0.46825902272232783
37368,0.46946277250483176
37369,0.21864747982438953
37370,0.456552300537523
37373,0.6367730880078764
37374,0.8769464687575137
37377,0.5240407805816814
37386,0.43167694089033765
37388,0.7024756268542304
37390,0.6041021734934938
37394,0.7141655748563878
37396,0.8163962653319086
37399,0.30790845137396416
37400,0.942306413573611
37402,0.4358200605688104
37403,0.8414879980484692
37404,0.3901044078062783
37405,0.5670995567961737
37406,0.7723514151032889
37407,0.7584201997785288
37408,0.4971195277297359
37409,0.27135282596511884
37410,0.7361191501786383
37412,0.8979719271479679
37413,0.18831272849746636
37415,0.5080207904520188
37418,0.37235059103589163
37421,0.32555935445551165
37423,0.6858879394125248
37424,0.21244792857899022
37425,0.4707823985114789
37427,0.7978793792678402
37429,0.4800784492511887
37431,0.6895342296648088
37433,0.9170679041196184
37437,0.2205816366322245
37438,0.1970760427500866
37439,0.526871543578937
37440,0.7296029554737195
37442,0.5950906233241507
37443,0.7425361002844652
37444,0.8073744427547549
37447,0.6187501303450967
37450,0.783129219444682
37451,0.8212652553396261
37455,0.908968244919176
37456,0.7775496878171501
37462,0.6777907059886548
37464,0.3091474018258671
37465,0.6367575362011478
37466,0.7172673365645049
37467,0.6392409518880465
37472,0.7159784098571988
37475,0.534163815984433
37479,0.6423147514900664
37481,0.6654006617066434
37482,0.5533833662673734
37483,0.48669660714055135
37484,0.08009264769962789
37485,0.5805741044031127
37490,0.20635966053121366
37492,0.15053132430137067
37495,0.1430389119776265
37498,0.294015085713397
37505,0.4304822726717715
37509,0.8474822642278189
37511,0.7235578656548525
37513,0.7396110168328519
37517,0.4904471450360607
37519,0.39035547933646475
37522,0.1296272999430611
37524,0.06115993597345232
37525,0.565122084610694
37526,0.541660181871097
37528,0.4676249439390463
37533,0.6714460399446476
37534,0.7371374032814234
37535,0.7870634375728511
37536,0.12578961590114612
37538,0.3127469335937101
37541,0.8296292860063758
37543,0.2754465153427222
37545,0.169059945509141
37546,0.05447504801556459
37548,0.4679721519808206
37552,0.38951689725487715
37553,0.5593063183837339
37554,0.5219582755398949
37558,0.3385822940258208
37561,0.5088259528476654
37562,0.750734440529934
37563,0.7758551005910677
37564,0.610809276435297
37565,0.8267783267754671
37566,0.3399821880172443
37569,0.8755728294630505
37570,0.7385576741985512
37573,0.42257348715190474
37574,0.44686141999900153
37576,0.6504917259501333
37578,0.29217693941019296
37579,0.2856650071178203
37581,0.28056841009795186
37582,0.5263783525123495
37587,0.8174646050923263
37589,0.8551638714732914
37590,0.17455291039086424
37593,0.22205903598589433
37597,0.8719332519347264
37598,0.769140983707771
37599,0.1845639517405014
37602,0.48460058369617137
37603,0.6272591174329099
37604,0.15640682040660678
37605,0.5167668277739051
37610,0.7822022212687978
37611,0.5351318232162697
37612,0.4775698615635624
37613,0.7040138073344605
37614,0.5997716270484327
37615,0.2731101321974388
37616,0.48062573495904815
37620,0.1707418772512719
37623,0.3389768036262032
37624,0.7858050531927893
37625,0.27537464181116195
37628,0.3999820141031015
37631,0.5955062650627518
37632,0.8153839082712742
37634,0.23903796781611064
37635,0.35033258127604916
37638,0.8762935591254541
37639,0.10176171812843103
37640,0.3164218649279907
37641,0.674968562739065
37642,0.22666483383780295
37644,0.7565270645893616
37645,0.7582544334363635
37646,0.7666235484002988
37649,0.48670793119590966
37651,0.6350110639799824
37652,0.783552242696932
37653,0.8104153764580874
37655,0.7163108860581057
37661,0.8885845737826866
37662,0.16091953248555893
37663,0.9218677642438594
37664,0.7012278147590686
37666,0.13583909324098395
37669,0.6291748060303749
37670,0.648566117820203
37672,0.32090447780337894
37673,0.525363163408846
37674,0.38012853166225535
37676,0.7559389925773262
37678,0.721239929418312
37679,0.31980710660318934
37681,0.7803571097350781
37683,0.10903417785684791
37685,0.6336218851114183
37686,0.2603857719713318
37693,0.5339253578384444
37696,0.2997505456776678
37698,0.1902113502319528
37699,0.23412337996059643
37702,0.7751023637161354
37703,0.37341763633444297
37704,0.27453961243011776
37712,0.6853947690056825
37716,0.4084969684416481
37717,0.8684661393093857
37719,0.25989641648302186
37726,0.6901471700542908
37728,0.6689357279316025
37729,0.1037379253995238
37730,0.4025707535528904
37731,0.4275154444325782
37733,0.8278953171375895
37734,0.8525285893628203
37736,0.9142123795031353
37740,0.7421233466471073
37742,0.6930788208790076
37746,0.21812499140568078
37749,0.05305318790590964
37750,0.9000395932935908
37752,0.355891945051706
37753,0.13261849922767183
37754,0.46195756354890155
37756,0.8731877498390238
37757,0.2936533121227888
37758,0.4550334339253041
37761,0.7633970221941239
37762,0.17049280766398556
37764,0.4149703544484344
37765,0.40392246473163784
37766,0.7295688847143911
37767,0.8144103549182461
37769,0.3982035879746326
37771,0.40298978063086
37776,0.7945371791871811
37780,0.6960924973734328
37781,0.2862131453876423
37782,0.887485488027768
37783,0.38997124324837845
37784,0.2602493821972514
37785,0.45483322111837826
37786,0.5834366266803075
37787,0.7567789399701079
37789,0.8626218170064033
37791,0.4589063537944747
37793,0.6636792273951592
37797,0.46749381999978534
37798,0.4712659868282944
37799,0.7410599353767418
37800,0.4490581827404492
37802,0.64736960489067
37805,0.5545936206260497
37811,0.5220851288931786
37813,0.7859462366997491
37814,0.25505834583445935
37816,0.8589629162480584
37818,0.8583379756223674
37820,0.39945733327185234
37823,0.17142488102189912
37824,0.6356538594557223
37825,0.2651786860527041
37827,0.032036748545364334
37831,0.10392474694553312
37832,0.2647752931853631
37833,0.24933072049479008
37836,0.34810858114071763
37838,0.41949409669870186
37839,0.8592083371833749
37840,0.475293143236918
37841,0.48938387687299945
37842,0.380476344358353
37844,0.4666435065793344
37845,0.6386572606149303
37846,0.16405114927751024
37847,0.619755257054304
37848,0.15808370429479782
37849,0.617756811639593
37856,0.6321336237059446
37857,0.3728327373925047
37861,0.41319096518856735
37862,0.21044388366615477
37864,0.7173982506241623
37865,0.3787964145983909
37868,0.33859367866104273
37869,0.6512196638439662
37874,0.6986469248393331
37876,0.6989460911168416
37877,0.918245934436034
37878,0.6001277665027173
37880,0.8198916609373
37881,0.3948892386100579
37885,0.630185377408934
37893,0.279645227940716
37894,0.5860705974966035
37898,0.5537291089797663
37908,0.34419539484020467
37909,0.2869167088266509
37911,0.5274217300080707
37912,0.22954407334102034
37913,0.16151480142618707
37914,0.43611221203200023
37915,0.9173254934574949
37916,0.2531962300474383
37918,0.5221848298360495
37920,0.8397226045987067
37921,0.332792685046413
37923,0.7699980111420459
37924,0.16027927160762057
37932,0.6716067963280675
37936,0.6463119282492764
37937,0.6752833438050876
37938,0.4869326078548499
37941,0.8585317638697175
37945,0.5603517227277262
37950,0.24352250960293725
37953,0.39963573934921304
37954,0.38174782469750956
37956,0.7209348636146181
37961,0.6677940439197133
37963,0.5266798740568996
37964,0.784046454906216
37965,0.9704714020196219
37967,0.35427701087934405
37968,0.5667452120349948
37971,0.4206589725069769
37972,0.80672275896026
37973,0.0745050994883147
37974,0.7507186299632387
37975,0.4784938455670368
37977,0.27139643610570036
37978,0.35595410736163957
37980,0.35489642623814743
37984,0.22068119845093034
37986,0.8388031707928586
37988,0.8972607408762063
37992,0.6564931754712415
37993,0.8191306235811793
38001,0.7748953364080964
38003,0.6924488402271698
38005,0.6994435068717121
38006,0.06223662132258895
38011,0.5862661762486571
38013,0.5692588337209094
38014,0.4374949713236775
38016,0.7588632411145397
38023,0.7143867135622783
38027,0.2736463725146282
38030,0.5501661130849322
38033,0.6807539561676136
38036,0.3609732412747647
38039,0.5877687361217069
38041,0.5559787056900768
38042,0.6083188560207599
38043,0.5652379477172517
38047,0.5344510850233415
38048,0.49597658094504
38051,0.8363694214134154
38053,0.3779255607274946
38058,0.6474695519845265
38064,0.8886661477732285
38066,0.6026868792062815
38068,0.7712402944346017
38070,0.7580052511662438
38074,0.5837732494721124
38076,0.8752901194864481
38079,0.6396029114884093
38080,0.8874084693001564
38081,0.566854024681507
38082,0.710436219642475
38083,0.7496105441238284
38084,0.822348506480101
38087,0.2339058930702803
38088,0.8819984359933826
38090,0.5008935270560656
38095,0.3993608329651123
38096,0.49172038445239097
38097,0.39651259104459025
38101,0.37746620444121576
38104,0.8121274829049154
38105,0.4234463977792707
38108,0.6710309631199263
38112,0.13171598549238397
38114,0.8528516926447752
38116,0.9047918999581637
38117,0.5925526188860808
38118,0.8312292966452158
38120,0.5124220942509793
38121,0.8751612986446665
38122,0.9621077374581979
38124,0.09834391425985994
38125,0.20382531094126718
38126,0.27822063283582155
38128,0.4913913297187794
38129,0.6898255769626488
38131,0.8306102490861464
38135,0.6980401707762904
38136,0.9290285652908705
38138,0.4137096040556558
38140,0.5995018887387378
38141,0.48312798660460055
38143,0.5418417267640118
38144,0.25374391491716514
38145,0.14448518303766636
38146,0.836257717982798
38147,0.1661260849149051
38148,0.487864386602545
38150,0.34514487465833843
38152,0.6731818325032375
38154,0.7826542525907598
38159,0.701842908866353
38160,0.8955548506769282
38161,0.457575738939186
38163,0.7005537472497857
38165,0.5814536892370669
38169,0.4635560365040428
38172,0.41961614005976283
38174,0.466815850210949
38175,0.29193211936413266
38176,0.2764095842609278
38178,0.4393483854073032
38179,0.47193461810835646
38180,0.50880416395493
38182,0.43917173699245077
38183,0.8345149209347327
38184,0.8184300653852327
38187,0.6742074658161302
38188,0.2383968178489395
38191,0.6221101686607597
38192,0.5765191920500712
38194,0.12279776109756257
38195,0.40229958439307156
38196,0.6004796246647368
38197,0.5884815736293717
38198,0.3989261377967042
38200,0.039425405260234726
38202,0.29839645431545575
38203,0.7008766322202779
38204,0.48491123599370534
38206,0.07206905241968913
38207,0.019563138830813138
38208,0.6026209838609498
38209,0.067292555808162
38210,0.3083881487930308
38214,0.37366258586973494
38215,0.3909736928861979
38217,0.19433661892599613
38218,0.3665527420792689
38220,0.6918416230483844
38222,0.4768083210546656
38224,0.4889089713640446
38229,0.18209089810680232
38232,0.9000380168105732
38234,0.7644778150835655
38235,0.23931395527661928
38236,0.3068340376934531
38237,0.15317165181193115
38239,0.591744677742165
38240,0.46214815794587394
38243,0.44039330194243087
38244,0.37949880917590395
38249,0.9026704392395742
38251,0.5192968966393939
38252,0.6205281192434083
38254,0.04502934443914893
38257,0.38112072527633184
38260,0.3012379617063336
38262,0.22598423738883555
38263,0.2901900874986895
38264,0.8627821080691233
38265,0.2659202664475886
38266,0.685302191824976
38267,0.2620181923139308
38268,0.3539130521328218
38269,0.3923844833016517
38270,0.7949593798378807
38274,0.7333573736976509
38275,0.7591658316057459
38277,0.568202207114623
38279,0.8662843879370242
38284,0.7813901067468002
38286,0.09174733036861511
38287,0.33389096805691
38291,0.6945827251426442
38292,0.3692928908654427
38293,0.04802393869685281
38296,0.9179541978568968
38297,0.6540207679644754
38298,0.40849609383121716
38299,0.29022560492889093
38300,0.9204129834240389
38302,0.4822310827485068
38303,0.570625831582075
38305,0.813142018809891
38306,0.5721157578685262
38309,0.8452714386101641
38311,0.841166514582639
38313,0.4294311805769589
38315,0.300486466233429
38316,0.07789957391405893
38318,0.6912971191765624
38320,0.6392954931041807
38326,0.10832784736452926
38328,0.1322080130460252
38332,0.48972476808926757
38333,0.1410665178209024
38334,0.3695834132488686
38335,0.5195626041253397
38336,0.7371741558762459
38337,0.6083077839126189
38338,0.33073465493905607
38339,0.32070243337364485
38341,0.708825889250359
38346,0.3693959207126587
38348,0.09360705809287041
38349,0.4321108921743229
38351,0.7915842948254453
38352,0.6271340041206335
38353,0.843066151894817
38358,0.0439442615807512
38359,0.8307587391438697
38361,0.578275898398411
38362,0.2716738074131276
38366,0.9070957062254269
38369,0.322872057772146
38370,0.5446570986448522
38374,0.7492855567175744
38378,0.7876428474576619
38379,0.49552247960082235
38380,0.5411580010696119
38381,0.4743676783217344
38383,0.8003477484434801
38384,0.06793484491996553
38386,0.22696825343204746
38388,0.8152390157788941
38389,0.4971442418806709
38390,0.9359502722154028
38393,0.39530669729251555
38397,0.7763117790054227
38399,0.371970016598432
38401,0.10887330935582544
38402,0.7319621275777665
38403,0.2354286506731137
38404,0.49422337512730197
38406,0.18368005087542283
38408,0.10518641527807913
38411,0.05608628213310422
38412,0.6782951794838202
38415,0.5312524230218948
38416,0.6532830634468876
38420,0.7651822290014503
38421,0.8887627958223098
38422,0.1215102718455779
38423,0.16487075067004942
38429,0.5214487255807735
38430,0.28879722648009126
38431,0.3878833692211014
38434,0.4565798111470718
38436,0.196164305807177
38437,0.6151942522605325
38439,0.9202016114619115
38445,0.2691922733497298
38446,0.25456594120456183
38447,0.740736801514067
38448,0.5874529918332553
38449,0.5957922029875659
38450,0.6644623613417134
38451,0.2660745716563491
38452,0.4485870063489734
38454,0.4579921865560408
38455,0.4487917669693456
38456,0.7514344822591457
38457,0.11069408316548243
38458,0.8977890460666036
38460,0.9126288751694961
38463,0.7464568920549386
38466,0.8883669531018776
38467,0.13453916576081276
38468,0.13037470972889478
38469,0.7625041623746417
38470,0.40009365368859473
38473,0.2592440030907862
38478,0.2417054932560197
38483,0.8371825324461044
38485,0.5703864672742921
38489,0.866837960204451
38490,0.8257036923817278
38491,0.8514009974569051
38492,0.14772318648627422
38493,0.3745352559879069
38495,0.5527834758960618
38497,0.7344497239679239
38498,0.7018083233699327
38499,0.39681742058949093
38501,0.6949266400726426
38502,0.6577667202191342
38504,0.7322137503032761
38506,0.4192845730431073
38507,0.756901305276514
38508,0.6483392814577766
38509,0.5237336302523401
38510,0.6814587447292325
38511,0.7010814019313066
38512,0.38275847551599296
38516,0.30936158393585544
38518,0.5847664316318572
38519,0.7187299519922796
38524,0.546579863632876
38525,0.12251399248762875
38528,0.639861536807894
38533,0.16428883491362165
38538,0.3891975494884592
38539,0.3914385200709261
38541,0.5664013900120254
38542,0.6007211627963349
38543,0.7085832432280026
38546,0.11265355750393863
38548,0.35475849553864197
38555,0.8213325636905924
38557,0.739026284082881
38563,0.4364300931845265
38564,0.7282265144956621
38565,0.1309482062056877
38567,0.9098455901773559
38568,0.49518694806836705
38570,0.7903198585251785
38575,0.463634177214756
38580,0.7582075360304147
38585,0.3620367528844518
38586,0.6832928818845776
38588,0.6634606970530242
38589,0.8674210722079755
38592,0.30578765160637644
38593,0.2847874814690453
38594,0.35710478367223464
38596,0.7298605950823643
38598,0.014035491629963976
38601,0.4269856050333591
38603,0.7970467593723306
38605,0.6629392788530518
38610,0.45642001839984286
38611,0.2777677971488432
38614,0.30942004664465683
38616,0.6448603047997701
38621,0.4368035784090358
38622,0.49716098675719184
38623,0.16250867595269086
38625,0.5028077641631148
38628,0.9483606444184138
38630,0.8379948469689499
38633,0.8476290106741856
38634,0.9393881320330745
38636,0.6370482992413244
38637,0.8829177159506062
38638,0.7370442233386465
38642,0.4986416493345659
38644,0.3437592069757808
38645,0.42732356974544156
38647,0.6645991625755028
38650,0.29447043198907163
38651,0.42616552439640715
38652,0.7172997486429604
38654,0.8666873474744065
38655,0.8784810173021267
38658,0.584791350747921
38659,0.4685403344548589
38660,0.641275057019509
38663,0.50364418822443
38664,0.3020527579330622
38665,0.3383344406898195
38666,0.8576152127201404
38672,0.8252030155619638
38675,0.2777232639228133
38676,0.7804979439838655
38677,0.8419060476108121
38678,0.830904094112505
38681,0.6594800778610379
38682,0.6200766200052454
38683,0.27995921231310433
38685,0.9776231536988098
38687,0.3799271597336902
38689,0.6777513141287935
38691,0.25962098292134406
38693,0.6917944442117736
38698,0.06504717024178189
38699,0.5391229600762603
38702,0.6718723572108402
38703,0.6562629189438663
38705,0.5021439059965762
38708,0.60687832340581
38710,0.16684968803358088
38713,0.7451203559047571
38714,0.5492589064783792
38716,0.16340315884683362
38717,0.7376418672503355
38719,0.05670909401559324
38720,0.6715753598899488
38721,0.12988647417637017
38724,0.11322981255892352
38725,0.9106194962154522
38727,0.7918346790385457
38728,0.24718105390934822
38732,0.14745963649408445
38734,0.5154558025711574
38735,0.15474316356882165
38736,0.2642081458499398
38738,0.48262037580482015
38739,0.2369355523899842
38740,0.727947870037794
38741,0.781107723153413
38742,0.6261167593324584
38743,0.30259957071526966
38744,0.5423706673699205
38745,0.8495227108429181
38746,0.5454199366202398
38747,0.648937990691949
38750,0.16050653169766047
38754,0.3850194312672878
38755,0.22141119948328697
38756,0.6911352882721878
38762,0.1742002439630836
38763,0.37446641363979966
38765,0.5491622417302825
38766,0.009453769903505405
38767,0.19187932471564567
38768,0.14949959352540526
38769,0.26171539031223057
38771,0.46423917770358525
38776,0.9077187340657094
38779,0.6706612366461591
38781,0.9009611238401745
38783,0.3208873149787554
38784,0.1332865726594287
38788,0.5611894617641773
38790,0.12813043379477185
38792,0.4002917068879602
38793,0.8456026640222607
38794,0.47249021792409424
38796,0.7449055947778501
38801,0.3292099927391965
38802,0.31869746020415635
38804,0.28507412117512
38809,0.44061867972385976
38810,0.8801483121956268
38814,0.32172607972739414
38815,0.7055358974306
38817,0.3384509241456291
38818,0.77531676713003
38819,0.43144958424995233
38820,0.5326726531567929
38821,0.3469482007834867
38822,0.8714306336576176
38823,0.6283937310525602
38824,0.2414491942209977
38825,0.3786949700144416
38826,0.4662353470727837
38828,0.30167583412575527
38830,0.7262140570874647
38835,0.5353669407787109
38837,0.6931346197076694
38838,0.4952310457786143
38840,0.887015445036668
38841,0.4770846152302754
38844,0.608842762026391
38845,0.6116408443914323
38846,0.21382813978298543
38847,0.3782999100095645
38849,0.3890670277932006
38852,0.6013421870927458
38853,0.25651662903658395
38855,0.5021696756724149
38856,0.10482261723397575
38857,0.2641351736548128
38861,0.23262943049816587
38862,0.2019720655442353
38863,0.09537541667848701
38864,0.4711813572450894
38865,0.12831917322750402
38870,0.47400665711215684
38871,0.012070286705732505
38872,0.6463817944180651
38873,0.1284709678148131
38878,0.11306871093808164
38879,0.45405364632794837
38880,0.2436336866882015
38883,0.933341401834446
38886,0.10578361934331168
38888,0.7664453533993566
38892,0.8271544630460904
38893,0.7528604036957762
38896,0.4563847797641424
38897,0.7214466172884132
38899,0.1941595461894888
38902,0.6831138700635387
38904,0.5357367691498232
38906,0.5960554594082754
38908,0.501956387373584
38909,0.23827541903884186
38911,0.4262561943184277
38912,0.4949346521473998
38914,0.7573222235172749
38918,0.5354559440514711
38921,0.25573558686667525
38925,0.6380934958995019
38926,0.1991092687175012
38928,0.59278195032265
38931,0.8447874285861233
38933,0.7195244318414475
38934,0.18262291955860344
38938,0.7149018978334021
38939,0.4561785002171172
38940,0.525833194736677
38941,0.8075893991143228
38942,0.5737974324879133
38944,0.6566952347759908
38947,0.614392540057645
38949,0.6281148690245276
38950,0.17353740316594615
38951,0.1878209611238722
38953,0.7675093916395658
38954,0.8293693235963491
38955,0.5005327652308458
38956,0.8310805359253289
38957,0.6980848740485466
38958,0.5368253102594793
38963,0.2800731645086648
38965,0.2565117851069488
38967,0.29360984846199384
38968,0.4810726373654638
38969,0.8158662186359047
38971,0.7515093987599432
38972,0.12216014134260038
38975,0.6564819425500011
38976,0.36765827503324033
38977,0.8576603657027803
38978,0.8748271796655732
38980,0.8051369273106926
38981,0.4610390911073606
38983,0.2411549843795769
38985,0.49282091938487704
38986,0.3897781229220018
38990,0.9116638760859166
38991,0.3512342320878248
38992,0.8739066889114944
38993,0.5244349113200651
38996,0.636055551410796
38997,0.5557873770533551
39000,0.6501957720268823
39001,0.6332981183194146
39003,0.8558758774518244
39006,0.18306167559802888
39007,0.5418421520437444
39008,0.40594329760321674
39011,0.2031163412848233
39014,0.1753802791681945
39016,0.11488148171240767
39017,0.8675989295947224
39019,0.36581393743943647
39021,0.2820153508333549
39024,0.9525295552700478
39026,0.22886827674597102
39027,0.7403992144118282
39029,0.6346907205965827
39030,0.3830694202174498
39031,0.8539715601152709
39032,0.582536884060525
39033,0.6738823120555693
39035,0.3610935404981731
39036,0.20978154735999557
39038,0.43807480454954173
39040,0.38826993223258965
39042,0.2375715153522174
39043,0.5630493601090781
39045,0.47489269959543756
39046,0.2657511084857077
39051,0.2313446320287712
39054,0.26420870293131604
39055,0.08464793918506003
39056,0.5257380028572405
39058,0.5216140583976717
39060,0.9288050352811432
39062,0.26060651970710547
39063,0.7102589816999361
39064,0.5400308172547141
39065,0.4666073073058934
39066,0.2784147051986482
39068,0.7904129087558014
39069,0.46579062872268745
39071,0.5937351106518284
39074,0.7675422219549904
39085,0.20141083848718716
39087,0.7898748080959491
39089,0.5334714648659163
39090,0.8172916656871533
39093,0.6999130369348698
39096,0.362258977862678
39097,0.782726662248387
39099,0.12887489346713119
39100,0.6672054865779546
39101,0.22095436405916755
39103,0.8124491514349913
39104,0.21948942573145147
39106,0.32497483664180354
39112,0.3009893339249308
39113,0.6387362569869164
39114,0.5910190686913211
39118,0.6779871075851374
39119,0.6305924779813161
39120,0.6979371160576077
39121,0.2641878179985476
39122,0.5269322805247639
39123,0.7193296614590012
39124,0.5684453926318731
39126,0.16674429076072106
39127,0.7308921685209995
39129,0.27519196501105925
39130,0.8450747874394755
39135,0.1719281883019349
39136,0.821306971901233
39139,0.775375269133536
39140,0.18904176492015082
39141,0.7368257129419616
39142,0.4439294813519544
39143,0.7897003970445409
39145,0.5733372224089781
39146,0.6279564187091455
39151,0.624334991546605
39156,0.45574559886672095
39158,0.23073816073583506
39159,0.2965482563723139
39161,0.6795917951395543
39162,0.3886265496878123
39164,0.12555426191032584
39166,0.9197744126802178
39167,0.82287146542433
39171,0.2619804076825647
39172,0.3772206241321594
39175,0.6465187685589356
39176,0.7877190284410005
39180,0.4780818076952216
39181,0.9362477962301569
39183,0.2047877097668962
39186,0.3461913892878192
39188,0.7106839058137009
39191,0.2019243496718883
39193,0.7494086345602491
39194,0.14146507627247115
39195,0.9659493075507797
39196,0.5536692455578371
39197,0.9278736220362191
39201,0.981993077810236
39203,0.15361022077959344
39204,0.5518020427829842
39207,0.6982867377185669
39208,0.4238361987263575
39209,0.6598239183638156
39211,0.8299331726306073
39213,0.6285739395700362
39214,0.7931140703166157
39220,0.40169406873204727
39221,0.20947994933455388
39223,0.7661687264443308
39227,0.5014147032162771
39229,0.3685794319830695
39233,0.29270958277643366
39236,0.3588914236300164
39238,0.7689016204910086
39239,0.6035344399532838
39241,0.34280808823560494
39242,0.6292502152032241
39243,0.4080539342187227
39245,0.2584883769559267
39249,0.6494616867030242
39250,0.409223961149875
39256,0.9277011849761004
39257,0.3000527831513416
39258,0.8169171922340576
39259,0.9152317357897124
39262,0.4690354619431928
39267,0.5648732033896963
39268,0.28116383713463705
39269,0.36186517167241167
39272,0.29254751360791914
39277,0.4280404497838818
39278,0.6012019606411166
39279,0.6458527297753361
39280,0.7302346379723831
39283,0.7431979744162632
39287,0.14862990148076938
39288,0.7442498259550778
39289,0.7649579397843774
39291,0.1989723294099542
39293,0.8762143335727665
39294,0.637260489276017
39295,0.1352567900425841
39299,0.7660735567466543
39300,0.8446169235956694
39301,0.42921819180947257
39302,0.13775018621066643
39303,0.05500505559347153
39306,0.6517348475383076
39307,0.4703939514773556
39308,0.48825922813303646
39309,0.4793769112021154
39315,0.3831181354794266
39318,0.41563465444430653
39319,0.15509984018685996
39320,0.3430520160266774
39322,0.616344225604655
39323,0.8419156103632975
39326,0.8137343797289288
39327,0.354316266103812
39330,0.6546791507050855
39331,0.5678979014458675
39332,0.1103979714301739
39334,0.008477461120201915
39339,0.35835985641474916
39340,0.5978703923374267
39342,0.17590137570308334
39344,0.8895681072564429
39345,0.3068794471489025
39346,0.4712403811901638
39349,0.8168030570517625
39351,0.5014146792680283
39352,0.4996985256027836
39354,0.903042077580989
39355,0.7950411216389803
39357,0.35184850303918636
39358,0.48555416828333364
39359,0.6252387434016664
39360,0.2817640143787482
39361,0.4636381445551447
39362,0.4918092577552457
39363,0.25291270583480974
39364,0.5612473057812625
39365,0.41086651478029507
39366,0.33491312370892967
39367,0.9180071937361787
39368,0.22120839352902685
39370,0.9765009341680212
39372,0.8607142241026455
39374,0.4121137443292283
39377,0.13158540834566973
39378,0.7958562951329131
39383,0.2811231653507898
39385,0.4908125844302065
39386,0.23304123977186084
39390,0.45230928425153816
39391,0.8353080138093534
39393,0.6592674600548323
39394,0.3371082837738805
39397,0.13131446139357078
39398,0.6081996873564934
39401,0.8324616754333144
39403,0.4440542603516651
39405,0.5315610325604887
39406,0.3766882942513074
39408,0.6543600678797307
39409,0.5320689134643962
39410,0.20581649872967983
39411,0.6502186045186983
39413,0.31674509663273587
39417,0.7474494835862094
39419,0.37845456523319404
39420,0.3700683677017089
39421,0.4672146712308812
39422,0.1085323457364814
39424,0.1549879905369251
39425,0.34694556684205363
39430,0.2807255941736251
39431,0.6483084193394925
39439,0.7384957119887705
39441,0.25810699331116227
39442,0.5932149317256077
39443,0.15379802876947365
39446,0.5352385830065766
39449,0.7770476242677803
39451,0.4567894582089604
39453,0.14568770071959697
39454,0.860713104405809
39455,0.1545796410639554
39457,0.37313840305903273
39458,0.9222844024346791
39466,0.5847434311515359
39467,0.18698230534579738
39469,0.5626883717716712
39470,0.6356533572145505
39471,0.8795488619929902
39474,0.8205623334107783
39476,0.3104002257569198
39481,0.5033763062896323
39483,0.21958451847997262
39484,0.3353706118151857
39485,0.5574888572755158
39487,0.6317897140613015
39488,0.9572440864657062
39490,0.8778514625062841
39493,0.8038996315454104
39495,0.7214939328576084
39496,0.8250305737333621
39500,0.7990074167854361
39502,0.6604766843997238
39503,0.2652637573250195
39504,0.7186786699540924
39505,0.3830096805831569
39506,0.21300851295033646
39507,0.7506046141839325
39508,0.2458006678327887
39510,0.25668485354799314
39512,0.3236500134413384
39518,0.42422413293459016
39519,0.2652007941650296
39522,0.8575114387750393
39523,0.14454137613250997
39525,0.632814287136289
39526,0.5932543026359391
39527,0.8465722573192701
39528,0.3776835789538225
39529,0.5180775796718566
39530,0.6651724215571977
39532,0.6409958942136313
39533,0.6899449116249633
39534,0.8822827446101469
39535,0.3782713794108523
39536,0.4328875371140358
39537,0.8355473045956363
39539,0.06759716969135537
39540,0.7781984267131802
39543,0.14134738440859368
39544,0.423214047663817
39545,0.8912766535678532
39548,0.20520931550484994
39549,0.8128451566575263
39555,0.45988502067547693
39556,0.41639933149480046
39558,0.20601723063700983
39560,0.24431453922649904
39561,0.4808709116970175
39564,0.4718238587850124
39565,0.3203386270978946
39566,0.7896558571471507
39569,0.9324096922331493
39570,0.2657508926759216
39572,0.15639137617982077
39573,0.08483044371540245
39574,0.7223721669279553
39577,0.4763339831338367
39578,0.6916159484617822
39580,0.17639544976680507
39582,0.9571439610956908
39585,0.8536219569791837
39586,0.30961327002498634
39594,0.48712846331654097
39595,0.6786782968989794
39599,0.3943507997501474
39602,0.3245481131408947
39604,0.07032142723874646
39611,0.2832375677879925
39612,0.20977573519236561
39614,0.6725602649472782
39615,0.10430419590802166
39616,0.6314287456346366
39617,0.1362357003721391
39619,0.6850668315120176
39620,0.12773523498279338
39621,0.6604839108024037
39622,0.5718964244960515
39623,0.4946716111325635
39625,0.2401135833429835
39627,0.2433754151227207
39628,0.9292659148719512
39629,0.6753901937537007
39634,0.350474938952478
39636,0.5251421639512558
39638,0.3871552412602044
39639,0.818325247304019
39642,0.13518841634761017
39644,0.4895765656911325
39645,0.18783983199592577
39648,0.23576648213401555
39649,0.3929267509057344
39652,0.9851468796906303
39656,0.2658397034804496
39662,0.7205490803183284
39663,0.9137908869095781
39664,0.35048936033515843
39665,0.22634162197455962
39666,0.7636221750813548
39669,0.12439344798301838
39670,0.16716381256342996
39672,0.49111909956895083
39674,0.36181181943550217
39676,0.7877929745611841
39681,0.6703961234611704
39682,0.5166772238567555
39684,0.44747772164100214
39685,0.6388263107951433
39687,0.3236681092494768
39689,0.2913991501288553
39690,0.10788445391742311
39692,0.10236807820097099
39693,0.7706395076044331
39694,0.9249365106830993
39695,0.6504353387992546
39696,0.22597720713224373
39697,0.08748974325847324
39700,0.3747501018567995
39701,0.2735149159243499
39702,0.627580665148069
39704,0.41601326226009894
39706,0.39591307271535114
39708,0.5740353070993037
39710,0.31570414571743977
39711,0.8095042660773466
39712,0.2836468305410188
39713,0.12096372348621084
39717,0.5774858735924912
39719,0.6502470117514415
39722,0.5927495703341192
39723,0.2785038768593761
39724,0.5386461622524363
39725,0.5825923251425004
39727,0.22642596422260344
39730,0.82332233156042
39733,0.7827142292417936
39734,0.7755842171317902
39735,0.7054239832546823
39736,0.5242953142944212
39740,0.8649879968506988
39742,0.3001822071746101
39743,0.2915310009690735
39744,0.5378076140053015
39746,0.721868589672786
39747,0.39513609696670565
39748,0.593856816928172
39750,0.0850734837464699
39757,0.7064065953570751
39758,0.15525181542220082
39759,0.7967846741055594
39764,0.8286323689789001
39765,0.5135627842131727
39766,0.23400202178291923
39767,0.27678487335384544
39769,0.4189968763068532
39771,0.3804623514424464
39772,0.7867410865566801
39774,0.9090909518003476
39777,0.8839988311313983
39779,0.4246645373847148
39780,0.5162910026498368
39781,0.537267048852782
39782,0.5593938877370428
39785,0.5714032255607658
39786,0.17358752340534567
39788,0.9488862364562105
39789,0.8652305852440126
39791,0.7559700800479471
39794,0.6612024210964584
39795,0.39637266762827866
39797,0.8085215717435815
39801,0.09163882318112596
39802,0.7688838689705392
39803,0.5618089180928864
39806,0.5798929836289353
39807,0.6602635735544348
39808,0.6901410314019285
39809,0.4467096341143381
39810,0.39853183622124483
39811,0.7604111678028331
39813,0.6552799517296825
39815,0.6102212308811628
39816,0.17755118513803334
39817,0.18938094915388
39818,0.7828260935188898
39819,0.5103176375645714
39821,0.7731876138811297
39823,0.6986378405070945
39824,0.7658322601623773
39826,0.8773841078788126
39828,0.22915710154619834
39830,0.7485020361883147
39831,0.5609437915223695
39834,0.5930166041448384
39835,0.8941874067725525
39836,0.8897445480677384
39837,0.5547485354423284
39838,0.6939799466326525
39840,0.514224012321973
39841,0.9582912070785682
39843,0.6442171485511343
39844,0.6268132050573626
39845,0.894636753589904
39847,0.391723254553808
39849,0.4936017661099978
39851,0.22875896205454535
39858,0.666004643608692
39859,0.47936294155997305
39861,0.011162596188861378
39864,0.3226518512132324
39866,0.0770170927791325
39867,0.37236575074595846
39869,0.4432884473641254
39872,0.4853220155545188
39875,0.13037270709044324
39877,0.705401433114882
39878,0.7844132104350399
39879,0.304105230800406
39880,0.8566455420298573
39881,0.7156513094459206
39883,0.6000967740960984
39885,0.4330692129070596
39886,0.49417834188080256
39888,0.1476480122378191
39889,0.0907701483836967
39893,0.40841271495763437
39894,0.25940948085030463
39898,0.6200687966852811
39901,0.6924587838190217
39902,0.6154920025167325
39903,0.9098097266476673
39904,0.49712785776471013
39906,0.3218123511968049
39908,0.17861796050640066
39909,0.6235817973597367
39913,0.14694116423265854
39915,0.22386280783323967
39916,0.6303547368235155
39917,0.37182327228451423
39918,0.4219989756833863
39919,0.23141227414833648
39924,0.7431454106288553
39927,0.8248413870709934
39929,0.26502914834390473
39932,0.591759701362129
39933,0.5852711579873678
39934,0.6500832358037549
39935,0.5967770179834486
39936,0.2284252601165941
39937,0.536096900874302
39938,0.3416074554511063
39939,0.38310888860621556
39943,0.6940791050340925
39946,0.4327451179044261
39951,0.48919510088726836
39954,0.613739349977696
39955,0.6674441965661717
39956,0.6794529318982884
39957,0.8409945724680978
39960,0.8309965840848517
39961,0.47961219993315407
39962,0.8153729966337849
39963,0.3018473826379644
39964,0.15730401191951449
39965,0.4514679615288911
39969,0.5899761206652934
39970,0.26201742489429686
39974,0.059411702875247135
39975,0.30915022002580084
39976,0.7653565964526533
39979,0.7340328688083598
39980,0.8139237403625013
39983,0.17871192568120178
39984,0.8371635417753188
39987,0.7141459346084148
39988,0.4467876421902605
39989,0.7666217522591647
39992,0.7157293571083282
39993,0.22481185829162553
39994,0.8263795675764811
39998,0.3905607538525383
40000,0.6865829556268128
40001,0.19332195976551889
40002,0.4991505936408465
40004,0.12475550190292369
40005,0.23000977160053207
40007,0.864458119395118
40009,0.8570970702998905
40010,0.7387021310917773
40012,0.4384123229647616
40013,0.4150141227820808
40014,0.701960071000684
40017,0.23963984530105753
40024,0.8051314615534446
40025,0.4833932307113071
40030,0.5480445703388808
40032,0.4823055046365077
40033,0.8069756962409868
40035,0.6364324114320932
40036,0.555562215078145
40037,0.5117556029391008
40038,0.6823015850595888
40040,0.6161596523428129
40041,0.21947296903372396
40042,0.8259469282798865
40045,0.6497995925554771
40046,0.6465108537621228
40047,0.6534609676313619
40049,0.48911436068085967
40053,0.7043126633389253
40055,0.966234726004077
40056,0.2005648152192637
40057,0.16924317732864852
40058,0.8395234725200321
40059,0.8477250084807771
40060,0.37447274684098
40062,0.24224345111882029
40063,0.491186998581876
40064,0.5001612159402644
40065,0.90595534104647
40071,0.6131559486690811
40076,0.21479552252866393
40077,0.4122326925876641
40079,0.23788964017599107
40081,0.45811263441503447
40082,0.8234708080096416
40083,0.617535348005644
40084,0.4873138951357603
40085,0.5677004705406175
40086,0.24241604731368688
40087,0.8268011582301255
40088,0.5760729312755878
40095,0.32236386464761113
40096,0.509569211008571
40097,0.43361269141833503
40099,0.20227530525268808
40100,0.5321769351994119
40101,0.6014501770665664
40103,0.24383519228451384
40107,0.5943002322363273
40108,0.5430851984401768
40109,0.8285301878628678
40112,0.20770750961798848
40113,0.28561583486009706
40116,0.9517696628688083
40118,0.2502022153293693
40124,0.562888847798832
40125,0.06013049859838494
40126,0.10834993226710743
40128,0.05633446592041476
40129,0.20087413906395954
40132,0.7383372579966806
40133,0.41856758231647895
40135,0.12992107861399171
40137,0.9056536543514475
40141,0.31320346664863946
40142,0.2890948302954796
40145,0.7557010857419316
40146,0.24746803494857833
40147,0.7522054551330809
40150,0.3747600872303613
40155,0.5198091370678418
40157,0.4744819934832575
40161,0.5282534506088201
40163,0.6815702307783474
40164,0.30365939190990193
40165,0.2480745036122334
40166,0.5439458408165312
40168,0.555292051273678
40171,0.6140438678412589
40173,0.3917587237399322
40174,0.046029473148836327
40182,0.04310633405409894
40183,0.8436153439617328
40185,0.7379495193377629
40186,0.4565459434777113
40188,0.0719204961229885
40189,0.11160217954191964
40190,0.8846829751848836
40191,0.08449442270669295
40193,0.6834958934909906
40195,0.05918443725357265
40199,0.8524245054047274
40202,0.26834999947532306
40203,0.45848802179309467
40204,0.7136050566021903
40206,0.7502371076087652
40207,0.5823841666185379
40208,0.5289665262947891
40209,0.5597266502630557
40211,0.683676369658821
40212,0.6123017937738235
40213,0.9003851111695684
40214,0.8822962541577987
40216,0.6676073213273979
40218,0.5753284121257923
40219,0.08978656263083447
40221,0.5191205014043665
40223,0.7362213960354476
40225,0.5431866749226312
40226,0.4077228804077493
40229,0.4850541833238383
40231,0.47910710809997253
40236,0.12417696216792373
40237,0.44921797747711434
40240,0.34585341647027024
40242,0.14228816700228186
40243,0.5344093679334563
40245,0.40948350886985363
40247,0.24111703140213023
40250,0.6629090617074405
40253,0.7939504549752893
40254,0.10063474836901118
40256,0.257046449337751
40261,0.20702780084252417
40262,0.8843814831187996
40263,0.4964232963318526
40264,0.35325866619625734
40267,0.49810950866068826
40269,0.6313441371501781
40273,0.3558759308340148
40276,0.49483730912950225
40277,0.5636917619408245
40278,0.7999175313050733
40280,0.4000652413505258
40281,0.9084465160611891
40283,0.5359652889757408
40284,0.43019334894915645
40285,0.3775552184019928
40286,0.3456616872785283
40291,0.5194337169626311
40292,0.6065521479828142
40294,0.47852902954674814
40295,0.6210195899902448
40298,0.3604240793829985
40300,0.36846564685131133
40301,0.7233406155641208
40304,0.4812314280787892
40306,0.0313534165190668
40307,0.3026605135625084
40308,0.4024657263096177
40309,0.48024752992495556
40312,0.6114937298908315
40314,0.5080051090348899
40315,0.4302098261745175
40318,0.4967953739566078
40319,0.8654590771388346
40320,0.49259888266392693
40322,0.46764982847145414
40323,0.2802412411169808
40324,0.8947363341972572
40325,0.6769033553406674
40326,0.19231931943610406
40329,0.4960777969479179
40330,0.8036511001459364
40332,0.7047033192816053
40333,0.4014848410227589
40334,0.13455404341376975
40335,0.7014524324660424
40341,0.3230311257879097
40346,0.362100234152088
40348,0.562260203033311
40349,0.07304051099205297
40353,0.3784354438986211
40356,0.35463208143134095
40358,0.4176684783649879
40359,0.32893488579377117
40360,0.17331295413378459
40361,0.30801792518043447
40362,0.4857538930594896
40364,0.1669582019445686
40365,0.5433879166278827
40367,0.1254508483431911
40368,0.5226869461206545
40370,0.8395883029223534
40371,0.05175722428013133
40372,0.06489718813538504
40374,0.890056459172742
40375,0.7755540837396145
40376,0.3516602845364394
40377,0.0796576444170112
40378,0.5032266114478253
40380,0.3549625744144294
40381,0.25713389881492116
40382,0.2998664775987462
40384,0.5800502817543742
40385,0.20693478095889098
40391,0.2820288583093332
40392,0.3650529312138108
40393,0.05982127407464807
40394,0.8928523566648969
40397,0.17979383805657703
40400,0.1824449226860582
40401,0.03390694205259558
40403,0.8632718766695443
40404,0.1695054400787088
40406,0.395835881062584
40407,0.19845452718458023
40408,0.6296730227537368
40413,0.6126306942124924
40414,0.41363638766708827
40415,0.8065281982292039
40417,0.6276549292259764
40419,0.21916303502206644
40420,0.25436950921997903
40422,0.2667840132990991
40423,0.25922298552756473
40424,0.6033829765879957
40425,0.5502595869801875
40426,0.5767922551286279
40427,0.5218022281711353
40429,0.48351896135012523
40430,0.22939001228910266
40433,0.304129443959928
40434,0.5368462248297703
40436,0.8793929566117948
40438,0.49793645633345784
40442,0.5372215556742179
40445,0.8613934544384338
40447,0.6304361450829604
40448,0.16754176203752227
40450,0.6400686343553185
40453,0.793409057234915
40454,0.049811333049712796
40455,0.41429471943069673
40457,0.6210572960565042
40458,0.3430567032175374
40461,0.431090395266295
40462,0.35224479499959793
40468,0.7568794918826276
40469,0.9206582265035287
40471,0.6163855747864648
40472,0.33282289150905336
40478,0.5327450584318566
40479,0.506419432311564
40481,0.8695277507111956
40484,0.6722989212808245
40485,0.4285285322841859
40487,0.45224933428074254
40489,0.19070867438659733
40491,0.9642615602890091
40494,0.603522762010793
40496,0.4638548327383094
40498,0.6870991901666605
40501,0.6256179184296857
40502,0.9001676566747673
40503,0.24215249701656472
40504,0.4855832869301861
40505,0.38456970056356754
40506,0.43811120217298893
40507,0.12303106527287365
40508,0.45084756126132153
40509,0.31355046273724235
40510,0.7525611667858984
40514,0.41133482059483967
40515,0.26519268980466626
40516,0.9388673488039513
40517,0.6215447791898961
40518,0.5492767924156904
40519,0.5338773011035614
40520,0.7299998859796787
40524,0.8779947038699859
40526,0.7735457257131925
40527,0.8756663405424907
40528,0.30208467018464485
40529,0.9438207762434005
40531,0.6335786339213783
40532,0.961877746082512
40536,0.5452613263617136
40537,0.3826172217770689
40540,0.2304315719979891
40542,0.9436585205781508
40543,0.7503247042402008
40545,0.7608739028529946
40546,0.709991054167664
40550,0.6526837769960447
40551,0.569374002966285
40555,0.315092144784066
40557,0.25472902455954294
40559,0.14362431957104455
40560,0.6041035226787126
40562,0.3562775848426716
40563,0.7702436139097003
40564,0.3404443109192723
40566,0.6051888272549947
40568,0.35715802500298166
40570,0.12868672366525538
40571,0.30510995433177956
40574,0.03718644488974654
40575,0.3254050405185365
40577,0.45768216001061657
40578,0.6077709370960063
40581,0.7427368668142829
40587,0.2129688454924887
40590,0.9029418179299945
40591,0.40687563711579516
40592,0.40699251602534725
40594,0.6575275994110917
40599,0.17050744194266243
40600,0.9527893943766799
40601,0.6538728190843686
40606,0.5647244760236465
40608,0.7088388422886118
40609,0.6909048153432634
40610,0.5620117162610206
40611,0.870029985564537
40612,0.6023198465712976
40613,0.8822529047318404
40614,0.19144640886544972
40618,0.1538960174237025
40621,0.6811727896931051
40625,0.6022475372694251
40627,0.3332815291541639
40628,0.21129761367132116
40633,0.9258690255313925
40634,0.08137224599914238
40638,0.588814807009249
40640,0.5827436687227728
40643,0.5843380873177181
40646,0.5752403969600847
40648,0.2577768140156577
40649,0.31733628485656795
40651,0.7070874993073107
40653,0.3468463855729016
40654,0.5574610041386215
40657,0.3831508026916044
40658,0.4316740522406634
40659,0.6219033336743555
40661,0.7968843733831674
40662,0.6806075421262318
40664,0.256939985307193
40665,0.9157809817230155
40667,0.42066064943058057
40668,0.7500376187232524
40669,0.9353686120815438
40670,0.9536210975361055
40672,0.3022742144833103
40673,0.7156021620975692
40675,0.582724921566734
40677,0.5406283423462597
40679,0.7271215463094265
40682,0.5170403064320397
40683,0.2584325679479133
40686,0.5591867419828449
40688,0.31579078767942065
40692,0.6808603480113342
40693,0.829644147066207
40694,0.3700419552077713
40700,0.43861638257875374
40701,0.20474348715462554
40702,0.04986201321166079
40703,0.7396445901201582
40707,0.16544137436337983
40710,0.7882203913963896
40711,0.7082616208765972
40712,0.4545061026967392
40721,0.31498953551139275
40723,0.36427105269198545
40726,0.3555458737657821
40728,0.5581599450750221
40730,0.28612234760310173
40731,0.26717815491452795
40734,0.7995069708202153
40738,0.1634834450797263
40739,0.5312569888695646
40740,0.8380019025602105
40741,0.651604794809977
40742,0.8832282272382191
40746,0.29297863983334793
40747,0.49323980269801937
40754,0.41324024156150474
40756,0.24632932478041586
40761,0.857782251794977
40762,0.18405264923913547
40763,0.906625771808566
40764,0.5381707753169825
40765,0.7742580746768547
40769,0.5485765432054485
40774,0.7834207740703882
40776,0.6500012393353013
40781,0.09823166967393915
40782,0.20778044104311402
40783,0.9178480173562961
40784,0.7645759153115225
40785,0.3717516210242561
40786,0.3606139874304324
40788,0.6704994549625845
40790,0.5856762287235796
40794,0.8097443228415485
40795,0.5445629954601403
40800,0.2570991319296715
40803,0.6978084307143442
40805,0.39332495577207993
40807,0.6206117347358507
40808,0.45023978297293804
40809,0.09275818152671005
40810,0.575442752349423
40811,0.2899539660332158
40814,0.6264102750639755
40817,0.2960112932010217
40819,0.1564641130732646
40820,0.8448919474874941
40821,0.5242708560912752
40826,0.041886324847961634
40827,0.715602754293909
40830,0.0668980865147963
40833,0.8330439686912219
40834,0.7793753816201735
40837,0.672866680583479
40840,0.5076257872099492
40841,0.10483841352535354
40842,0.04677053641201854
40844,0.541586521624101
40846,0.43325310540491824
40848,0.9202844267407398
40852,0.4287320964969929
40853,0.9648853292423775
40854,0.18690843344938773
40855,0.8226594689809492
40858,0.1882323460294174
40860,0.30511470623892967
40861,0.6844242183906515
40863,0.25440941716559723
40864,0.48872742857647733
40865,0.5191325316746424
40867,0.5199432887798106
40868,0.3502450770514531
40870,0.4393171154578547
40871,0.3513189673704061
40872,0.07876662070900001
40875,0.3532598129298653
40879,0.27164439242214494
40880,0.8512672998077796
40882,0.8079032956239188
40884,0.7723938505023404
40885,0.9474054239413995
40888,0.38537363042303696
40889,0.7610512246779674
40891,0.6342831848992069
40894,0.7370365205190583
40896,0.7877413757037568
40899,0.8005708482867021
40900,0.47185837019600063
40901,0.6867853214533906
40902,0.4556772977077756
40906,0.4535277554620355
40910,0.5683731941205392
40912,0.9417468383296237
40918,0.6299343647064504
40919,0.7006980502710907
40920,0.45359378533246814
40921,0.2199177427632966
40923,0.5899602309353915
40924,0.932715200746411
40925,0.33925995576579143
40927,0.5693255780209971
40928,0.5883560260255274
40930,0.822516901224229
40937,0.9525540039879
40938,0.5818630694799235
40939,0.3597977363860613
40940,0.3192205364120482
40942,0.36255599713275266
40944,0.7432056371501307
40946,0.44121883552498997
40947,0.4806479386792695
40948,0.8957274743826845
40949,0.48589867440549583
40952,0.6312752779740791
40953,0.6793639746043154
40954,0.5038908021686208
40960,0.7046110738168406
40962,0.3772968131026528
40963,0.18236436587901858
40965,0.15127343929777776
40968,0.7069775968475328
40969,0.4610210965768541
40971,0.24482380808375723
40973,0.8380617502094906
40974,0.3287677383968169
40975,0.2718899208015375
40978,0.8886523393306853
40979,0.4922907040846607
40981,0.02615181313711009
40983,0.3349722351674166
40984,0.49780984989366966
40985,0.5385655569099521
40987,0.7656556388877218
40988,0.7457997844724846
40991,0.8184649000166118
40996,0.5548366242199366
41001,0.8321964135708837
41003,0.8038572133270986
41005,0.677647242280253
41007,0.6973521544125214
41008,0.07371536573666371
41009,0.3305949350978086
41013,0.11222608553841287
41014,0.3455854296713679
41016,0.8926845433502263
41022,0.4585941973346194
41023,0.1765354152451086
41025,0.8339894035681675
41027,0.8875869578165204
41028,0.31130982882693686
41029,0.17883993387950606
41030,0.8451636132687551
41031,0.5687288965373427
41032,0.6434044450670453
41034,0.5730874228541744
41036,0.1916755815448688
41037,0.8826690655527472
41038,0.5678749294200042
41039,0.6260709504095814
41040,0.33316725609293835
41042,0.37212863312051636
41043,0.660368221090555
41044,0.44615697245058383
41045,0.15639126566862316
41046,0.6292248088471855
41047,0.579795868630378
41053,0.5190684523774334
41054,0.34463046276192966
41055,0.46123583939620666
41058,0.38392370702237716
41060,0.74664150649875
41061,0.3160796929780863
41062,0.596657124743633
41065,0.4209972841472333
41067,0.5193656465372946
41068,0.5911397027051308
41070,0.7195237905619071
41071,0.2234178465479735
41072,0.7316024738056855
41073,0.5197132763425377
41074,0.6021893545658097
41075,0.7275788094812182
41076,0.44965429558083414
41077,0.7755134121628406
41078,0.5404515463353811
41079,0.8304559916617237
41081,0.8375437607821964
41083,0.7733068476831217
41085,0.6946944487905683
41088,0.6350426087188193
41089,0.7271280558199691
41100,0.20808547236942423
41101,0.2987990821099089
41104,0.41772020902585033
41106,0.14939578121790129
41107,0.6348441394383874
41108,0.8234309062486728
41109,0.80754658305364
41110,0.39572264096867044
41112,0.42879147073568397
41113,0.41086661313172623
41118,0.7133118688425074
41120,0.2681373765426453
41121,0.5682686082656354
41122,0.29781105836986116
41123,0.8097698446345569
41125,0.3215409269405129
41128,0.3590805815055109
41130,0.2073080211598623
41133,0.830931742310901
41135,0.2336760448102149
41136,0.5790216366127064
41138,0.9288834461759682
41141,0.560841649269155
41144,0.8509288527435905
41146,0.8029938181969742
41147,0.6293176126118203
41149,0.7867878885562496
41150,0.7554858951345635
41152,0.17997548393600046
41156,0.40229775479433527
41157,0.6462617874249788
41159,0.5252909436601633
41161,0.6592189714179851
41162,0.5439265491479601
41167,0.5174658153516235
41168,0.41354073393155055
41169,0.6868429992542967
41170,0.9202996463252763
41172,0.8159867065103334
41173,0.8833482228292652
41175,0.7002389200398906
41176,0.3455686426068778
41178,0.3303786467207264
41179,0.5613847742827877
41181,0.730845814544083
41184,0.7086016583598053
41185,0.3760932762293383
41188,0.43559847801411516
41190,0.20516011855076544
41191,0.31425841768802043
41193,0.4359886771622888
41195,0.7153031879520327
41198,0.4011123439236463
41199,0.2882361005395631
41200,0.4397576141995202
41201,0.27292619447540106
41203,0.3207444332596991
41204,0.6173038727354626
41207,0.578255891202867
41210,0.3126554429795231
41211,0.7712603983129235
41212,0.48609446351189356
41215,0.2867890332400517
41216,0.8903127825077547
41217,0.803123762057619
41220,0.540978620735357
41223,0.4268818323168056
41224,0.8292564010184523
41225,0.8235174932151516
41227,0.5499561110249541
41228,0.49222797658322115
41230,0.5100868231653468
41231,0.16350898203011577
41234,0.1377238520703303
41235,0.5620276428221018
41237,0.4281525179925821
41238,0.42073381300481427
41239,0.6651955470473302
41240,0.9510596808381735
41241,0.28492940136118033
41246,0.6818426034787931
41248,0.759162177675554
41249,0.36313515232602084
41252,0.6879359760982414
41256,0.5702639679320135
41257,0.6083119624884793
41258,0.6357291114628858
41259,0.6537677045221211
41266,0.67524795423781
41267,0.5797961075402579
41271,0.14489149854841202
41272,0.17347113157578734
41275,0.5860953059276892
41276,0.757756276059795
41279,0.5731706055215398
41280,0.4942057246348571
41281,0.6202367575894742
41282,0.5167995590672301
41283,0.2552121893031079
41286,0.3628125568569746
41289,0.5585473460890986
41292,0.3897815725408219
41294,0.32737629895192166
41295,0.1171768411263281
41298,0.7806881760615318
41301,0.1505951123203245
41302,0.7922006255909614
41303,0.8329064018690108
41304,0.24004651156451765
41307,0.44761771849035864
41310,0.7807717498246117
41312,0.7764917770439945
41316,0.8114899518486802
41317,0.5379515119302307
41318,0.8347175882357032
41320,0.4261924165276819
41321,0.2746466920024921
41323,0.6834800369443842
41325,0.32698739959714335
41326,0.2326396570600386
41327,0.23406619944687299
41329,0.5337492264244627
41330,0.2552522673144536
41332,0.3681269664832836
41333,0.4259542904434288
41335,0.9074151583349518
41337,0.7570412034719568
41339,0.5438424259714407
41340,0.42518094132706463
41341,0.5975410831854829
41342,0.09097644468619091
41343,0.3530744660781369
41344,0.7660733729525702
41345,0.2701340658329942
41347,0.6705344307749792
41348,0.5904208175504165
41349,0.21201515945114113
41351,0.2664187086779486
41352,0.21489689313526775
41353,0.9007503453695874
41358,0.8963612675555079
41367,0.17433370176821483
41368,0.8330345436016614
41371,0.7912107145274367
41372,0.25058645337361574
41373,0.4478947005797476
41374,0.20313246951423114
41376,0.42781742275205015
41377,0.27648672148907716
41378,0.5217899770144288
41380,0.8871964539527739
41381,0.27381234292658746
41382,0.5523227095543808
41385,0.3263765639644899
41386,0.9049206262787478
41387,0.8028131093884472
41390,0.480499944888966
41391,0.31407532812805167
41393,0.57137628417995
41396,0.5654500188909252
41397,0.42950483575498344
41398,0.3935774678705832
41399,0.6222020829689278
41400,0.751161658596081
41405,0.3995972038929689
41408,0.1183525679783485
41409,0.618514540738569
41411,0.816548969591249
41412,0.9183964319393687
41413,0.23175264993015307
41415,0.7580584058873964
41420,0.6631306718168105
41422,0.27316091830508443
41423,0.36714920768258974
41424,0.24613728473899343
41426,0.6501486053389416
41429,0.6682315537147345
41430,0.9141643227726906
41431,0.795386003852681
41434,0.395318766392662
41435,0.33042553866453483
41436,0.35638524001471716
41437,0.6573880261318806
41438,0.18011672890311636
41440,0.36776415046378147
41441,0.3398958483592874
41445,0.3241874301877986
41448,0.6495692881679913
41449,0.3866450653087284
41450,0.35624288271176496
41452,0.3124672820637599
41453,0.6710506740139672
41454,0.4856836803035995
41456,0.48649264516899066
41458,0.25520417387621125
41461,0.9059424146830853
41462,0.026892085533440177
41463,0.3102198528504883
41464,0.3898477908974973
41465,0.641231537964629
41469,0.10419118763137154
41470,0.6598012753639548
41471,0.5999194072909853
41472,0.24650258386864907
41473,0.11667092767195675
41474,0.30869830750428756
41475,0.6221622308498549
41477,0.3993076827704688
41478,0.9478947028392717
41481,0.18607359903790732
41482,0.77427331283973
41484,0.6923224645794611
41485,0.13601182414815174
41488,0.21427379336687474
41490,0.5375823176432877
41493,0.11280989875658892
41494,0.8787249503704818
41495,0.5896945946170193
41498,0.3621143541925574
41499,0.8696145255681832
41500,0.312957875546346
41501,0.7542683585676215
41504,0.628826501554459
41507,0.8894530293731182
41510,0.4694250506429121
41511,0.36808454429571374
41512,0.4750211100736794
41513,0.24666737332766073
41515,0.5554942278446838
41516,0.9495867758150597
41517,0.23735545056109694
41518,0.8664036213257801
41520,0.36114378186782414
41521,0.6658048424714007
41526,0.33040954547789225
41530,0.2710460987050843
41533,0.4612880955046023
41534,0.11172485062646019
41536,0.18535144190322256
41537,0.4152559831213122
41542,0.8015334574159605
41548,0.5000155251263351
41550,0.702075189612784
41551,0.3815878938737589
41556,0.3842460568913909
41557,0.287584205940573
41559,0.24185420591042855
41561,0.22155437820074916
41562,0.37755670528027696
41563,0.8968152304115755
41565,0.7570360740569464
41566,0.7443950018972944
41567,0.7267001680623272
41572,0.617851934661971
41573,0.5018349541027671
41576,0.4499535849896452
41578,0.7881927837220891
41579,0.5015854593891145
41580,0.32704805896478933
41581,0.33228947775169776
41586,0.4366171451662321
41588,0.547141827917595
41590,0.6126534386112852
41592,0.4359233497599135
41597,0.48729442117759786
41598,0.3113970941142715
41601,0.4128815585104028
41603,0.7608854749975507
41604,0.1266595921652205
41605,0.1564369856054743
41606,0.4399877578569005
41608,0.5379666605583036
41615,0.5483099372690771
41616,0.43981345238829267
41624,0.5626274282265147
41626,0.8130403175975179
41634,0.43389062657021715
41635,0.2870768305152112
41636,0.4167448316139398
41639,0.3220244347985006
41640,0.9150383992752342
41642,0.6982566323230711
41643,0.09199536097105229
41650,0.6783636977501213
41659,0.19898327876834224
41660,0.5667161878991744
41661,0.36773030121226064
41662,0.8133256512745125
41664,0.5230721175860126
41668,0.9507830583824577
41671,0.8982198271904295
41672,0.7494143155620556
41676,0.7863175033743798
41677,0.6216274377089147
41678,0.4195085583924741
41679,0.4004257718170559
41680,0.25105246251301566
41681,0.51774405048809
41682,0.7303949827149149
41683,0.37634149688829877
41684,0.5080091017368382
41686,0.4075103924113444
41687,0.2913107212833047
41689,0.961868780221954
41690,0.2692657273388141
41691,0.5749926395123002
41692,0.7252198276939376
41694,0.38189117349560225
41695,0.7299834524948233
41697,0.11244211846884859
41698,0.3412532813593732
41702,0.4712705174766624
41703,0.7772363218320276
41704,0.5403774781970884
41705,0.7544984579715867
41706,0.10558507286020999
41707,0.3354761326266789
41708,0.2551141603848139
41710,0.5498637882568718
41711,0.2925531791931506
41713,0.859405915300248
41714,0.1273932147245417
41718,0.5639034329863439
41719,0.7178771234816637
41720,0.9522727017011768
41721,0.1706768515341467
41723,0.4596768566254328
41724,0.13737750337171728
41725,0.4562883483753927
41726,0.6964838758245949
41730,0.6332290489362606
41734,0.9225489322609404
41735,0.16491573742806934
41742,0.8388686713578937
41747,0.23427722509577284
41749,0.6222309167355414
41750,0.6702532096819513
41751,0.27229647251678496
41755,0.6983943998890636
41756,0.7470694177862279
41757,0.30540005530838854
41759,0.7726365165414174
41760,0.5612047058504329
41762,0.8002840326004188
41766,0.7657983231463185
41771,0.8151927997835176
41772,0.6074359959692673
41774,0.585880766485628
41775,0.2974332718811479
41776,0.4280677868590482
41778,0.7083995639931691
41779,0.7442535355621357
41780,0.3351746323080112
41781,0.12788418358139117
41782,0.6083720314915066
41783,0.1666595106525286
41784,0.6306642046123055
41785,0.6077104920491976
41786,0.7644111002632425
41789,0.539720045233868
41790,0.2918316776495159
41792,0.6544393596219266
41794,0.49556896549893414
41797,0.7758684876191934
41799,0.7135695516773654
41800,0.23073422359834542
41807,0.5687476320516268
41808,0.590251066278164
41809,0.9409801551227133
41812,0.564803358602984
41813,0.6618121975493302
41814,0.3205021273641373
41816,0.35171344018105793
41817,0.4082126387396069
41818,0.6528811435355678
41821,0.6971281636961231
41823,0.47537259457790976
41825,0.15239080678235672
41827,0.13705151930806606
41829,0.816283549231959
41830,0.7360339529650772
41834,0.7335214972609152
41835,0.7518423561538121
41837,0.6739107557283415
41841,0.38426179694500523
41845,0.1691966917274381
41848,0.8749419310902635
41850,0.7786634069143321
41851,0.3607642839798299
41852,0.1093822420933315
41853,0.6774038567246949
41854,0.79810663029041
41855,0.8023327506113295
41858,0.5295081441839237
41861,0.5644450692405939
41864,0.21850617092470553
41866,0.45877093515389084
41868,0.3081291726503525
41874,0.14979412425322292
41876,0.49612283573562177
41877,0.8512819701922641
41880,0.6950941718855354
41885,0.5877207124047916
41890,0.4675501010096177
41892,0.8424222675888351
41893,0.5669110602595562
41900,0.6835259493669799
41904,0.6298548769609692
41908,0.8561253818750552
41914,0.9004418218431101
41915,0.18291562534936598
41917,0.5975113119530913
41918,0.5367266063505918
41920,0.34468186370963466
41921,0.3156208836251144
41923,0.6358125536348908
41924,0.7498991027128973
41925,0.6432646726232571
41927,0.693756538562451
41929,0.25218733045136354
41931,0.4704634484220931
41932,0.8683618867615628
41938,0.4730097717681339
41942,0.49996178478824216
41944,0.1982260693843928
41945,0.6545564237328301
41946,0.20378281063977713
41949,0.48630198797263985
41951,0.6556538269360099
41954,0.9669657678993796
41955,0.7360065488459052
41957,0.27812310964704906
41962,0.19992143838657486
41963,0.6238149416494694
41965,0.8036011367034485
41968,0.867589409581516
41969,0.5140026399952342
41970,0.5055947922998678
41972,0.6547723475030106
41976,0.7594643200880222
41981,0.3923520482365412
41982,0.7701562443618952
41983,0.5134686669999738
41985,0.4894207840464889
41988,0.5291511790492872
41992,0.7684854516238337
41994,0.9244497782171508
41995,0.534864176614279
41996,0.47223120031936183
42000,0.5199746520035453
42002,0.4780808131080508
42008,0.3925409174357792
42009,0.3654736119643901
42011,0.6867171243859723
42012,0.4939221488091665
42013,0.037487670309234604
42016,0.8964409904789707
42017,0.7337565156816499
42018,0.8444856530915149
42020,0.7076101737785937
42021,0.5868868494017357
42026,0.3935299650102898
42031,0.3301371559989695
42033,0.7247282040618941
42034,0.3599161519571269
42035,0.08472241502029759
42036,0.8028318155307943
42040,0.14582130650796668
42044,0.22614408952326626
42045,0.22767601660389417
42046,0.7855679829470095
42051,0.5523412015905282
42052,0.3090595259209527
42053,0.6046324461094077
42054,0.8274378580480929
42055,0.6219254605710214
42057,0.768421144362899
42060,0.10578735276891442
42062,0.3904328587170668
42063,0.4410367162458615
42074,0.6969821383953633
42076,0.5519685125997223
42078,0.6285976430960094
42079,0.7143873533440782
42082,0.8381155649870586
42083,0.6855503845067329
42086,0.45818665286648225
42088,0.8803049731335054
42089,0.8892904652406348
42090,0.5571578539244219
42091,0.34526610125572094
42092,0.8554926986789668
42094,0.45551055368054394
42097,0.47526637608589695
42098,0.4100779126983599
42099,0.7998485481513192
42101,0.2723872926481643
42104,0.6015498223825692
42105,0.5694361532179417
42108,0.3856825190582625
42109,0.719609568914074
42110,0.42689792480136596
42114,0.2639824685419916
42120,0.630020864456316
42121,0.899454220831392
42122,0.8651285218297535
42123,0.4028315368542835
42124,0.14167471295113168
42127,0.07524669517334402
42128,0.8339597940099283
42130,0.6326876601847978
42132,0.5566921134818184
42134,0.8188134485498721
42135,0.4405532203736694
42136,0.6611360423494062
42141,0.2695404401106195
42142,0.5571187307306414
42143,0.22525427733789147
42145,0.4601438813422759
42146,0.6693723919238486
42147,0.731418248255206
42148,0.735246198238922
42149,0.2535353847295019
42153,0.666429407801072
42155,0.23101882526661344
42157,0.6410199692108342
42158,0.7094882087749146
42159,0.7426379942653422
42161,0.5154252982566634
42162,0.24816762764119735
42163,0.46362032919043106
42164,0.9010834088329958
42169,0.08605047023086342
42170,0.25932939796556603
42174,0.8400222061820121
42177,0.15271397086060298
42178,0.8731963436867325
42179,0.11720508289837167
42180,0.9186142038598267
42181,0.1782851019460993
42184,0.1761659905356138
42185,0.242791118979783
42186,0.7788999821011661
42187,0.6153803578686319
42191,0.22139567578796432
42193,0.4326730580424615
42194,0.8573418294137909
42195,0.761696848853594
42196,0.601146192572651
42198,0.42345424425756617
42199,0.8959352169405761
42200,0.325970351274642
42202,0.7372162864871742
42203,0.363153808295664
42204,0.669727657981699
42206,0.5496001121484222
42207,0.1418869337330279
42208,0.8430995876483601
42209,0.7266457703019751
42210,0.9606002904338915
42211,0.004952866656219821
42212,0.7676039562626664
42213,0.3408118290360257
42214,0.189162968083877
42216,0.7730429879503863
42218,0.3141673125302035
42219,0.1297206289365863
42220,0.9424764172941485
42222,0.46929593784864854
42223,0.8192463021536375
42225,0.681706473306061
42226,0.5534775610719258
42227,0.501988609063684
42228,0.3668515090458566
42231,0.7666216509281594
42235,0.8587316439068201
42242,0.24857850185689345
42243,0.2571370180417815
42244,0.6698601943990676
42246,0.7122519329919005
42249,0.09969097788895365
42252,0.6296273153776689
42253,0.7590571476816603
42255,0.24144262722684443
42256,0.7090713210998872
42258,0.392058790342545
42259,0.5599520337201507
42265,0.6374661424254094
42267,0.23923019942126172
42268,0.7841934539883882
42269,0.13041962042780586
42270,0.6615656785247955
42272,0.32948131178179335
42275,0.5229413977177294
42278,0.3212303762218467
42279,0.2947724734846266
42286,0.28311141591329275
42287,0.07564348204368909
42288,0.08078004861872463
42289,0.3391086192040904
42292,0.1165955801114634
42293,0.3266884035839503
42296,0.36986606188503457
42301,0.5270377183864379
42305,0.7458646955919191
42306,0.3942593707654483
42309,0.470506738551186
42311,0.9595117011953052
42315,0.12738659467085156
42316,0.5623290480941189
42318,0.9708683277243071
42319,0.5361784027588713
42320,0.5048041578920031
42323,0.968064873032296
42326,0.6606591172872063
42327,0.6726066031607729
42328,0.35579052449585197
42329,0.7644080839205409
42332,0.48857752267964166
42335,0.5653248518883143
42336,0.23463406042130733
42340,0.24989831352442532
42341,0.27917453991759994
42342,0.4455931025924278
42343,0.04572846779714979
42346,0.34642470321970287
42347,0.5181905048023013
42348,0.25173021539921614
42349,0.7423186385170567
42350,0.8291806671295113
42352,0.5992579467946515
42354,0.3896279740806553
42355,0.5271556887461211
42359,0.939704902942125
42363,0.4613732355606897
42364,0.7774219030617918
42367,0.7882256427868768
42369,0.2116546600016658
42370,0.30128852183015364
42371,0.13918975002862655
42372,0.0485534693469653
42373,0.10695687440521788
42377,0.06852192345452798
42381,0.6623729335618457
42384,0.6691467638193976
42387,0.24677365217383077
42390,0.9342045981174922
42391,0.7308170349562629
42395,0.38937662349661506
42396,0.521630521921821
42397,0.7309781988155523
42398,0.5327592043185786
42399,0.19237435719020451
42402,0.5461256574277656
42404,0.7503714736241667
42405,0.5928328801979372
42406,0.7843161097220195
42407,0.790199526310039
42409,0.5831166538433442
42411,0.14076891102531672
42414,0.5499415318940796
42416,0.6161514226666569
42418,0.2292565124043235
42426,0.17943384485629507
42429,0.6655822786805705
42430,0.8911025882358352
42431,0.7244571756770969
42432,0.6177402380388203
42433,0.5168854543031384
42436,0.6385365679855509
42437,0.11006250675971059
42438,0.34493121352570044
42439,0.3046043696960153
42453,0.7164228794174946
42456,0.616726487751694
42457,0.8477031717869743
42458,0.18945224011794606
42461,0.10566333643235884
42465,0.5044104500819026
42468,0.7993187687324089
42469,0.8484563167457342
42470,0.8050406529727976
42471,0.4787829103521601
42473,0.12921269234343777
42476,0.7557062745943927
42479,0.02651997457603322
42481,0.5818173167617894
42483,0.9343128498320241
42485,0.6697274104631379
42486,0.42442940411311336
42487,0.22499374187365204
42488,0.5810777713759205
42498,0.2091446983314799
42499,0.12936950827707713
42503,0.1826555795017393
42505,0.5776176674876417
42506,0.15353183272757132
42509,0.53690923545212
42510,0.7510379554839327
42511,0.3876919329109611
42512,0.16521083851657006
42513,0.14770456411495816
42518,0.6399240398564647
42519,0.8038851158654252
42520,0.3454577349255298
42524,0.4190253821626823
42526,0.14382929871958489
42527,0.7386157381469942
42528,0.7070572026138292
42529,0.7576442446334174
42533,0.6886294856831862
42537,0.8187266769434292
42539,0.28004471253730157
42542,0.6575681521858835
42543,0.8591003355598124
42547,0.7436994249117589
42548,0.4009167396522048
42552,0.7405387253795861
42555,0.7737677014068783
42556,0.14433819946647192
42558,0.56983195196653
42561,0.9148909221421757
42563,0.9574763972733707
42565,0.9367452010720551
42566,0.7071095484134944
42567,0.33196742657117223
42573,0.1791212962105805
42575,0.5074718514538447
42576,0.16374833819147933
42578,0.4010390156167139
42579,0.02639252180860621
42580,0.5339342643207929
42583,0.2694172670245596
42584,0.051622433432195886
42585,0.3872393845819398
42586,0.25393372345180404
42587,0.9214892375685791
42590,0.3749229986279252
42591,0.3931127506857507
42592,0.5100958988449447
42595,0.10109510915162268
42596,0.490354587076727
42597,0.8091144775533672
42599,0.32258275246743334
42601,0.9567718017482604
42602,0.47553704767885124
42604,0.7383938462646764
42606,0.5290855454695667
42607,0.672901798788944
42609,0.426529595075234
42611,0.3686023946335237
42614,0.8258408840303113
42616,0.2301299060320544
42617,0.40343937389282997
42619,0.7857461007525587
42621,0.15447874199219624
42622,0.277534761294613
42624,0.8109239683138861
42625,0.7612779634615938
42627,0.2691446697172058
42629,0.9135893539082547
42631,0.5858258412316996
42635,0.4173705818094584
42637,0.8107824315952712
42641,0.20106038961951647
42642,0.20011996933552917
42644,0.3408281308815091
42645,0.19362442633995353
42646,0.6342243907167042
42647,0.41579304367319253
42648,0.18558019281280622
42649,0.2130868989405639
42651,0.6324550332641211
42654,0.5501764461753575
42659,0.41703032389970435
42660,0.7228928082383098
42661,0.4445849171511787
42662,0.8150867806047198
42663,0.822263119774684
42664,0.6723711723897747
42665,0.7309856110123025
42666,0.24070262910088133
42668,0.6605877528422088
42673,0.46434150212007946
42675,0.5182582269258427
42677,0.19217479151263248
42678,0.24411321861523688
42680,0.7147856895641057
42683,0.39359530021329325
42685,0.45217685314112066
42687,0.5455682932566538
42688,0.218115106627427
42690,0.9769558397902791
42691,0.7675753902509198
42693,0.4087975091403306
42694,0.3354150659913256
42695,0.7568366273857537
42696,0.9619387292840276
42701,0.18140043489111846
42702,0.61565707804743
42703,0.6923241610352934
42705,0.3564149792873424
42706,0.33560913272852255
42708,0.17358883833681318
42709,0.6024499321532079
42711,0.19676981487794978
42712,0.33412142482614404
42713,0.7429697093545302
42714,0.45493010247250937
42719,0.5569694767660419
42720,0.37881207427322683
42721,0.7800843170821432
42724,0.7270748284369131
42725,0.5170722221155787
42726,0.36846158344502616
42727,0.289582721651718
42728,0.8096465231892914
42730,0.5776026434611897
42733,0.921982602207625
42734,0.5943028398181082
42737,0.8724795172983084
42743,0.2841244676989505
42744,0.2816533336570976
42747,0.5948716032547873
42748,0.4860896251167995
42749,0.3854296695999228
42750,0.8394140985213463
42751,0.7260295561334629
42753,0.3686791577892454
42754,0.8318795417003896
42755,0.821595741739584
42756,0.4917303091696834
42757,0.4051966426688282
42758,0.5488916943710811
42765,0.3295881067468011
42766,0.017228489824901005
42767,0.44027741281151817
42768,0.6774943804180775
42769,0.6494616305788521
42771,0.5132533266833573
42772,0.7244734684554953
42773,0.5072351699718612
42774,0.3129363818084063
42775,0.4788408493510604
42777,0.6925493339418759
42778,0.49308569280368947
42779,0.5277484834016932
42781,0.7245608344369768
42784,0.5945977552948168
42785,0.6136593580161102
42787,0.44693575062632707
42788,0.5283806576065546
42789,0.30523701223941546
42794,0.0647789245614837
42799,0.37110846749075177
42801,0.07850196855878862
42802,0.6181272052074959
42803,0.8742167507675855
42804,0.1695462469452729
42806,0.19866577124710752
42808,0.8439509029595352
42809,0.4963988768716361
42813,0.42399801300301443
42815,0.3633651822246779
42816,0.3730320688613692
42820,0.5864067687337932
42821,0.1603866522881525
42823,0.1509407565097447
42825,0.16223542861132415
42827,0.19779690175346842
42828,0.7055804533493859
42829,0.5991781790160727
42830,0.11187573660844966
42832,0.8749241040040927
42834,0.6499481702488163
42838,0.4188616965403311
42841,0.8484481423037917
42842,0.6596302190474215
42843,0.22658180572010408
42844,0.6047743836099144
42845,0.4891929354135681
42848,0.4519443395412189
42851,0.29100717404376464
42852,0.9846891420952629
42853,0.47208747603797396
42855,0.44310388327742306
42860,0.4788851045118114
42862,0.8756386008016134
42868,0.605017468494396
42869,0.7165018710740622
42872,0.767625974831895
42873,0.416154973143664
42875,0.5970533860227378
42876,0.41299012369425225
42877,0.33130457899135
42878,0.17630959791704456
42879,0.36405588277203943
42881,0.4307291660548422
42882,0.5726844090112375
42883,0.2544074339240492
42887,0.8315574244206522
42895,0.8803717462828397
42897,0.8163928497606258
42898,0.2101563091102056
42900,0.5528391834138562
42908,0.36856285547418255
42910,0.1473151924045503
42913,0.7240569928244108
42914,0.7689417896161639
42915,0.15358532148491108
42916,0.28464147270763834
42918,0.3668322480915341
42919,0.8965541680298793
42921,0.23383203332905178
42923,0.24447770870611088
42925,0.7122184071800035
42928,0.3078372156476627
42931,0.6960738670371033
42936,0.46886649623215504
42937,0.8292761856377023
42938,0.673501357228919
42943,0.8340159582923906
42944,0.4809907754454798
42945,0.5250470251185946
42946,0.9476126569042443
42947,0.3282493991305568
42948,0.74094461391142
42949,0.17053426442627137
42950,0.5519370856855559
42953,0.09377908388548524
42955,0.6898404947240876
42957,0.8067764520801769
42959,0.14057851193064522
42960,0.44239315143114816
42961,0.47640026423343734
42962,0.14742834855524314
42963,0.9211141397438153
42966,0.36766491719318883
42967,0.9099204406685268
42968,0.5718531162146276
42974,0.5455449518606198
42979,0.2868020562033196
42984,0.3924111620771829
42985,0.7077527979521355
42986,0.3531007896896859
42987,0.3516997811532652
42989,0.4067127554783729
42990,0.37401073305843485
42991,0.15016625545221268
42992,0.22080541633378117
42993,0.5044423397434971
42994,0.6270775737419328
42997,0.41880243510844056
43003,0.877210664267572
43004,0.5301731249281031
43005,0.1670832245980996
43010,0.4553371181409002
43011,0.5381136354599522
43012,0.5826639975756064
43018,0.34115019125491247
43019,0.8024965336571445
43021,0.20704516577347568
43024,0.27816828616982764
43025,0.8349347018954887
43028,0.9804250977698645
43031,0.6933080447884487
43033,0.6337703030569416
43034,0.528729108305423
43039,0.7956189782243683
43040,0.21908015309883178
43045,0.48580377844601785
43050,0.1259503873248303
43052,0.3733838851690083
43054,0.6718074061480265
43056,0.23080441835225982
43058,0.6679536977578068
43060,0.6498551100843758
43061,0.8738458515996192
43062,0.4789781747025978
43067,0.5859241230956905
43069,0.886998230888865
43073,0.3473826017420273
43074,0.8928448776768351
43076,0.6620254640293518
43077,0.6553529313792501
43078,0.8140456236384515
43080,0.908598015218793
43081,0.18086875563536833
43086,0.2234242386439223
43087,0.08053297976585362
43089,0.6481052516766294
43091,0.7818708046170914
43092,0.7191336267508172
43094,0.42362540852735514
43099,0.6878647886829502
43100,0.7639690900403023
43101,0.8232973151359735
43104,0.8803977618708421
43106,0.5351163586812475
43108,0.4320640354193522
43109,0.2246863359463535
43111,0.5033487245698678
43112,0.09263023363327352
43117,0.7371172605105396
43118,0.6007040777914023
43119,0.7687275985473679
43120,0.23580471576181802
43121,0.8324458239886502
43123,0.7553216686182754
43124,0.873491253394318
43125,0.6717582374100601
43128,0.46150142593607857
43131,0.7194265271424052
43135,0.06588312847913269
43136,0.8123829255051274
43145,0.7086254469501945
43150,0.7208563724173378
43153,0.6294960165460199
43156,0.18521911919392237
43158,0.5401455316350866
43159,0.2534397606725777
43161,0.4175192507797821
43162,0.18436488028591522
43163,0.35322890459276063
43165,0.39752124013628354
43167,0.44070027094871844
43168,0.5423687122680089
43169,0.43896043966878345
43170,0.43456231234070053
43173,0.5713656692945008
43174,0.18323472244069025
43175,0.43822224300069523
43176,0.15887294073811534
43177,0.33621336480661573
43180,0.4654219044789935
43181,0.44500419778257155
43182,0.03180806300103011
43183,0.2733097107552844
43187,0.44931910935936115
43188,0.559713843927379
43195,0.3849768533361983
43197,0.5048268034801658
43198,0.8725148363904425
43199,0.6066399670337616
43202,0.4563915362393308
43206,0.21469000187619836
43210,0.44330941594798984
43213,0.6237908007474398
43214,0.5075484733153498
43215,0.6002989851863302
43216,0.8609906575503784
43218,0.15109649246621462
43220,0.24799247886991488
43221,0.5974308498603336
43223,0.5785553036169796
43227,0.7114834662116154
43228,0.08414091512578475
43229,0.9025979814789392
43231,0.4112164933830789
43233,0.5029100287499401
43235,0.49404444526423946
43236,0.5272167006545296
43238,0.8180849792511564
43243,0.1860750669002216
43244,0.7204470345663437
43245,0.2684231123927114
43250,0.19513658399078182
43251,0.6405703614753806
43254,0.3786135213767222
43258,0.2874921496604759
43259,0.695268732277858
43262,0.6850305927293221
43263,0.6372756062620756
43264,0.8244362937143699
43265,0.7069511632892899
43268,0.9834920618410554
43271,0.38793377791136735
43272,0.4668952778798853
43275,0.5378667670515257
43277,0.8877489299650667
43279,0.28204572634754177
43280,0.5224708690877323
43282,0.8621922061550953
43285,0.5755302043837507
43286,0.13975173228729043
43287,0.18787167499937274
43291,0.8572279244902892
43295,0.6179327904035496
43298,0.3987341396502626
43299,0.7721133493936166
43300,0.8166156575768285
43301,0.38281390484697514
43302,0.9589441488187038
43303,0.5132151858642955
43305,0.5022005242551978
43308,0.21780979956015903
43310,0.2580244886611265
43312,0.3101899189387428
43314,0.4337870238811212
43317,0.6861329927849815
43318,0.8476691334841351
43321,0.7132607864774295
43322,0.43277129229607847
43325,0.669885272246993
43326,0.41070816162609713
43329,0.2901758452356303
43332,0.3212263328198747
43333,0.8146591688659744
43335,0.23368628500100547
43340,0.6226697188393299
43343,0.6145108215870432
43344,0.6074094868308824
43345,0.7422235428646486
43346,0.5118328265659455
43353,0.9535038727322187
43354,0.5018252056138685
43364,0.21623488983518185
43365,0.20402818231527733
43368,0.4920056834200575
43369,0.39472856635392495
43370,0.45498730378690844
43371,0.7956294744785846
43374,0.5435860199401795
43378,0.7216089963537424
43379,0.8592428679374706
43382,0.7251168554008125
43384,0.4684488928339573
43385,0.7322232006323925
43386,0.43466705632076297
43388,0.47434735733787275
43389,0.6663130839568907
43390,0.42865482636643015
43391,0.36625949339098995
43392,0.2973076390851342
43393,0.5654406817561566
43394,0.29125014947816763
43395,0.663408013040681
43396,0.944478246297561
43397,0.09286201585075755
43399,0.19723490262992802
43400,0.3448261816934775
43401,0.3493396201024705
43404,0.6347985680450933
43407,0.6768363073179572
43408,0.5001516625842423
43411,0.4188348220085359
43413,0.9683765800191158
43414,0.4544473658532886
43415,0.773366489817102
43417,0.14862554168912862
43418,0.8434956295839213
43421,0.3970593398397693
43422,0.6114943601652618
43424,0.8593010979122317
43427,0.32178867979958337
43429,0.9379684717803691
43430,0.49777149233567464
43434,0.8156147720236778
43439,0.7983813420154862
43440,0.18756907672573672
43442,0.6191052047423545
43443,0.49288177980481557
43447,0.33733922440814346
43448,0.7731906681405475
43451,0.7891638403571659
43453,0.3745973596996127
43454,0.648179544270699
43455,0.6670935790681949
43456,0.4546106088351812
43457,0.850564852535109
43459,0.7895014854096426
43460,0.7176282181548527
43461,0.08266725255636408
43462,0.8888259383187238
43463,0.25888990049296634
43465,0.4069145262026947
43466,0.9259901511775279
43469,0.4069569875413057
43470,0.5505099622330492
43471,0.7791863033195804
43473,0.5475084070450887
43476,0.27035756715476966
43477,0.07226591959470283
43478,0.5659144051346929
43479,0.9391916426839175
43481,0.9734981435629766
43482,0.6816624739282161
43483,0.5786080826057479
43484,0.2855417947916564
43485,0.7884495617612007
43491,0.246413015639132
43492,0.24576505360012407
43493,0.5953048362575908
43495,0.8308496348032463
43500,0.21375227994695017
43503,0.3559158192963621
43504,0.28746804754895444
43505,0.4050137027196663
43506,0.4438359952156555
43513,0.4608007250447675
43514,0.7221158491969201
43515,0.5364691594539908
43516,0.5167093669112999
43517,0.18622028338975607
43518,0.8539545617445503
43520,0.8449582707509348
43521,0.6388070356679428
43524,0.5994411713261353
43526,0.4030949958777059
43527,0.6799704259406018
43528,0.1908507995071007
43529,0.35848382020714564
43530,0.030408300045384782
43532,0.5266670457224155
43533,0.4684730046249749
43534,0.33681447371004863
43536,0.5727168281283529
43541,0.44560661777206145
43545,0.016543586466756657
43547,0.19051642433020335
43549,0.48531183768031505
43550,0.45807588076704187
43555,0.5946842858086222
43557,0.19164861659101423
43559,0.1211848582384536
43560,0.5907292220552757
43563,0.8674699459756875
43565,0.40021314899973914
43567,0.27387044218260714
43569,0.48055384514840227
43570,0.38896103381557995
43571,0.9609621811457639
43572,0.388870815525898
43573,0.09806108319776799
43574,0.1650679599426649
43575,0.6632712317687494
43576,0.5827223095093883
43577,0.20586882909995247
43578,0.8162608743198511
43580,0.3829163922042391
43582,0.5966976623275825
43583,0.33268771389441065
43586,0.30856709572285335
43589,0.05883937103982014
43593,0.8365327826173986
43595,0.5764475092632528
43596,0.2971320046307741
43597,0.5474763720919701
43603,0.2920328014934736
43604,0.32282800928802485
43605,0.3524186854964835
43606,0.5257319869204083
43607,0.5355870602526449
43608,0.45589811545971776
43613,0.606939634189812
43614,0.5062412550356542
43616,0.12541020480954576
43619,0.10682991238096763
43621,0.6003410402464315
43622,0.5530538329468817
43623,0.9291617224688017
43624,0.6394658418288025
43625,0.33553370161917145
43626,0.3889906230769951
43629,0.16091732606852152
43634,0.5409123515142006
43635,0.6020112067751785
43637,0.9568814148576053
43639,0.7605421278095474
43640,0.653523909600887
43641,0.3216029507463928
43642,0.48915393608279867
43644,0.5740706086046182
43645,0.5115146020597896
43649,0.698161369669066
43652,0.7566244097843001
43654,0.19756969343392844
43655,0.7737531531267571
43659,0.4149660370142397
43660,0.9624339718764898
43663,0.5898721965050844
43664,0.09013846570810477
43665,0.12989675468738093
43666,0.6125533297276123
43668,0.82358433008471
43670,0.8078655490391676
43672,0.33018282446807784
43675,0.2183468882734585
43680,0.38805135411806596
43681,0.062031864233694216
43683,0.6050196624673634
43684,0.6280072896858948
43685,0.5040578085910481
43686,0.8576206326904552
43689,0.7497070547940587
43690,0.8347682657039309
43691,0.34534822814199134
43692,0.4249259468045506
43693,0.6677582208603391
43694,0.14896125691286413
43696,0.5406748911147149
43699,0.8360353475781319
43701,0.5173180386124954
43702,0.24951050884099438
43708,0.5972563056570553
43709,0.8832564894940615
43712,0.6244524999578037
43715,0.4835537236127379
43717,0.9004199547435654
43718,0.5556048367787807
43719,0.09990515733326275
43720,0.8082495241848431
43722,0.6326940455487363
43723,0.6997798413692926
43724,0.47256037904869197
43725,0.7410426114843037
43727,0.11981149158170137
43728,0.8222942470263686
43731,0.7041960510036788
43732,0.5569008964936889
43735,0.6568165368745896
43736,0.809606914963242
43740,0.6727427680776228
43741,0.24050018181647942
43743,0.8118031423743116
43744,0.484491376494768
43745,0.7991193899835427
43747,0.7986813369402157
43750,0.815368931997604
43752,0.6092960283863563
43755,0.2559617742210944
43758,0.8105404467556279
43759,0.7075370664575914
43761,0.7025559180359213
43767,0.33445322139062267
43770,0.6777769835617657
43773,0.7193132546863524
43774,0.797980958844503
43778,0.8037484218985274
43779,0.2846580856997254
43786,0.9151344208706422
43787,0.8863575200583765
43788,0.7492911628204597
43789,0.5221063712393629
43792,0.42447476377648435
43797,0.8270027255701111
43799,0.7346836572241484
43800,0.1900331710446982
43801,0.9463991230007285
43802,0.49711820940257334
43803,0.9112692778972508
43807,0.6594489517946102
43808,0.9432264838776001
43809,0.7575665814892542
43810,0.6281887620187319
43811,0.8059623075704322
43815,0.7092708408683011
43818,0.3702333853424356
43819,0.8158809194833746
43820,0.6019211859657843
43823,0.516424220839646
43824,0.9542393748219565
43825,0.6135344633441552
43828,0.18313987186112413
43829,0.4295996903397306
43833,0.5567394629709124
43835,0.868127545515933
43836,0.08939805815886638
43837,0.8017327789795183
43838,0.38439988504545647
43840,0.4272762201203249
43841,0.06461010357777851
43849,0.8446852364829182
43850,0.1349154843374521
43851,0.5511693878841599
43853,0.8700348352468388
43854,0.6445463484906998
43859,0.696557820398908
43862,0.43949023450188923
43864,0.7250249930420187
43867,0.65860942222488
43868,0.48077825738170393
43869,0.33358345940716894
43871,0.10414008334329297
43873,0.8846755703076957
43874,0.5822046147959696
43875,0.48002645157012763
43878,0.492309134885949
43886,0.8577446668720414
43887,0.45823032788247625
43889,0.27419198187430316
43891,0.09844744383854857
43892,0.5194288414189009
43894,0.28681218569025596
43895,0.7194475816786842
43897,0.7219239586043541
43901,0.32229520375397747
43905,0.16521981120097412
43906,0.3299093166643671
43907,0.9125355311700927
43909,0.30378751584540065
43910,0.7091223616634187
43915,0.26862049868714316
43917,0.47241742965832106
43918,0.8296559527432776
43919,0.27715536273861974
43920,0.6247770015014786
43925,0.2975755889290069
43927,0.7138189462738059
43928,0.8081360630537562
43929,0.7065102169239353
43930,0.7768525084912608
43931,0.42843805708045724
43932,0.7522681058470082
43933,0.16854148624763798
43934,0.4315323959014855
43937,0.48633495196864635
43938,0.5418267072442096
43940,0.39597590545246303
43942,0.5626375042082753
43943,0.5940105100322709
43948,0.8797007645883289
43950,0.5516117426277136
43956,0.6593547929182346
43957,0.5158358342641859
43961,0.7217619055868416
43966,0.4441892710369454
43967,0.7150767391586343
43971,0.4673146075353608
43972,0.6057272831679499
43973,0.690092839677933
43974,0.8993983552727389
43976,0.45001911150982393
43977,0.7145311398305565
43980,0.8563840211314421
43983,0.32774386904322833
43984,0.5343577405969308
43985,0.5677720980563018
43988,0.2942031323350358
43989,0.2239233283907336
43990,0.326115025777623
43991,0.0827798861048602
43992,0.36921581031851713
43995,0.8027777572650425
43996,0.583075672285323
43997,0.6409467496696734
44000,0.8513396248872886
44002,0.5506235044918802
44003,0.3720623291999863
44005,0.6057598577145553
44007,0.2246180512874538
44009,0.44282635765795003
44010,0.47537351001603206
44018,0.09855218850026319
44020,0.5564150406225243
44021,0.36589381176516
44023,0.6955529592366185
44024,0.6349770092835877
44025,0.16019032786642506
44028,0.49883930438681
44031,0.3764152141994708
44032,0.6482270186921167
44035,0.8130922318986364
44038,0.9540877120054667
44042,0.7707811120782686
44044,0.5544897923218073
44045,0.3772129707892719
44046,0.49336411218309806
44051,0.8750630507493259
44054,0.4100779089491168
44055,0.3742112697678692
44056,0.785150583184832
44057,0.5847808175898874
44059,0.30294171160816624
44060,0.6478513549019426
44062,0.49710155866239764
44065,0.6614604147686848
44069,0.5084215554957111
44071,0.4658707123453475
44074,0.5443618262744142
44076,0.9339763184756082
44079,0.1133642210798131
44083,0.4109148252263422
44085,0.9634515706554919
44087,0.0161210895551682
44089,0.12676574759609308
44091,0.8043097668438017
44092,0.19791495092524491
44094,0.9504454245245866
44097,0.2788381366278175
44098,0.7548444002185728
44101,0.14733423999621192
44102,0.46175684139966344
44104,0.8338935979907198
44106,0.658844401201314
44107,0.808774085373919
44110,0.6880635079059536
44111,0.8016690623750139
44114,0.19848823483412484
44118,0.20301384704693384
44120,0.5482228557302357
44121,0.07425337020501717
44122,0.36914856069942087
44124,0.6968415494353675
44125,0.36727030319753695
44127,0.8512200697272408
44128,0.2373267044134646
44130,0.7336677648901891
44133,0.23191453213904772
44135,0.4098163599344579
44139,0.5999391761445334
44140,0.439077926752734
44143,0.7169081435199341
44147,0.41843521752691326
44149,0.3332079782243473
44150,0.5808385702621061
44156,0.619069185697752
44158,0.7351807501226871
44160,0.604056992305507
44161,0.47319793378694514
44162,0.4524881331661392
44164,0.39467227221132384
44165,0.4868114109909234
44166,0.2791232004081124
44167,0.21051202679515768
44169,0.8348940605767575
44172,0.265210331115751
44173,0.830789498826703
44174,0.47835609936874185
44177,0.6517478354200514
44178,0.48674864267621154
44181,0.3072935798033722
44182,0.37433732462672786
44184,0.39774577147379103
44185,0.356990861518317
44188,0.01474955670671306
44190,0.09429119769046669
44192,0.1737219266425163
44193,0.668207998177232
44196,0.11186252588752285
44197,0.10799457354863344
44198,0.41040729621802596
44200,0.2590196940936657
44201,0.7494681410895828
44204,0.36987865910138623
44206,0.40232841323328483
44207,0.7840437541898198
44210,0.6307847001320188
44212,0.3320320966899353
44213,0.7362584047758384
44214,0.711599377986238
44215,0.9190018587867642
44216,0.4131501756992943
44224,0.7886933163369577
44225,0.9222023816440846
44226,0.131329834218918
44227,0.6997912462753937
44228,0.42662030919529903
44230,0.6327395548506128
44231,0.8308703141884517
44232,0.9369166168648316
44234,0.5508484834326243
44235,0.13623402843401816
44238,0.8088374973285141
44239,0.32345194852945497
44240,0.9342743533964197
44241,0.5297779594677986
44242,0.628684155414219
44244,0.38706600035310856
44246,0.1869982293340556
44247,0.294648205334675
44248,0.546264756061523
44251,0.5138877412015344
44256,0.7318304264607598
44261,0.17344495662853618
44262,0.4128741231940498
44265,0.44307500948432793
44267,0.38629181029039544
44268,0.4352013508013859
44278,0.7991408416446033
44279,0.19742259374714205
44281,0.20810178351377423
44282,0.4548534299898806
44284,0.6985277487149414
44287,0.2812738887920546
44289,0.40990702074321966
44291,0.36337874364176487
44292,0.5075740298333371
44294,0.5040812981799907
44295,0.42128398379449145
44296,0.10095210011221659
44301,0.706872536093683
44302,0.7935530989643097
44303,0.11133290818362887
44304,0.47165501678944965
44305,0.649070233843987
44308,0.7206769445595007
44312,0.4905788242101058
44317,0.2697739382108981
44318,0.2837299316083741
44320,0.3289240738340439
44326,0.2649107552921095
44327,0.4887569545350076
44331,0.40172882948126315
44332,0.5140884480740839
44335,0.36594399121082444
44338,0.6849057001483592
44340,0.7225912384230552
44345,0.6846379631732015
44347,0.7393063212428241
44349,0.18328413400017493
44350,0.4172545101601183
44352,0.3150791755817946
44353,0.597382877418879
44354,0.3296716663504117
44355,0.5409936094161285
44357,0.5838471950142572
44360,0.6610545879818022
44361,0.08278267425271976
44363,0.4075542353159963
44364,0.11970717802336459
44367,0.10355982750806755
44369,0.337278449409855
44371,0.8239322056726809
44372,0.8430852765307592
44374,0.5982604600889035
44375,0.49342954871552014
44376,0.9373787170438891
44377,0.37542861572013847
44379,0.3673486015984657
44384,0.7614403339036709
44386,0.7371645014572156
44387,0.6989256438960372
44393,0.6513620897368126
44395,0.5938587099261587
44397,0.42916941795696334
44403,0.4737021880048521
44404,0.27297760996076736
44406,0.5818195009522682
44407,0.6851968266265713
44408,0.35852149590464144
44412,0.12972617264799638
44413,0.6156278793931352
44414,0.2830325172630757
44418,0.822025828813794
44420,0.4344767103457004
44424,0.29968118213075157
44425,0.7684552566182591
44426,0.7367934017297265
44428,0.5932980229713649
44429,0.5508673129764808
44430,0.49126959251068725
44431,0.5809249086192053
44434,0.6098517975803613
44435,0.13379259044424435
44436,0.5651287475099935
44437,0.8501275159512383
44438,0.494248074035359
44440,0.5030735371443777
44442,0.012950746166889952
44443,0.6244575124104447
44444,0.8709481435089826
44446,0.5336084054631917
44448,0.7915881401703976
44449,0.09897110932352621
44450,0.5036632779974566
44453,0.35834831757864055
44454,0.7746190474080027
44456,0.18034933803801106
44457,0.5795237680379053
44458,0.4687633867643798
44459,0.09468781502673372
44460,0.35554342685646184
44462,0.11567698270346233
44466,0.6795682428252363
44470,0.6067833048644805
44471,0.8130453614162452
44472,0.3700007850823336
44474,0.8229055007335325
44475,0.41186634281914
44477,0.3888829434763255
44479,0.5886353205010635
44481,0.015184308063655904
44482,0.41569427076640403
44483,0.7895993767741045
44484,0.35413430076838187
44488,0.6365409397060917
44491,0.6658297739548172
44492,0.4090195246676471
44493,0.21322433007076103
44494,0.67526670850602
44496,0.4810937400665439
44498,0.1482869698355373
44499,0.3900580178270157
44500,0.46351573907850285
44501,0.660620665903702
44502,0.2717202862372343
44503,0.756897183301845
44504,0.4808506871391776
44505,0.49406832681994506
44506,0.3621704693310026
44514,0.10956758377792504
44515,0.358306211282115
44516,0.4206182884605073
44517,0.6910695153199072
44518,0.6204936534589134
44519,0.36669880748287664
44521,0.778310054620687
44522,0.8962461674137701
44523,0.24959266911126082
44525,0.4862676385326849
44526,0.4656769490326797
44527,0.5426200089406585
44528,0.4871387409026534
44529,0.2904213323333431
44530,0.25558854847068496
44532,0.9731219675609496
44533,0.08335256617100119
44534,0.446276327807585
44537,0.18021664115521469
44542,0.5005254028413939
44544,0.712094880844513
44546,0.5367738840583844
44547,0.8057461696097978
44549,0.7681183476571962
44550,0.5720633778876407
44551,0.9885414942844128
44552,0.6907930930271208
44554,0.5421199144608957
44555,0.33196128338436554
44557,0.7578391462916072
44560,0.6089600875643376
44561,0.3206018961463711
44563,0.08566177797841071
44566,0.6962401433850214
44567,0.05560654751932513
44568,0.4124394155374151
44570,0.3263205419881935
44572,0.7599760911771937
44576,0.4310329116702654
44578,0.6250562019933139
44579,0.3569020209553927
44580,0.8188190731363567
44581,0.893703722817038
44582,0.5997200029333003
44589,0.7429193414489329
44590,0.2816751520500119
44591,0.9008950467966766
44593,0.4208197817221431
44595,0.5360010359903534
44596,0.4213080930733277
44599,0.5954726671188151
44602,0.3781185613152244
44604,0.5635322863191505
44606,0.40887326413709735
44607,0.7062897698509529
44608,0.849181489691741
44609,0.1991585342485094
44614,0.8783920527689439
44615,0.48154184788025584
44621,0.49825310497554637
44624,0.5296970518745079
44626,0.42351915584761896
44629,0.6199919078166358
44633,0.9488889214919006
44635,0.7217830090174363
44636,0.8788194683513579
44637,0.7346276432229201
44642,0.7861798735237415
44644,0.6191129794973159
44646,0.14597625675346043
44648,0.40451401297419737
44650,0.6262283463062419
44652,0.3543926947398683
44653,0.23818878513541586
44655,0.33385457957744
44657,0.9053507399740433
44661,0.7449803511341145
44664,0.554122396708468
44667,0.6169382253340673
44669,0.8302350146949852
44671,0.8903836654785423
44677,0.7138957686593635
44680,0.5054111988303129
44681,0.2582024978073541
44682,0.8496475481626433
44683,0.1340777244474924
44685,0.18153640979835609
44687,0.9289502042044042
44690,0.4477577441955621
44691,0.841850206352151
44692,0.6631487663513932
44693,0.4432231833539214
44694,0.8643788270119501
44697,0.061307035983319234
44700,0.32901709189479367
44703,0.4208530513276061
44705,0.4977766302251327
44706,0.6507277779712257
44707,0.5539384110213171
44709,0.5864340283356889
44711,0.28579276957083943
44712,0.278709455669784
44715,0.396256751698392
44716,0.2562310971011836
44717,0.4994312382627984
44718,0.4770367649051729
44719,0.5361410503800854
44720,0.2974005188969966
44724,0.6042165454752447
44725,0.8288046689889367
44727,0.10689408008855868
44729,0.6118410599837947
44730,0.5551214510285764
44731,0.7752772284677468
44732,0.33436490983283756
44733,0.6462805759180043
44737,0.23049070652345965
44738,0.17661578099137284
44739,0.2683466189666718
44741,0.20641122916575716
44742,0.09784823135102054
44744,0.778330057864472
44746,0.3366480037712827
44747,0.7196682227367673
44749,0.5467798300282442
44750,0.18192065071376862
44751,0.6946839014580597
44752,0.21065689315706598
44755,0.08129204390981469
44756,0.7314510962212945
44757,0.15822466723092823
44759,0.335281711272364
44761,0.08723787619629998
44762,0.9506838122500836
44764,0.6792588438027638
44765,0.9049271599101237
44766,0.6025673438638002
44767,0.3058412321229461
44768,0.2872313814657641
44770,0.8979506184151199
44774,0.19709660572720689
44777,0.23292510789955814
44779,0.5952803598058559
44783,0.9308982445578263
44786,0.8806925269238862
44787,0.5084166159397271
44790,0.5417667989854692
44791,0.4747542668934921
44792,0.7530976020573182
44794,0.40434590835765233
44795,0.4217182930458894
44796,0.47552192808002886
44797,0.8079561895851535
44803,0.1941288039535463
44804,0.5125143472394244
44805,0.33355078263161786
44806,0.4956454444503129
44807,0.5667319722948079
44810,0.3575981981491139
44813,0.1680115438925022
44814,0.7740397344716105
44815,0.266472345234231
44816,0.6778939926117741
44818,0.12283589268857129
44819,0.7118209715832398
44821,0.21543131609146815
44823,0.4636050180998028
44826,0.27274169599109915
44827,0.42472591225985085
44829,0.5813971734207207
44833,0.6400423785705924
44835,0.48802113070660225
44836,0.49897564533753547
44837,0.5736456346771903
44839,0.4854245085442114
44840,0.40918990660870136
44841,0.6894750384113417
44842,0.4746576885514577
44843,0.9244910630716825
44844,0.6026030508364213
44845,0.7873708691166779
44846,0.41414693823853493
44847,0.8131007175777207
44848,0.016384574554160394
44849,0.25108101658791737
44851,0.7160294470417771
44856,0.9491075553935759
44857,0.2916368889048828
44860,0.48817689041342116
44863,0.796099563203018
44866,0.46105659179682557
44868,0.2071146128038518
44869,0.11390787672430026
44870,0.8254585962437683
44872,0.1910426633544351
44874,0.26330264636827627
44876,0.4921405373024466
44877,0.7867884404478288
44878,0.08989336528497782
44880,0.6674990276724176
44883,0.34709719824498503
44884,0.24012428117222798
44885,0.24543760996418967
44889,0.5534669129097317
44891,0.2857706949649279
44892,0.31156094649594135
44893,0.6394587543557362
44896,0.6127294608020712
44897,0.3980563132617427
44898,0.6715921813700098
44900,0.6300346917817622
44902,0.27608175208588104
44903,0.6145724844889145
44906,0.4746742558109327
44909,0.1744846149207328
44910,0.813318649547288
44911,0.895085430015123
44913,0.9115812906783546
44918,0.7071319976155968
44920,0.3742626242200681
44921,0.6831196260987209
44922,0.40871373869313143
44924,0.6777681786818963
44929,0.41340402551489913
44931,0.4797188780214311
44932,0.3335979247002167
44933,0.6281057897450225
44938,0.453845104881829
44939,0.110556484298534
44941,0.569374005620227
44942,0.34227461400127557
44944,0.5649575885488205
44945,0.37557990527085605
44948,0.8714718733343977
44949,0.7829965112279352
44951,0.940920375199267
44953,0.22463421816324264
44954,0.8856847940514906
44955,0.19616962621152795
44957,0.517193586978592
44959,0.9577232643284803
44963,0.20685150046136105
44964,0.9469083183811557
44965,0.6723580517135223
44967,0.07232113260052328
44970,0.9119899224492427
44971,0.9075977286717409
44973,0.7207131494737854
44975,0.7905863676885893
44977,0.9277422879997697
44981,0.0959015296818789
44982,0.4633362642511642
44987,0.40826245827159063
44989,0.28961793919446943
44991,0.7661172575320112
44993,0.09122932153052403
44995,0.6838867880896421
45001,0.9008387087008455
45002,0.3210743077426072
45003,0.7584609172649569
45008,0.5511996075387032
45009,0.4850452335679177
45010,0.7502750503207585
45011,0.8970854945381138
45015,0.5766822282789679
45016,0.7147003232935639
45017,0.2652860392750829
45022,0.506066115785716
45023,0.3358057234167519
45025,0.6308386955300684
45026,0.14061374602061477
45029,0.16168780283616932
45030,0.9527672244046882
45033,0.9334829194750813
45035,0.5905484929370052
45038,0.7840725054323783
45042,0.8472531950633913
45044,0.9577865268971452
45045,0.26505468040011315
45046,0.3203860302301553
45048,0.426745959103578
45049,0.4811302711762295
45051,0.25993778732364825
45053,0.7041829136475579
45060,0.6200672914171791
45061,0.36417690331974123
45062,0.6423953710161221
45063,0.5675212881512389
45064,0.7227300049821487
45066,0.5815068908382586
45069,0.3343024176940474
45070,0.5354474759624114
45071,0.20016675086460148
45074,0.7993077139934015
45076,0.8241362826938959
45077,0.7675520496585879
45079,0.6849019403736379
45081,0.2839178173479196
45082,0.6130845963602256
45083,0.7008457148505062
45087,0.5049058577195258
45088,0.6798191987426583
45089,0.6112017287084224
45092,0.735209200953814
45096,0.4080367984344691
45097,0.7405847565206923
45098,0.7913774529779215
45100,0.5119281469157313
45103,0.7398243226129049
45105,0.42724185647366114
45109,0.4623090403366872
45111,0.7225935417953079
45112,0.2589770523246345
45113,0.6489389823829533
45115,0.10887639537129871
45122,0.5596618969479745
45125,0.4612047613021914
45127,0.48060810328525405
45133,0.8933961572175406
45134,0.3798856270729807
45135,0.8930952488743532
45138,0.481030775059008
45139,0.2240421912219993
45140,0.5214668760757147
45144,0.4817491708457142
45150,0.7822800310023014
45152,0.7296568326893984
45153,0.16945949819931044
45155,0.251648081529771
45157,0.06149828385934987
45158,0.49693625436170646
45163,0.6379449887226092
45164,0.30613290196567733
45165,0.5475516376401593
45166,0.8407176339385399
45168,0.2568024251383546
45169,0.5920587331693992
45171,0.13699584361639583
45173,0.6774132877486382
45176,0.619241123153401
45177,0.4940380390275524
45178,0.737897488773696
45179,0.9429457718880422
45180,0.6569673022384083
45183,0.6201908809009865
45184,0.22722955546970217
45185,0.6761951532375068
45188,0.19067178022487888
45192,0.44457689763650077
45193,0.671849453516622
45198,0.7458383931546099
45199,0.4213298963101485
45201,0.7457470085407429
45204,0.3372545065051966
45210,0.06933661569452945
45211,0.22632903464716675
45213,0.509488055175969
45214,0.6698670612212442
45215,0.48346026280779764
45216,0.8377528601501852
45217,0.18513124290159452
45219,0.5262463263552406
45220,0.49976582487788407
45221,0.671807099729263
45222,0.26165394049209895
45224,0.23928321298193692
45228,0.47850096866793784
45230,0.2211386337300712
45231,0.19096845939950796
45233,0.3518401864699951
45236,0.40923720516397544
45237,0.04209743520553107
45238,0.8375103581760339
45242,0.13149212251941317
45243,0.3032835278675185
45244,0.5015903347789926
45245,0.23860860011288407
45248,0.40200756342372485
45249,0.3876486813923719
45253,0.27483523724520253
45254,0.3976079810118916
45255,0.6296945325726849
45256,0.809892605890431
45259,0.27162638694122715
45260,0.5807189372855214
45261,0.6314917923705007
45264,0.7650211943427592
45266,0.7479883793101139
45268,0.823615154425095
45272,0.4281187574258355
45274,0.6265788822732856
45276,0.19195007451407597
45277,0.38129202560871533
45278,0.9163669929367051
45281,0.3505997228049413
45283,0.32305588032901705
45284,0.5738253566988434
45286,0.32331354324065914
45287,0.2945458210110735
45288,0.5717732757923464
45292,0.8903243113476716
45294,0.3045865214895023
45296,0.9831750798400458
45297,0.7509348807734082
45298,0.051185487046941334
45299,0.7030836607468249
45302,0.49820412406109904
45304,0.35825799015005977
45308,0.3773564448806178
45309,0.22559396078196917
45310,0.7521083798582221
45311,0.2617488878783126
45312,0.7111768841296131
45315,0.4296748316681307
45318,0.10083249896132745
45319,0.3772633945756728
45322,0.6645835209555531
45324,0.5869184805566375
45325,0.313669934286391
45328,0.14320678184971988
45329,0.7026024972635725
45336,0.3718472681178208
45337,0.44512515898147914
45341,0.22659764716063213
45342,0.14425856412433713
45344,0.7914769631825311
45345,0.6996984929561235
45349,0.1880324270171797
45350,0.8009864050108924
45353,0.9210792869744014
45354,0.2058374086676177
45355,0.046896204899416205
45358,0.7166706420860873
45362,0.48214911367456764
45363,0.4393116901565311
45364,0.7971610917202854
45365,0.42802961346754914
45368,0.8936593428292252
45374,0.7473457276840646
45377,0.11961657999479412
45381,0.911987590717488
45384,0.7685237769870216
45385,0.8356204642692884
45386,0.4695357515264077
45388,0.7529165100572016
45393,0.359555316221827
45394,0.33853315343730783
45395,0.37883079420848853
45398,0.4056818259442011
45403,0.4165748428901389
45406,0.34777120185448246
45407,0.9294168603440308
45411,0.2557445890573736
45414,0.21090598854443254
45416,0.11969790711472653
45419,0.09856587773515123
45420,0.13868220488863528
45421,0.1828261749701304
45422,0.12001728826601106
45423,0.8895592719726293
45424,0.7554267086426402
45426,0.25761546934051
45429,0.48806032771097285
45430,0.4482284453462882
45432,0.1885634729213689
45433,0.5901933459079196
45435,0.7448498031918123
45436,0.2122182968861825
45437,0.7702205099826127
45439,0.6838526457630479
45440,0.8659727840724041
45442,0.5145102732000465
45443,0.2579944894508498
45446,0.592269030468228
45449,0.4854849738677233
45454,0.5061174310207112
45459,0.8493430152409349
45460,0.5104826117136921
45462,0.9230695944420882
45466,0.7925078549666089
45467,0.5752037512719729
45469,0.6082553679311671
45471,0.8340598161543634
45472,0.4129476341485912
45475,0.7375749747486103
45477,0.7788912483352552
45479,0.45844980575802485
45481,0.23191861069819003
45482,0.8804377725466681
45484,0.8016412437988901
45486,0.5705396135485569
45487,0.45551169073298986
45491,0.08993690271430893
45494,0.2756099196132912
45495,0.754718067471531
45497,0.2466902707548084
45498,0.7090910307363301
45500,0.48323940275111876
45501,0.5456525799400636
45502,0.13134115621295045
45503,0.25212631189946894
45504,0.2566226482438334
45505,0.9370237241766263
45509,0.0864184716383433
45517,0.7644529250976674
45519,0.8450411672754037
45520,0.7984169931401863
45521,0.5909831211344255
45522,0.7833588109078785
45523,0.7370871002862639
45526,0.25007497559599146
45528,0.26122506890386044
45529,0.46834512703576586
45530,0.31813778466684267
45533,0.303190174819694
45537,0.6708400326464327
45539,0.7022583157303844
45540,0.7169897690279986
45544,0.7864476060590918
45547,0.21308349939164747
45548,0.13287880589228004
45550,0.38373198050631996
45551,0.7470803185983961
45552,0.39438016525993297
45553,0.13356360843881682
45556,0.6419109902231701
45558,0.2968240699589367
45559,0.8232248287460591
45567,0.35108279518453456
45569,0.6278075097586568
45570,0.8219645327450718
45572,0.6663771648823011
45573,0.4386980848169555
45577,0.2661186587235309
45579,0.18436734532925306
45580,0.6353933892949667
45584,0.9306260962550317
45585,0.3621241539388587
45586,0.6093768809692761
45587,0.2001994372955168
45589,0.7133531354736727
45594,0.24358568932502575
45597,0.3997827024821068
45599,0.6407328211031207
45600,0.6346606120818338
45602,0.549279064819911
45603,0.7403967084369258
45604,0.3621440857132207
45605,0.25842503699504077
45608,0.34465363250845615
45614,0.8985733764787704
45616,0.49641974106065273
45617,0.4642828716059738
45618,0.6036154728908207
45621,0.566634090408795
45622,0.7897376189028021
45623,0.4432377596472751
45624,0.20480028824329666
45628,0.7200690965357343
45633,0.5839073443451993
45634,0.6017979755414804
45635,0.07282181625951079
45638,0.8627173035219502
45639,0.816935288022484
45640,0.4548605496679432
45641,0.21311148886420353
45642,0.8772757999331372
45644,0.5424863868073566
45647,0.5937134412309418
45648,0.7807858595055497
45649,0.31188094191787036
45650,0.3387467582860222
45653,0.8254993176312466
45654,0.6341595467243497
45657,0.3705648484088167
45661,0.5836979200523222
45663,0.729096081322537
45664,0.6900623767294982
45665,0.4677574634836989
45668,0.19700787865642364
45669,0.6002550675594406
45673,0.2803201660076917
45675,0.6147689257867658
45681,0.6918313794016068
45683,0.42612590831477243
45686,0.2848945910534626
45688,0.3471379256417652
45693,0.8366115912932884
45695,0.3802203992812452
45697,0.024431059881367023
45698,0.8436449794063579
45699,0.7061390698326896
45700,0.8278571254734488
45703,0.8628992695615392
45706,0.3082399156499092
45715,0.5088754827985531
45720,0.3247754928483951
45722,0.1900215860358514
45723,0.4940888863150433
45725,0.7073732994706985
45726,0.19199774365310632
45727,0.6273125278465823
45728,0.25160416431402743
45732,0.28345609197148997
45733,0.5333052394437904
45737,0.40919294024261443
45739,0.3883460327237352
45740,0.6771725283647819
45741,0.8464850499278604
45743,0.17536365802299284
45746,0.8018328116069817
45751,0.3033642163832713
45752,0.7936993489406763
45757,0.7448618221187553
45758,0.6943268001541546
45760,0.27864154240518224
45761,0.5522400607090339
45763,0.8127500669714769
45768,0.02639845163007172
45770,0.6620144848199634
45771,0.07107163612521109
45772,0.8646832999722669
45773,0.12818523368173967
45774,0.8426928442157454
45778,0.29901568745913093
45780,0.3324062555777756
45781,0.40463534969567194
45783,0.5123635980464654
45785,0.2297604630639957
45787,0.548390788142457
45794,0.5719086803119061
45796,0.656590601979064
45797,0.753571948432043
45799,0.8285270260164419
45800,0.7861983120124333
45803,0.42931505212549953
45804,0.6049209436556893
45806,0.8440188735073084
45810,0.4600318360137155
45812,0.6625615686570274
45814,0.2644828519877117
45815,0.6799242464638271
45820,0.5995830737298241
45824,0.4107060309603822
45826,0.5103940067003466
45828,0.48034739496431916
45829,0.9127234080785479
45832,0.5273278444299321
45833,0.6890481235541769
45834,0.9887922581805174
45835,0.835407060423348
45837,0.9292177058234874
45838,0.16520931589332816
45839,0.11175191053786299
45840,0.5376611998638045
45843,0.242933575177528
45844,0.6949572415935213
45845,0.3677212380748931
45846,0.7097169000880171
45848,0.9074239950238161
45849,0.25932648404059916
45854,0.6647643388917619
45855,0.7196868427897318
45856,0.7824313737306063
45857,0.2666453063563496
45858,0.22047021440767256
45859,0.8069048274400661
45864,0.6066731689584891
45865,0.10620430428117442
45866,0.3538898091163648
45867,0.2875054524358832
45868,0.40341219074122825
45869,0.32281860093681297
45870,0.42771357601530974
45873,0.8659500982833676
45875,0.2343795487338756
45877,0.9311759888612579
45879,0.2340046163358071
45882,0.24091163721064865
45883,0.14919156528177302
45887,0.6352939172814407
45888,0.42651464702994013
45890,0.04974442551650756
45892,0.6398176382652857
45893,0.41093322510810965
45895,0.4473859635127108
45896,0.6961515451510878
45898,0.46022639469104903
45901,0.27078417659414605
45902,0.6440250397041422
45903,0.8869388934285956
45905,0.31365612145621685
45906,0.240445898352742
45907,0.3458436666801687
45909,0.4322703908037308
45910,0.3425751256349672
45911,0.39910298115674137
45913,0.5269208910721415
45914,0.08433017136238469
45916,0.2555681581912071
45917,0.40740052833177254
45920,0.6064276434918834
45921,0.6433534681318178
45924,0.38587381586072345
45926,0.5646131374093545
45928,0.46282614361241387
45929,0.46697069412221565
45932,0.5234928214987987
45933,0.39100416968397633
45935,0.26743554181783286
45936,0.31365593139526493
45939,0.14211975602874935
45940,0.5273998967820027
45941,0.4591632083627337
45945,0.5805762537593582
45948,0.6062481972852211
45952,0.647791693934637
45956,0.12722654990928392
45957,0.352961372123328
45958,0.8566919044163699
45959,0.21628898311001327
45961,0.7686930621148617
45963,0.14594527191996942
45964,0.5844144556385574
45966,0.60504923542665
45969,0.7203598764545602
45972,0.4633262827627856
45974,0.40446464716879843
45975,0.18223213284778922
45976,0.543076675997685
45977,0.6251242219329518
45982,0.6189761998673756
45984,0.9354495213992403
45985,0.5998046398319045
45986,0.19136404918259323
45991,0.43283438227042575
45992,0.4600108787635316
45994,0.3790574006412871
45996,0.21159667565649123
45997,0.13223965047811131
45999,0.6636575569955057
46004,0.5795551558675759
46006,0.7258285262035823
46008,0.06625435737712936
46010,0.23119788989551282
46011,0.6206963456434288
46013,0.14255331757026257
46015,0.21909257348865593
46016,0.8424698879490765
46017,0.15692703132594676
46018,0.6987207244110618
46019,0.1892495492492957
46022,0.5355065229748269
46024,0.5402907594857359
46025,0.5058407063190552
46026,0.4072991343158835
46027,0.6561095466612901
46030,0.45711996244261927
46031,0.3133430668774665
46032,0.5726342107222571
46035,0.8667793692193226
46036,0.6342537631482617
46037,0.6667493637638382
46039,0.06165940547254516
46043,0.39661807323804454
46045,0.23920329679943445
46046,0.3939572943923982
46047,0.7092170715712023
46053,0.2822692954970141
46054,0.27199152339381505
46055,0.13475122818163862
46056,0.6655356097328547
46057,0.4661459906317679
46059,0.7848195547916451
46061,0.30299565566776115
46062,0.7418648282803489
46066,0.7939800562532194
46067,0.8618320910619678
46068,0.6078190200612281
46070,0.8533952152175676
46071,0.1539468316476705
46072,0.2657429863931291
46073,0.4224245063987527
46074,0.4171402016645193
46076,0.6005138626572427
46080,0.5577614617952775
46081,0.18728568843988602
46082,0.14439522614305333
46083,0.49457139210069084
46087,0.5534671314010765
46090,0.2093280076496021
46092,0.6552398669775601
46093,0.43982107410286087
46096,0.7740464150012992
46097,0.3689132189257787
46098,0.7903366044682509
46100,0.4203207143515343
46101,0.7302596816578876
46103,0.590934067667082
46105,0.7361533418585616
46110,0.5848516640440706
46113,0.34372599578128077
46114,0.6018003372778409
46116,0.3712884663197409
46117,0.7169171049055241
46118,0.8139336288585158
46120,0.9342471104561448
46125,0.5360140068225921
46128,0.7305848677517031
46133,0.7652882941618524
46135,0.9650026254507824
46136,0.6040363667792727
46139,0.8073989250358157
46140,0.2052592045010278
46143,0.2461988889869993
46144,0.44806687944943335
46147,0.6448745624803739
46150,0.566368742288949
46151,0.5739827115520252
46153,0.3505721387319852
46156,0.7227199327119895
46164,0.5609192809508019
46167,0.27462054004034914
46169,0.1848122542945623
46170,0.7960519243624244
46176,0.6329501606706487
46178,0.05387088248126206
46183,0.313172613173088
46186,0.4833645649153306
46188,0.5542408437701493
46190,0.7271977435512573
46191,0.8464127522071767
46192,0.7800899865895354
46193,0.37312876947565515
46196,0.6474637356715602
46198,0.5658148494472548
46199,0.7631729371688806
46200,0.3433514970584654
46201,0.3105770663202974
46202,0.48928959024729735
46203,0.7740359858403218
46204,0.6526058215712912
46207,0.4087863594482771
46209,0.6979967350872722
46210,0.8349770398329968
46211,0.6805719189639577
46212,0.6428382029225823
46216,0.88348289181344
46218,0.6748816508821065
46219,0.7225614025297366
46223,0.3298062936101846
46226,0.2588169660826311
46227,0.7948724941597954
46229,0.719538146078742
46230,0.16075198452232403
46231,0.5725180248964565
46232,0.19144018741093835
46234,0.5732455554459445
46235,0.5526468248537472
46237,0.32994586910201185
46238,0.4391776980223657
46239,0.9230166370596747
46240,0.06425706038217922
46241,0.9414475759761538
46245,0.19685290769931976
46246,0.7578941115239136
46249,0.9112520545287363
46251,0.381030777705197
46252,0.5037700801921884
46253,0.7761464707563795
46255,0.6882192299856245
46256,0.6532809777917764
46257,0.24455291625481965
46261,0.6142419562808805
46267,0.6473319725676707
46268,0.629283805009112
46270,0.7411190598704633
46272,0.8684219748167945
46276,0.28388098794318445
46277,0.20653104460054994
46279,0.16804685048628187
46280,0.7668345235948674
46281,0.1175835463847777
46283,0.4248792180869538
46284,0.617106962547442
46287,0.6816788485338136
46291,0.8777362973081186
46293,0.564418159976905
46296,0.7026113717150378
46297,0.11387755270120677
46299,0.47606206362507947
46301,0.3679163620813469
46304,0.06887048259404142
46306,0.2702094594449132
46307,0.5178604813447444
46309,0.7829821052670215
46310,0.2536674898109131
46311,0.615252558066263
46312,0.047113360051607385
46313,0.3231195998618314
46316,0.5338920506482919
46317,0.24280689003274628
46318,0.12651098124187843
46323,0.8222043449418003
46325,0.6872321491801312
46328,0.6335129514576552
46329,0.8067995579194515
46333,0.5529613051980684
46335,0.2538055579767
46338,0.3083233622841495
46340,0.4759230954111795
46341,0.7402481239241772
46344,0.7219616574717955
46345,0.5879541979689462
46347,0.5828674691796527
46350,0.6135270146052386
46351,0.9816796701978482
46355,0.7951031808034039
46359,0.8521722243524948
46360,0.6426376993112389
46361,0.564794504776574
46363,0.13602987458887025
46364,0.27086381645513075
46365,0.6101378168247708
46366,0.7905654390577667
46367,0.588693443879361
46369,0.7883383148108386
46370,0.5290797960338975
46374,0.5397538952584525
46380,0.5108546833418878
46381,0.7332845893104689
46382,0.8853878899085804
46384,0.8222255553393798
46385,0.1584101600535179
46386,0.2674676370600734
46387,0.5939005671953236
46388,0.5781969143119527
46392,0.7716776753887832
46394,0.37278523981838474
46397,0.5416425001032202
46398,0.27702944033164717
46399,0.22450083137767554
46401,0.5684356783991814
46403,0.9011211348729663
46407,0.6140135214795606
46408,0.4962772949464369
46412,0.47335202683395583
46416,0.7132595291397975
46417,0.42222133823146807
46418,0.6333068355718587
46419,0.766950299383403
46420,0.8528538814972936
46421,0.6635523339296999
46423,0.6349447508967462
46424,0.27310321057985565
46426,0.7059695246630648
46427,0.6210961500370077
46429,0.7811051279579143
46431,0.9673484272997722
46432,0.6239747001080473
46437,0.627426435701915
46439,0.7306368430025585
46440,0.2019045604758501
46443,0.2988458627518855
46446,0.5438248643740092
46448,0.5345819597990283
46450,0.7914753618859682
46451,0.7171834901813557
46453,0.4465645825623204
46454,0.3716043422249971
46458,0.42036977212947485
46466,0.5188070237235025
46468,0.8027921983448708
46470,0.385856878993136
46473,0.9492910506454159
46474,0.45598742801179415
46475,0.6999825073277716
46476,0.730897300400058
46479,0.7050192507909645
46480,0.26334367042884416
46482,0.6456131249936473
46486,0.11881006222810093
46487,0.3895607551942389
46489,0.4092018246515498
46490,0.08605798626033313
46492,0.6909561278700168
46493,0.3803898460656363
46495,0.4099028066145764
46496,0.6982183938379667
46499,0.801671236861765
46500,0.7030552082282782
46501,0.5225786146946363
46502,0.3946881488337193
46503,0.38415195953708636
46504,0.30827213080680965
46505,0.13752479728774292
46506,0.3483278367263551
46514,0.27667037141075534
46515,0.06601715576814415
46517,0.16555194059711298
46521,0.6518228803306457
46522,0.5976754135264427
46523,0.4630398677789997
46524,0.31496121636945823
46525,0.8015372538832438
46526,0.26416130763299916
46527,0.554001367262508
46529,0.6177816660603428
46530,0.6177655462008504
46536,0.4161535322754991
46537,0.6947102397648709
46539,0.3346019076179924
46541,0.5753390118778526
46543,0.8692275319608895
46546,0.46267285215538506
46548,0.7975970382346337
46550,0.2222501334181773
46551,0.6965001170741932
46558,0.17038994294754603
46562,0.5331035918804022
46566,0.6901368480510005
46568,0.1990638246967914
46571,0.3856504675035006
46572,0.930752073706689
46578,0.31155749851338854
46582,0.5612190476838093
46583,0.7289750920077674
46584,0.3504407843802369
46585,0.4416438377056194
46589,0.39875524226213493
46591,0.6733286616333155
46592,0.6762174608522667
46595,0.2136827733437412
46597,0.2630797485786375
46599,0.8197215026762437
46600,0.6265049874214002
46601,0.6697987357925055
46602,0.6093374931894678
46603,0.5527769403986105
46604,0.7191235309677373
46606,0.6026038117204142
46607,0.6617705374115884
46608,0.3854190296533522
46610,0.8054425821614136
46615,0.26268873518008334
46617,0.35587264442077376
46619,0.3796621050843447
46620,0.24860359434753762
46622,0.048819416335257465
46624,0.8077792477196657
46626,0.5864263750082225
46628,0.22848537291879115
46631,0.36301446950038524
46634,0.9634738348653826
46636,0.37768380742235086
46637,0.5845853457397662
46638,0.2535225127981161
46642,0.9921904220945121
46643,0.3485147690684978
46644,0.24195665353149132
46645,0.8913750827896897
46646,0.5429600006831707
46647,0.6691041745472042
46655,0.6399724325572669
46656,0.2128867595627547
46657,0.5123020553988453
46659,0.9383287619852128
46660,0.38425806327911793
46661,0.7816096797670152
46665,0.41527480044261256
46668,0.4016690429058746
46669,0.6871799300525792
46670,0.31899373961452127
46673,0.21666925035136386
46675,0.9352764044680423
46678,0.5124659263506448
46679,0.16104491783675923
46680,0.7170829524499407
46681,0.6790898807649313
46684,0.7676142020894489
46686,0.7116816500964178
46687,0.47173404060623586
46689,0.8135930690144136
46691,0.13162577677642534
46692,0.457328126251425
46693,0.6501970495104151
46696,0.43897918293129407
46697,0.8811627990693768
46699,0.30633100263227364
46702,0.42118387105064287
46703,0.31981579191852477
46706,0.34605344074400574
46707,0.08682816424782201
46709,0.7494413784392484
46710,0.742206456071907
46711,0.9524283808928609
46713,0.6361807635169131
46714,0.45973134456385006
46715,0.07078810893985518
46716,0.1409734767054125
46718,0.8308089911716919
46719,0.6393450878357255
46720,0.5363349871299931
46721,0.5964964324404407
46722,0.19226948465572785
46724,0.9388612653676758
46726,0.5205300094653429
46727,0.46887280899225686
46729,0.7448547605377853
46730,0.4558836674025681
46735,0.7724633307003528
46736,0.1842749977952583
46737,0.47270705127770063
46738,0.1448268564333086
46740,0.33070265198360904
46741,0.25423577062823366
46743,0.8046618693519983
46744,0.3772658177358725
46745,0.8957335394814872
46746,0.17153690075541292
46748,0.6944938074250278
46750,0.6115886394277362
46751,0.29052931986653524
46753,0.15894440254796072
46754,0.363599384493905
46757,0.48329306238471964
46760,0.8461249363161099
46761,0.5913344281033871
46762,0.7797587899706162
46763,0.2738273351198145
46765,0.5540568081796823
46766,0.7836620475929946
46767,0.24089482419793917
46768,0.9187352406996416
46769,0.7128524102797225
46771,0.47547228998975194
46772,0.931358795852224
46774,0.3581832441139391
46776,0.48248048540937605
46777,0.8889521553877806
46779,0.2923854561089389
46780,0.41666610467706694
46781,0.6965645549391005
46787,0.3453664850019702
46791,0.3098303869288906
46796,0.051984447305663053
46797,0.17567483393026953
46798,0.07894292254302121
46799,0.7279611829040502
46803,0.5633175932106439
46804,0.42476392379466166
46806,0.5236700334647972
46810,0.5875458019754475
46811,0.8913714843528057
46812,0.11747828252259013
46814,0.658756248522095
46815,0.3857748897286519
46817,0.5735323842919656
46819,0.67733955137163
46820,0.22399140055720543
46823,0.7258294033013111
46825,0.8179427480431765
46826,0.8836939282813357
46827,0.5029545546733292
46828,0.7315185400659893
46832,0.6727682826795072
46833,0.6187053662342478
46834,0.3041283732832617
46835,0.8461043427408701
46836,0.2973046202060664
46837,0.8391726979451685
46838,0.6722532629537598
46839,0.21532474030355145
46840,0.4775029687460903
46841,0.8307074760037799
46845,0.4057667715850085
46846,0.10500354449091735
46847,0.17554115602551765
46848,0.464287760823637
46849,0.29961180951161154
46850,0.7030098003590328
46851,0.7881430081071549
46852,0.14500078704164093
46853,0.3425368086909169
46855,0.06919338971343775
46857,0.8362458251157606
46860,0.5755325558305516
46862,0.598376730800512
46864,0.9296103750680524
46865,0.19453914452674634
46867,0.14513544786808485
46868,0.6716536409811683
46871,0.3019342625582948
46873,0.6851470695915842
46875,0.06510159998275347
46882,0.13188056267568907
46883,0.5799921278448171
46884,0.19895815226029798
46887,0.4881425164054009
46890,0.47072502482644335
46895,0.6449642911463115
46896,0.24564945207297367
46897,0.4208259975878478
46899,0.28869812705729375
46903,0.07082677675020267
46904,0.3290384937234103
46906,0.1954429560259442
46909,0.6639195895352347
46911,0.39101302452916353
46912,0.5035393822302274
46915,0.34361518388258155
46921,0.3778137632973895
46922,0.1081533918681068
46923,0.5371114049581667
46924,0.454270591510371
46925,0.38067423597882705
46929,0.6817521828061184
46931,0.7393455796020211
46932,0.8737378494409905
46933,0.6682814888146345
46934,0.6450875877103123
46935,0.6236042452558005
46937,0.3990072039328445
46938,0.788914154006127
46939,0.6273376545306766
46945,0.44581399323906823
46946,0.44318536936910247
46948,0.3985813774068314
46949,0.3376783152965354
46952,0.9733865112276416
46955,0.6341026684642248
46956,0.6732403258448131
46958,0.2777921422829074
46962,0.9181147514158322
46965,0.2990469280499049
46968,0.681587380484625
46972,0.23720323503176277
46973,0.8234878587954197
46974,0.544460042936485
46975,0.5096945075667073
46976,0.373584498092874
46977,0.4181203843842358
46979,0.2657219145156876
46980,0.6960355941199695
46982,0.6321568801171705
46983,0.30670616823938884
46984,0.2089331443462174
46985,0.28009788294970683
46986,0.6853639503408248
46988,0.09607966379276572
46989,0.7073092687974302
46991,0.8851091981428665
46992,0.185192084292485
46993,0.6503835305668512
46995,0.043641298733410945
46996,0.327167869915503
46997,0.7822810929324361
47000,0.4669303324786292
47001,0.5250349751285308
47002,0.4084003127959109
47004,0.15032338917082358
47010,0.4921836281403354
47013,0.518047326262936
47016,0.6009943752039759
47017,0.7910317823371263
47018,0.8654894130558163
47019,0.34412365737957124
47021,0.5581886001281811
47022,0.45625126695778656
47023,0.26772782422671243
47027,0.2139942075856343
47029,0.5914670752182901
47030,0.6950553167876928
47031,0.3971152211522494
47032,0.7521801081597624
47035,0.0687109917787938
47036,0.7238923660134581
47037,0.3242960364949825
47039,0.6929455421051766
47040,0.02901747980649584
47043,0.8606626529492523
47046,0.2715493150615742
47049,0.2017743384906203
47051,0.5379398383400145
47054,0.312797360941365
47058,0.6236101016903963
47059,0.5048116291074718
47061,0.27705843537410496
47062,0.29656693278060625
47063,0.22951545161703255
47066,0.5816226961351123
47067,0.19433026036670895
47068,0.07143099470530956
47069,0.9665940945567159
47070,0.42011444857866154
47072,0.7956992048495753
47074,0.9395353033423699
47076,0.8702811820342321
47077,0.9256705139596728
47078,0.7536915069422536
47079,0.6120911389890626
47080,0.9220219731533713
47081,0.9062422591951249
47085,0.8252399644383627
47086,0.2202989133859953
47088,0.5044698327657552
47090,0.253301028701475
47093,0.5426336449053639
47096,0.5730070251267138
47098,0.8192996346033306
47099,0.6974528203060764
47102,0.8127204135206927
47103,0.6405069103332739
47104,0.7684782664599381
47105,0.7674992992251451
47106,0.36857379104000115
47113,0.7696638793277929
47116,0.07068090147525563
47117,0.4376303585013473
47118,0.03157548274816848
47124,0.6091729043953354
47126,0.7044929961868464
47127,0.6154486386443284
47128,0.3050302988083705
47133,0.7815346775620909
47135,0.3567701965724854
47136,0.6414397622757864
47137,0.35649607850897375
47139,0.46405793768112485
47142,0.2361528578266878
47143,0.78985163516528
47144,0.703870740557812
47145,0.24670824305715972
47148,0.7711794037481942
47151,0.3781612078616682
47152,0.5777154990572386
47153,0.09318268476774098
47156,0.3421577415309783
47157,0.5277955503017383
47160,0.770089031403352
47161,0.501917503635374
47162,0.8057091138125951
47164,0.21150293526534292
47165,0.3521066119598626
47166,0.192052296109975
47168,0.6678381782865185
47169,0.4974202925903584
47171,0.7325918476750422
47175,0.9646347370093215
47176,0.40256819227883434
47178,0.9647383571177544
47182,0.3854717403539086
47183,0.34028388476715876
47184,0.8246087157982698
47186,0.756707918828669
47189,0.7926359550028591
47190,0.872793020479448
47193,0.2032319283309454
47194,0.44885758494246353
47200,0.8577015122488961
47205,0.4453136868132504
47206,0.44629005774011216
47208,0.8751818163282726
47213,0.30460956323006083
47214,0.6797002528239615
47216,0.7626740675366237
47218,0.2818065748811481
47220,0.7447778724239648
47222,0.637787704481306
47223,0.587555920149399
47224,0.6798171222604938
47225,0.6263098844493246
47227,0.558512196466314
47232,0.702937494684597
47233,0.6487119334174297
47236,0.6786750296954321
47245,0.586270693600211
47248,0.45100446395157
47249,0.3406094901928734
47251,0.663555666807684
47252,0.6638514282256262
47254,0.08808577105946934
47261,0.311752380257432
47262,0.5613183867890381
47263,0.7248421440757862
47264,0.8133448136726662
47266,0.7350925825487016
47267,0.8373207875284956
47268,0.5525509218676635
47270,0.22692346671426633
47271,0.13658253467674245
47272,0.8413351386861115
47278,0.7653733890281386
47279,0.7163533272672356
47285,0.5318434677201351
47286,0.1047300027065912
47288,0.2534736721661089
47290,0.25863464984231294
47295,0.8861182923407539
47296,0.2235821602604266
47297,0.6741210709154106
47299,0.2384506380496239
47301,0.10042986600174504
47302,0.7986473038515963
47303,0.6055501057078979
47306,0.7952305754501738
47307,0.5380143598791711
47309,0.5932278172407902
47310,0.08994907455189302
47313,0.6408658589086083
47314,0.7395818620277588
47317,0.7182900449735898
47318,0.5854656678980357
47320,0.29552564025083444
47322,0.5767303444139906
47325,0.45966490610295574
47328,0.33588740624989527
47330,0.20951018972054639
47331,0.3967914728029751
47335,0.8361603790416113
47338,0.7286114119230614
47341,0.4063989693211686
47342,0.25774684788716445
47345,0.7703917125594131
47347,0.05142821613615644
47348,0.20184723620366876
47350,0.8354181067570549
47352,0.6278744447037851
47354,0.11730389885601471
47358,0.48439097156545363
47359,0.695271830554733
47361,0.531169320032179
47362,0.5296755619899117
47363,0.6719208339534295
47364,0.703623550881586
47365,0.6546778147406992
47367,0.8329290506769161
47369,0.5578316005826012
47371,0.47919361230443863
47373,0.5131635352859787
47374,0.22677032844706668
47379,0.7040249247253192
47381,0.45526626366288
47382,0.6338541525712511
47383,0.13386657630694032
47385,0.6780934934365698
47387,0.8508187312283724
47388,0.33970962242454145
47390,0.6029094527307581
47393,0.14049128462145977
47394,0.48145108695515815
47398,0.23787000526399796
47399,0.27808100512788125
47400,0.8492732313124008
47401,0.8728106384298258
47402,0.5556210627666316
47404,0.18594311222889365
47405,0.9256317631665831
47409,0.48109838181988446
47413,0.6560415823487243
47415,0.3657506086444959
47418,0.2970070190211152
47419,0.8887055592028072
47421,0.7491439052036009
47422,0.06677890054666205
47423,0.7046954829209882
47424,0.6710120768997757
47426,0.640798725034187
47428,0.3079289315752652
47430,0.7654761451450338
47431,0.567997823703589
47433,0.7780373886329567
47437,0.625033369164641
47440,0.7630892045954825
47441,0.8374914625582456
47443,0.7108759911694045
47445,0.9632486932998505
47448,0.10435643288525406
47450,0.14684605534262518
47451,0.44050791882995444
47454,0.7241161702539495
47455,0.23147447035638663
47458,0.41940511987655443
47460,0.9001670795730352
47462,0.4745522400514304
47463,0.4068806229469295
47464,0.12894822518443905
47466,0.21198322521782628
47467,0.19481917026091375
47469,0.20895724740858804
47470,0.3840655603944764
47471,0.16048402363401443
47475,0.8076686776936384
47481,0.20011645860538205
47482,0.3506184844644705
47484,0.8692041510816466
47488,0.28558620350956543
47491,0.5691953107431205
47492,0.5134090424485186
47493,0.5366309194467929
47494,0.8894294405219061
47496,0.39872357364168165
47499,0.2924763575885853
47500,0.5772698738148292
47501,0.8704030231222994
47502,0.5641019550663228
47503,0.15506924247911585
47504,0.4680033807404141
47506,0.3889391407562434
47509,0.9356751294862068
47510,0.293779595634078
47511,0.5210183805564921
47513,0.39232046741380167
47515,0.3881845464030578
47517,0.5161853018150024
47519,0.31989342292278466
47520,0.9101421009037199
47524,0.5404121369611714
47525,0.3381757769214962
47528,0.8176917164359954
47531,0.8341867158732185
47532,0.3418504813415694
47533,0.7286468823419394
47534,0.6565845754605115
47537,0.8532932205827073
47539,0.7519536800320424
47545,0.7929919026175806
47546,0.5238934993988221
47550,0.4405886070066693
47551,0.2473153443180984
47554,0.4195395367557655
47555,0.7873517857645885
47556,0.5867603806647667
47557,0.7271123211632787
47558,0.76963777203128
47559,0.725896692494444
47560,0.9436166787366806
47562,0.9047494318380305
47564,0.7705747714806135
47565,0.7379924608382157
47566,0.7203405216627267
47567,0.5405208032772199
47568,0.8947533517814324
47569,0.34003334122827317
47571,0.6225616147609911
47573,0.508253491362832
47576,0.3987114903495618
47583,0.08134824318090757
47587,0.2657556707370591
47588,0.5795359329212469
47591,0.773126883840395
47593,0.9336716976226598
47594,0.9007997280838239
47596,0.06381626906864328
47599,0.2276913880701322
47601,0.8345465530221325
47603,0.08491737939245578
47604,0.2929303915408778
47605,0.5103514751311786
47606,0.6752775772137176
47609,0.7473538144316926
47612,0.5653765213569676
47613,0.09934312047525352
47615,0.3526094589525844
47619,0.1537390944605261
47621,0.6618281525758921
47623,0.6445699522541661
47624,0.608903108379332
47627,0.0253378511964042
47631,0.6049593521692506
47634,0.16585562995795194
47641,0.145340860499586
47645,0.8186484797556197
47647,0.8753416076057335
47648,0.1268955887518446
47651,0.594449728892461
47655,0.759088805460607
47656,0.5215316167867148
47663,0.0675867435640857
47667,0.9124511750339044
47670,0.6952034701131353
47671,0.547524021229224
47674,0.3323086012612903
47675,0.29270998090314987
47677,0.3310167994672156
47678,0.37909881671129564
47680,0.6637030554337405
47681,0.6399528220036172
47682,0.1651772136874194
47683,0.6396903428444866
47684,0.3842973232357509
47688,0.5595934685851705
47689,0.5786235941047307
47693,0.687583127923516
47695,0.07963190162833297
47700,0.2753721440550485
47701,0.3148783622515505
47704,0.9558072445286195
47705,0.17749995226044263
47706,0.854485819035517
47710,0.6945380490399584
47711,0.8259355486925497
47715,0.9597042912878528
47716,0.20103942584368462
47717,0.8029870233411618
47718,0.408508865473783
47719,0.6945312120902192
47720,0.5896537211611791
47721,0.8996253726551664
47722,0.43063072205632286
47725,0.7139058258992783
47726,0.4006928791546592
47727,0.24896429401354164
47731,0.2175413326846999
47740,0.3565156100850319
47742,0.23139313165638564
47745,0.6419913827517677
47748,0.9763464987330699
47752,0.9027784984077429
47757,0.7173313017467331
47759,0.2299931122167773
47760,0.8615346047509451
47768,0.947408224551161
47769,0.37571154874294815
47770,0.5904538095249585
47773,0.207734704733673
47775,0.8784708357680286
47777,0.8534875910274153
47780,0.5896413592211085
47781,0.13076228641529472
47782,0.7917615337309177
47787,0.685990748315496
47789,0.8403320738184218
47795,0.5513284557703784
47796,0.4927343436366215
47797,0.21520656458577828
47801,0.9852536812904658
47807,0.817275515370487
47810,0.5841985974866385
47812,0.3220910887437761
47813,0.8705897614018132
47814,0.15177003678408846
47816,0.48507789779048355
47817,0.5744393648025361
47820,0.2735133570398644
47821,0.7721931660543341
47823,0.4269408884553311
47824,0.6899458812903686
47829,0.6009628556708088
47832,0.36582989409716865
47835,0.49359670787623766
47838,0.09838867860668384
47841,0.2590348758569308
47842,0.2830588363128959
47844,0.13392775599809506
47850,0.36957722904498325
47851,0.8848090862247379
47854,0.26199428324688745
47858,0.5324282711572531
47859,0.24762695423265413
47860,0.4981337223846578
47862,0.6295632157506865
47863,0.9209487740475035
47864,0.9060625056866588
47866,0.5630569657017749
47873,0.776104837198782
47876,0.13074141665864833
47883,0.8772930352736739
47885,0.5308815480813379
47886,0.24021702506755177
47888,0.54724102739288
47891,0.7543527012615777
47893,0.2068604827255433
47898,0.20855712250238026
47899,0.4527531304329775
47900,0.4343083281888426
47902,0.871999296819621
47907,0.6236191795927026
47908,0.5496693062312533
47909,0.5404365080484572
47910,0.34318904399470856
47911,0.2755907253762317
47912,0.4222623585567771
47913,0.2564042094778536
47914,0.6602899542186966
47915,0.661175941504184
47916,0.1898597179500814
47919,0.4946553937571485
47920,0.045833223516114546
47926,0.5458432905742637
47928,0.1824998674748226
47930,0.5900604466833026
47932,0.5238733888547119
47935,0.38670504030517694
47939,0.4840117966992332
47941,0.7164274663799964
47943,0.513665926222795
47946,0.6232485654215306
47947,0.7800157686300618
47948,0.29497008756357357
47950,0.4343020948200991
47952,0.04384582782800286
47955,0.27197592511205165
47956,0.2496480827051886
47958,0.15763240001049095
47963,0.4305371676521555
47965,0.42318409861462386
47967,0.9240476676035031
47969,0.28657125885884294
47970,0.3460517433317292
47971,0.6349809799137742
47972,0.9238991731063095
47973,0.40510062490723325
47975,0.3780240760796538
47976,0.6183741545579141
47978,0.6246456192388476
47981,0.3230032868539714
47982,0.28743391315376066
47986,0.4777933249368716
47988,0.517207270429875
47990,0.4290416789235433
47992,0.6728751362876094
47997,0.9728787918486164
47998,0.42256325534399514
47999,0.46996291538396895
48000,0.944451223470295
48001,0.5499740063280866
48003,0.07580266380383045
48005,0.7288111806903628
48006,0.6359645004014483
48007,0.2863180472465015
48011,0.3117937128984479
48012,0.18595180908984224
48013,0.6478069984149462
48014,0.790635330776646
48015,0.49374364549886063
48017,0.5947015192482927
48018,0.6276631889189146
48020,0.5482587746894667
48022,0.5925603184905491
48023,0.799334305882962
48024,0.47407360027932693
48028,0.2177660566879913
48030,0.6468633452714702
48032,0.25629273034934824
48033,0.8468148787471239
48036,0.3328651309030628
48044,0.878834602604763
48048,0.8775415927358083
48049,0.6520282254768425
48051,0.6338947287908616
48053,0.7725876489123519
48054,0.619443844787928
48056,0.6399606744292605
48058,0.5901186490170264
48059,0.8289253484979768
48060,0.7991077075868545
48062,0.1507455698509978
48063,0.5470019761886928
48069,0.766659240242039
48073,0.5885873045161238
48074,0.7226911770658507
48078,0.435065563121897
48079,0.8025043952728808
48081,0.6471845820009803
48083,0.5907905043840769
48084,0.928329126770253
48089,0.6948504110319939
48094,0.3032622610499426
48095,0.5263282114976584
48096,0.6085554272395509
48097,0.16864432110676103
48101,0.5689667590800329
48102,0.09675286717704096
48106,0.2835675888153917
48109,0.8827284934114837
48110,0.8051102871841621
48111,0.7908125062233377
48112,0.1107480083377164
48114,0.7194421910913049
48115,0.33435050622669826
48117,0.06421087070419922
48120,0.2191641095667012
48122,0.8820226981284928
48123,0.5486927574486904
48124,0.8565665948297939
48125,0.8438251349592191
48127,0.5425133363483144
48131,0.4432186900558669
48133,0.06512850177463066
48135,0.47511271607871763
48136,0.12966784822868221
48137,0.4417783629118596
48138,0.7868487863866894
48139,0.45210855785193504
48141,0.03784747368413039
48142,0.37914949238087486
48146,0.37081101872840005
48147,0.695419760447639
48148,0.6362376312234357
48149,0.2987615693693572
48153,0.39602376983275334
48154,0.8719880332740463
48155,0.19916203755844167
48161,0.08544848770321051
48162,0.4119711513195031
48164,0.13671319325285164
48165,0.8851037757574427
48166,0.6330043861149313
48167,0.5733984416265685
48169,0.5125400143635381
48170,0.7315581043117916
48171,0.23823406570350042
48172,0.7881456410410004
48174,0.6852903261276171
48175,0.3296649655306385
48176,0.42041966275553355
48177,0.16233693241053054
48179,0.6949579266209692
48180,0.21362903586975548
48181,0.547956400326662
48186,0.20236387061807762
48187,0.3869085240668462
48189,0.39332596053955593
48190,0.22705525265163598
48192,0.7232905103903328
48193,0.6463601663462911
48194,0.0611428590971245
48197,0.9009982185984264
48198,0.43618565782392205
48201,0.4800014578558658
48202,0.8328588555941118
48205,0.28983958640416935
48206,0.6067930657953025
48207,0.347540949846672
48208,0.3035997323258049
48209,0.7934591367717166
48211,0.6677082101919125
48212,0.7392824570834348
48213,0.5513425736636022
48214,0.2417227699435476
48217,0.4513521160200586
48219,0.5915820399817977
48221,0.8957998046014661
48224,0.7172320305424468
48225,0.4065847849616763
48226,0.5933227991146941
48227,0.7227819451047612
48229,0.3317674385815616
48230,0.6722062772669545
48231,0.3956653923309128
48232,0.27873634956129995
48233,0.7370392445238971
48234,0.36469827610342426
48235,0.7743159670098697
48236,0.2600135848200531
48237,0.5401952292731215
48238,0.7555849456640904
48240,0.35339222069131304
48243,0.13137517833894366
48244,0.9554154922033448
48245,0.5350750600030648
48246,0.4060019753992194
48247,0.6277167888493442
48248,0.1795257587017983
48250,0.7717341717995706
48251,0.5958734092565255
48252,0.28054077731712007
48253,0.9784609987187379
48254,0.4098224446029062
48257,0.6954730650089768
48259,0.7243714387983274
48260,0.7319681775360354
48262,0.5607850445821376
48263,0.07370979241486057
48264,0.23827659612812502
48265,0.20802116098979534
48267,0.2118400655214832
48270,0.26756542480512585
48272,0.7041731692908875
48274,0.46997590960867797
48275,0.6175037745359705
48276,0.5089048355895679
48277,0.6825142936784577
48278,0.5958386643635779
48279,0.7487046429874077
48281,0.7599286264832157
48282,0.8721170941703054
48283,0.6600721624431544
48286,0.41051762184408486
48287,0.7856685446225949
48295,0.8637509921372424
48296,0.8032062294622984
48297,0.3029545861852811
48300,0.6042107056257247
48301,0.9415744136477867
48303,0.7654490217605758
48307,0.5624172410921009
48308,0.8629936488812742
48309,0.7445824039445516
48310,0.43431906218356575
48313,0.6518089942538102
48314,0.7418805087591861
48315,0.52950538287749
48316,0.7922573849484255
48317,0.6041513481373075
48318,0.6765862426708105
48319,0.2119339024369482
48321,0.1572894849658607
48324,0.5615699449296209
48326,0.7513626695197952
48327,0.3384096699123989
48332,0.31109373093729203
48334,0.5200074291799013
48335,0.26789568918492396
48337,0.8069432291160988
48342,0.38161547856060113
48344,0.7340475558587857
48345,0.8315194191032043
48346,0.7873110837546757
48348,0.7707009744952367
48349,0.9027883790492511
48350,0.18775289785195504
48351,0.7251759005999268
48352,0.7243712656705119
48357,0.35358157332398504
48358,0.9765090946574415
48364,0.713051515730853
48366,0.595762181723906
48367,0.7113533727479685
48368,0.29447774248852
48372,0.6577528671880015
48373,0.24810845803974804
48375,0.7205607804633313
48377,0.034460893754117324
48381,0.20025793015452067
48382,0.6902417125881195
48385,0.35373107602925496
48386,0.9227999057935437
48387,0.5652310866469489
48388,0.8897340318741862
48390,0.4461807881441973
48392,0.5059443152121862
48393,0.5358534124949885
48394,0.6635195676960673
48395,0.7300040288411632
48396,0.5050986875210953
48400,0.1649311298927173
48404,0.48976128705587046
48406,0.7242684892346692
48407,0.7404881333915534
48408,0.2785188625052336
48410,0.21036265436650703
48412,0.313030118407987
48413,0.5632857329439772
48414,0.6031528065911439
48416,0.4977802893897098
48418,0.3237090464339782
48419,0.5763060403426694
48420,0.6730071465630286
48421,0.6258483726470212
48422,0.3390272879765183
48426,0.6222794469919265
48427,0.9564999123121061
48429,0.5101919823797143
48436,0.41237050989499713
48438,0.6242827319122974
48440,0.5464503275425199
48442,0.837413102269961
48444,0.7941622444722634
48446,0.12415205851968204
48449,0.35310184262221833
48450,0.6517820329076408
48452,0.584305591756182
48455,0.729575742155548
48456,0.6431774437345781
48457,0.14479285300116496
48458,0.4011453808226664
48459,0.6135738096270357
48460,0.33418854967218053
48461,0.6254034235549294
48463,0.3581995000029737
48466,0.5851448133023677
48467,0.6332420387336316
48469,0.6761641376222255
48470,0.7138136683992883
48471,0.7315225334469299
48472,0.2398359465880807
48474,0.39412134113819025
48475,0.06946486376787492
48476,0.8230896500971383
48477,0.425889788247262
48480,0.6189578691033379
48482,0.6595049762962399
48484,0.13486633337827927
48485,0.9795363224459913
48488,0.5054295484065134
48489,0.8979037539384851
48493,0.3852487491573751
48494,0.4942352592299623
48496,0.6276995553460488
48499,0.4876887118504245
48501,0.2321374179771129
48509,0.34744958966466416
48511,0.8175334014964106
48512,0.8810037152875797
48513,0.6560048516685963
48521,0.22540707651640082
48522,0.7262036545043992
48524,0.3502498393108326
48525,0.15185911159280227
48528,0.4689247915141449
48531,0.8285445335072797
48532,0.5499186340238261
48543,0.6527379125652604
48544,0.6374876326038463
48546,0.41431428213343
48547,0.14414695753722503
48548,0.5345069249128518
48549,0.39165891753720034
48550,0.9451802169624616
48555,0.5590426267543055
48557,0.7554118037826665
48558,0.9393187343004518
48559,0.2784387930300053
48561,0.6077287519296696
48563,0.9549986318882904
48564,0.1831110549658239
48565,0.7078030615996378
48567,0.34371492459334996
48570,0.6897424990002826
48571,0.2534183462351322
48572,0.21650838536412415
48574,0.04184076412051616
48575,0.9689091224572777
48576,0.6990465173316167
48577,0.9064981087195157
48580,0.16026277700252428
48581,0.7677314897124928
48585,0.3516007110615196
48587,0.6706746386955612
48588,0.5594205314020936
48591,0.6443678822582685
48592,0.7451569879565062
48593,0.32442426256597523
48596,0.6205283653065565
48597,0.4178301667183337
48599,0.641904411437569
48604,0.32327448636669665
48605,0.43987691001716517
48607,0.7058065411471044
48608,0.8433224156475011
48611,0.6620454776550502
48612,0.3784701176689712
48614,0.11951104232495653
48616,0.7727853265410893
48617,0.8029793705872138
48619,0.6920625456049179
48621,0.6312520432043305
48622,0.6023884515694846
48623,0.2999485158866451
48624,0.12838189483826287
48627,0.8385567154528748
48628,0.3604559085336147
48629,0.21129589680607316
48634,0.9197270587680413
48635,0.7617321826739992
48636,0.7037711291555283
48637,0.7218985247716116
48640,0.7300401160334654
48643,0.11756939789624549
48648,0.25151734239630336
48650,0.9101578373914931
48651,0.9139085871168123
48653,0.4991008103882096
48655,0.6204407654580336
48656,0.2388136253268314
48660,0.8481925089294907
48662,0.47545569772196755
48672,0.13364506123736153
48673,0.5737502522867333
48674,0.953703601372366
48677,0.7403907416085175
48678,0.24739665472403244
48679,0.3708951211309066
48681,0.5274033960658226
48684,0.6229968814618988
48686,0.04068600710628968
48687,0.39032600394563727
48688,0.840942705223401
48689,0.2410503957548885
48690,0.3927252135539838
48693,0.5102029144186264
48694,0.8516794465480987
48698,0.6763976227804005
48699,0.7996424333887255
48700,0.763789321250845
48701,0.9507602430594939
48702,0.8641040510029193
48703,0.1822321819115793
48704,0.5624746875022167
48706,0.46900846112083777
48710,0.7859588387421823
48712,0.795178974176372
48713,0.7758134527646433
48714,0.7114054792174224
48716,0.7196983259327155
48717,0.9351566057587092
48718,0.7125976808849384
48730,0.7969652251614636
48733,0.33126666577036246
48737,0.5102496975881606
48738,0.46211000749880055
48739,0.3333764842259298
48740,0.25377155859848366
48741,0.6832042522720292
48743,0.3899586883437228
48744,0.670095067594494
48746,0.2705737518669627
48749,0.5805811721426354
48751,0.31528529331305255
48752,0.27495602948113057
48753,0.2480748446461335
48759,0.6692563851882605
48760,0.36695968303325677
48761,0.4327164449916797
48762,0.15673526117325076
48763,0.7620596572657378
48764,0.6579838121814675
48765,0.7788433537075782
48766,0.1789920627137833
48769,0.6212215446354361
48772,0.27486590370763725
48774,0.914545292742218
48779,0.2980929613829108
48780,0.17375311974172516
48782,0.9879807145974128
48783,0.6569818436091889
48784,0.41359868377692816
48787,0.7561701629573233
48788,0.8070258269533723
48790,0.4431766537639013
48793,0.6585038692954005
48794,0.37594414580430396
48796,0.6767059075210481
48798,0.40166602767105886
48799,0.6866386111208703
48800,0.9071800263362091
48801,0.04816542420486217
48804,0.2135323328488356
48807,0.19148269895030098
48813,0.8480916476762086
48817,0.5185811005270635
48819,0.0805080338699
48823,0.5765153750618093
48824,0.5495519701589897
48825,0.8168264117301721
48826,0.4797540514689739
48827,0.8764750453907806
48828,0.41847599820045633
48829,0.8264452894503747
48830,0.5080008515479796
48832,0.0816875633619901
48834,0.49591994096871694
48837,0.17464149382832442
48840,0.5028607422477985
48843,0.570227549900464
48847,0.7460545474121694
48848,0.8128965377930945
48849,0.6494716481393626
48850,0.37306099696044126
48851,0.1476726432872101
48852,0.10193232224850891
48854,0.8302445347362033
48855,0.1550113161612191
48856,0.09312077167782483
48859,0.3821692310504667
48860,0.5371043765327989
48862,0.6281857672002191
48863,0.5854435311249722
48865,0.4278331493472946
48871,0.31222770280070206
48872,0.1930672860490618
48873,0.21557635266577235
48875,0.37306583148462563
48877,0.770912911584187
48880,0.6748340859750038
48881,0.7784182875263743
48882,0.4451870876532821
48883,0.4902610618119438
48884,0.28152244870191173
48887,0.42191245344097517
48888,0.47509866066150575
48895,0.2554854275555102
48898,0.13175919612512157
48902,0.4411590696286935
48903,0.3979854051486475
48904,0.5795169105627881
48907,0.35722031745633304
48908,0.617715393082126
48909,0.986140049715211
48912,0.0627837790348385
48913,0.4742209280757988
48914,0.9353939366873836
48916,0.19220366380983422
48917,0.6895832067323495
48921,0.4978150420462583
48924,0.46566687016716934
48925,0.9385831176260936
48928,0.4553197993425103
48930,0.9177525377671052
48931,0.9029044009641355
48933,0.25728025457800896
48934,0.3548106230099121
48936,0.3537846577180678
48938,0.491492769016564
48941,0.4895251815780846
48942,0.07210628632183895
48943,0.08127048084938902
48945,0.3637567967778046
48946,0.4470355446824377
48949,0.4061034095312238
48950,0.17785208558939788
48951,0.21582248073873325
48952,0.6936129356699027
48956,0.8007587846077912
48957,0.5973826169306016
48958,0.7363870545738016
48959,0.7980407796169317
48960,0.5587123391762205
48963,0.6267470243450654
48964,0.3385345662583825
48967,0.13922008373128333
48968,0.4884105953556566
48969,0.9166688126453273
48971,0.8595893975650122
48972,0.4864077588795457
48973,0.44715549991128617
48978,0.14750048291626805
48979,0.5236006650364916
48980,0.34169015407212255
48981,0.9032013344934754
48982,0.7823607177897453
48983,0.22659383414491355
48985,0.7161392905918814
48986,0.6493807804526686
48988,0.6304599572214186
48989,0.9054986449583577
48990,0.4918983890308562
48991,0.3694081885481443
48994,0.7614718817450113
48995,0.642421155755588
48996,0.4822497171488427
48999,0.947427257444606
49001,0.40854516737829394
49002,0.7719234190734751
49005,0.18187607110360907
49006,0.8209583375206952
49010,0.5446961910141855
49011,0.4928707953309048
49017,0.4411548765853383
49018,0.5637302666690602
49020,0.31845606747284627
49022,0.4930924913064879
49023,0.44293144629532993
49024,0.545649648563195
49027,0.3981138501066333
49032,0.3860595006790432
49034,0.29115461476137267
49035,0.47257823852258285
49036,0.3679826978881306
49037,0.17113291408830925
49039,0.3040532380007237
49040,0.18155553957419238
49041,0.7204422687166324
49043,0.4878347544090745
49044,0.9078596569011244
49048,0.19201680626768552
49049,0.3754035606650031
49053,0.16128074276959856
49055,0.4258452355462114
49057,0.45918065553594717
49058,0.3943033571282796
49061,0.7815170618853601
49062,0.5172492134856826
49063,0.9508331276326281
49065,0.6797469730219426
49066,0.9137993463355534
49067,0.4695539725984738
49073,0.3612431316772662
49074,0.18979323347278346
49075,0.33996878909240025
49076,0.2953897123268162
49077,0.5327674095293513
49078,0.6660806196681532
49084,0.4559097544575252
49086,0.8752508668811365
49090,0.5184130287574739
49091,0.28055427878465694
49093,0.5502690039959934
49094,0.7248620431764609
49096,0.21661684507866175
49098,0.7551040916627514
49101,0.26655019919308437
49102,0.8217296868440555
49108,0.33980888033476814
49110,0.5054046305453983
49111,0.4806280018241661
49112,0.27032857565953444
49114,0.7566217252964298
49116,0.5490956051484652
49117,0.6871827967082901
49119,0.3156116981335027
49120,0.6298128137086944
49124,0.527496193948344
49126,0.3852431596887603
49127,0.7454720761681974
49131,0.7339181109991205
49136,0.23390796830627109
49138,0.323539061997023
49139,0.26959505014068713
49140,0.3720346472353452
49142,0.4876337083565485
49143,0.191898442654537
49151,0.3132802774699584
49152,0.5641464392690656
49156,0.5018190434815047
49157,0.0758318439030148
49158,0.2821332122232833
49160,0.7079592058255493
49161,0.44484140683840523
49162,0.7080403969594798
49163,0.22022754223659596
49164,0.8792053368448014
49166,0.9243152571435774
49167,0.6272531870714652
49168,0.7088562436607154
49171,0.9744732091853194
49172,0.257349975582679
49176,0.23056470607237162
49180,0.34768994253627145
49182,0.5662718017017161
49185,0.232738532510903
49186,0.4739885654702993
49188,0.5421220302385761
49191,0.4567168207618375
49192,0.7903047984447246
49193,0.5613513659830379
49195,0.6886497693769938
49198,0.7396369603816477
49203,0.31780600813782
49205,0.12406676168162319
49206,0.6329715236383813
49211,0.34051870425167075
49213,0.5822444184518634
49216,0.6255982921781232
49217,0.6997904821443279
49221,0.4553890092315551
49222,0.3929052206438736
49223,0.18295076866700435
49225,0.7166814362161195
49229,0.3721236699311899
49230,0.7681198035848238
49231,0.3909488532449604
49233,0.30237956882415684
49235,0.5911202765285274
49238,0.3209801859842471
49239,0.16255024131893617
49240,0.7773808383524896
49241,0.5328260479112698
49243,0.5534367049379569
49247,0.3221869583540382
49249,0.47989497553032595
49253,0.2938226247991982
49257,0.4160032408381324
49258,0.6330167218247909
49260,0.2914640057666641
49261,0.7731101266533127
49263,0.2736017287647733
49264,0.18991741023154873
49267,0.07811141179362595
49272,0.7355521743089322
49273,0.5168391513657419
49274,0.4111210600348792
49275,0.8580807303129007
49277,0.41429842301365666
49278,0.37450682489983206
49279,0.5522014840781958
49281,0.43801704615850634
49283,0.5291103129630866
49284,0.4966419581719867
49285,0.8861131792889863
49286,0.3240853805360815
49287,0.7135176691339465
49288,0.5509860358300627
49290,0.2836288139898522
49291,0.8936073672353362
49293,0.18043962768966032
49294,0.2539700645465862
49295,0.6224444097040418
49297,0.6715182163960673
49299,0.4086741331328891
49301,0.646990995745449
49302,0.112329250315354
49303,0.08789778696302826
49308,0.6799712538849156
49309,0.8521043477026743
49310,0.4767487699938279
49311,0.24350541503887163
49315,0.35472982362653427
49316,0.48764351189745825
49319,0.6336453486731892
49321,0.40030602937475873
49325,0.3586451516530938
49326,0.1598581851704229
49329,0.5849261339543618
49332,0.27060599670378416
49334,0.12802633183556714
49335,0.4301690947261861
49337,0.3805933606337356
49340,0.2787918510079151
49342,0.8959993612001623
49345,0.699860486012832
49346,0.3622142046729289
49347,0.23883372183094503
49349,0.07093285757997217
49350,0.5859534910988813
49352,0.8736081712798678
49355,0.11908500291862614
49362,0.23057074175335193
49363,0.8965581905485975
49364,0.8985450965730714
49365,0.7220856782837822
49366,0.6208585404610715
49367,0.6620309173866553
49370,0.7705276044090132
49371,0.3043347891412218
49374,0.509223183597655
49375,0.17529046546881533
49376,0.7218996718708315
49378,0.7035573388876156
49379,0.6072873746290641
49380,0.5832734548370261
49382,0.7857038558800294
49383,0.5230733224386601
49385,0.5158483213524901
49390,0.22568213258152295
49392,0.6899659428486375
49393,0.2956178356025474
49394,0.6835733687157577
49395,0.2041352812947567
49396,0.813207642635818
49397,0.42512011926594234
49398,0.47027528591613893
49399,0.8550695091976852
49400,0.7956721320078864
49401,0.3947785523201464
49403,0.8993491345522725
49405,0.5581005968995374
49407,0.8346571902849993
49410,0.3267096717102394
49412,0.6532522556799026
49415,0.8018734082561493
49416,0.45940823597212976
49419,0.6554525425193723
49420,0.43108937198484887
49421,0.8578183040464343
49422,0.08521933507552833
49425,0.7995141647957654
49427,0.7478782955480285
49430,0.9595403557159696
49433,0.2725678219342479
49434,0.3448814393464107
49440,0.782107969129664
49446,0.6615408638107894
49449,0.3534449371327879
49451,0.42809629639629415
49453,0.5482710402610513
49455,0.5706379266019701
49457,0.013442844037259876
49460,0.34040045667819374
49462,0.1872281044945424
49465,0.327678112546471
49467,0.3161191000648028
49468,0.5123205678268837
49474,0.5979414150665397
49475,0.860128580177135
49478,0.46164161468869885
49479,0.5182122679150227
49480,0.8557505792170355
49481,0.8021357052407171
49484,0.7476516259630469
49487,0.5533494105171637
49488,0.9680302073521587
49489,0.8335519286643909
49491,0.4017285774380191
49492,0.6070254912540571
49493,0.5552234015473163
49497,0.832604600971898
49498,0.7313609261482529
49501,0.8843911767931896
49503,0.2432889746209588
49504,0.7689498467895397
49505,0.5636550253065633
49506,0.2423976364703774
49507,0.31773750131575285
49508,0.3813182038450225
49512,0.6963610801928763
49513,0.5025091417781661
49515,0.6250286104960424
49518,0.6001751294047589
49519,0.8492536296984217
49521,0.2834808617186013
49522,0.5454646455482932
49524,0.4696589022901362
49526,0.1955835074542462
49527,0.5453422646452418
49528,0.3194620019962031
49529,0.544587109958307
49530,0.6076287034457118
49534,0.5522136075116654
49535,0.8406318494676581
49536,0.18561153580781103
49537,0.4054063717080394
49538,0.8708500401355909
49539,0.13295436976597808
49541,0.5284697362478527
49542,0.7414544565181738
49549,0.7331954872111689
49550,0.6912365213709428
49554,0.5433490202384024
49555,0.850178364010997
49559,0.40846558378288106
49560,0.6779613259870557
49563,0.5025806269496321
49564,0.4754789785311914
49568,0.30385497931199024
49569,0.3977148086929827
49573,0.08127000616331154
49575,0.28071243505520116
49577,0.3760787739002951
49579,0.18835626653852103
49580,0.925748868354553
49582,0.3988912566319948
49586,0.9504500899459563
49587,0.3642238697590657
49588,0.4527792874877892
49589,0.6378546121776232
49590,0.42995094715295523
49591,0.3662653708311551
49592,0.17640477088698991
49594,0.33266500207263155
49596,0.728557940562233
49597,0.7920134873044268
49599,0.23048104092215446
49601,0.28963931519742475
49602,0.9254173247127044
49604,0.2312163220560423
49606,0.36182009487438305
49607,0.3779034590811785
49610,0.4285585547329396
49622,0.7400728172783505
49626,0.9559749129853471
49628,0.15461258907883002
49629,0.24374651933913688
49631,0.638952598194413
49632,0.6229929248392044
49635,0.6973359405862011
49637,0.16748987583565772
49639,0.9761194172400868
49640,0.6445747769329458
49641,0.5649455761890376
49642,0.28313625643749857
49643,0.20721672092717328
49644,0.15320544840065076
49645,0.4013453498119456
49646,0.3661265893510362
49649,0.8657833980257355
49652,0.23071299975526563
49657,0.4063588567463289
49659,0.7675654287666225
49662,0.668739906889758
49664,0.5338652356635624
49665,0.022601650250587756
49666,0.6124348363911228
49667,0.4692093224765144
49670,0.6684480639553851
49671,0.9506280693801423
49672,0.7977880725656432
49673,0.6541251685860019
49675,0.8492816274771734
49676,0.6708954344126797
49677,0.4930354820467613
49678,0.8419733204797384
49684,0.6570463419279076
49686,0.01950968078162622
49687,0.44391716760058725
49688,0.9321614798228536
49690,0.8656696313431481
49692,0.5818529548976595
49694,0.6518487962122426
49701,0.41766585702943065
49702,0.2109402478314098
49707,0.24769558753945786
49709,0.2583931111571142
49710,0.5547300882991507
49713,0.44419174558032476
49714,0.7425449854094971
49716,0.06915954466261934
49717,0.9318736475073351
49718,0.8692728962333931
49720,0.20071102585413417
49721,0.6561430987742791
49723,0.6169067105077546
49725,0.3366104098709457
49727,0.833162867921051
49728,0.06157895452455069
49729,0.4656707932297084
49732,0.6060405754287769
49735,0.6996080576393311
49736,0.5626144719195941
49737,0.2788228579430901
49741,0.808858866984381
49742,0.06585056385671698
49744,0.5543801302722057
49745,0.4887593666314107
49748,0.7225666441840197
49749,0.5317677021583732
49750,0.518507305124336
49751,0.8827186963162844
49752,0.486729357553327
49756,0.27793755023561945
49759,0.5879905865052198
49762,0.5364663251831233
49763,0.8825591484562318
49765,0.6833968226222714
49767,0.20759388543005225
49768,0.4676589889850318
49769,0.7308586339401729
49770,0.4733078420965148
49774,0.5433890021384897
49775,0.6171923764716036
49776,0.7651794812101207
49778,0.5903513365939321
49784,0.37907251375243556
49786,0.8119019101617713
49787,0.15695481183382948
49788,0.6404308081973671
49789,0.7353690216630924
49790,0.734683134501124
49791,0.8666842172657842
49792,0.6868856533810808
49797,0.2949197114285824
49798,0.49660693129031325
49803,0.5554361394898477
49804,0.21473139776196346
49805,0.15929338267167978
49806,0.5446223584446619
49807,0.739311438113258
49808,0.45728699364534287
49809,0.5401743157596934
49810,0.6880921483002705
49811,0.6636695715104184
49812,0.08082959342014513
49813,0.1664847088216806
49816,0.6897024946903123
49818,0.8605349189022838
49820,0.6857089240423176
49823,0.9531564349877302
49830,0.6045576205072902
49831,0.6027608722815607
49832,0.6441029322779332
49834,0.43785064859155326
49835,0.6978238537855386
49836,0.7428399955703043
49837,0.0977600501295019
49841,0.18629617110831867
49842,0.6400910405897033
49846,0.47949833666806674
49847,0.14552181560223315
49849,0.6926540186681954
49850,0.33967096218216225
49854,0.3016407036126971
49857,0.5391569214303797
49858,0.29676842734210035
49861,0.7370868270604312
49864,0.588247051601591
49865,0.9017299029393689
49866,0.6259167450769796
49867,0.6360848208325008
49869,0.16244086010548153
49870,0.8164695731187818
49872,0.4218176422715815
49874,0.49188432035654306
49876,0.12905693743119168
49880,0.7164735144072141
49881,0.38393951126315
49882,0.2691743530200706
49884,0.22200945919221768
49885,0.773181340117187
49888,0.4882960511195177
49889,0.151168123271129
49892,0.4682186207677641
49893,0.6299374363116633
49894,0.6186430315291785
49895,0.5169142605749648
49897,0.5835737979816894
49898,0.3985044879990185
49899,0.24862790369388027
49900,0.6943705799762705
49905,0.5209111699471654
49909,0.6208812281645001
49912,0.7092123523420684
49914,0.4498415043379498
49916,0.5728828334044337
49918,0.27507142784074806
49920,0.43206432076876666
49921,0.5825914069861335
49922,0.32142505155034007
49923,0.40402318595975595
49924,0.8066184044913102
49925,0.7697637123830335
49926,0.77567978624211
49928,0.4927929799014706
49929,0.3631855650461051
49935,0.7762046466917845
49936,0.4974396038102755
49942,0.3365233313949073
49943,0.5201279269038955
49944,0.37351145297937055
49947,0.8373417913323479
