mid,radiant_won
3,0.6716509401811611
7,0.8209061610108223
9,0.17075504291008858
10,0.5551515584547841
12,0.377689855890389
13,0.1796814361236978
14,0.5254983440799395
15,0.37306095005035583
16,0.34906287071877207
17,0.26156261288942095
18,0.7878528016950908
19,0.22348565985371807
21,0.5705071156575182
22,0.9038154745506313
23,0.8423785264551799
24,0.7914296359113893
25,0.8262409505227386
29,0.651367262501344
32,0.7656258138196478
33,0.632826829529646
34,0.7895824321069452
36,0.2998552774677107
38,0.9499004905307845
39,0.3969924485714515
40,0.7476162408804472
41,0.390135223449214
42,0.7268150444542155
44,0.28696490225865606
45,0.8852939890414079
46,0.49732154962606384
47,0.3854996117738336
50,0.249297837286192
51,0.07930820345648625
54,0.5814360522272196
60,0.41079767097138414
72,0.1265740737781328
75,0.7427984163256168
78,0.5703577246891036
80,0.1371736774793558
86,0.7173430669309363
87,0.8024407231325261
89,0.5524833001035347
91,0.791599766320295
94,0.40600385308070147
103,0.33138909053905036
105,0.7771720935877263
106,0.3327408405935648
108,0.6587697798027391
109,0.7042091419652812
112,0.4269028593124204
114,0.6406938042283773
115,0.30427513106877785
116,0.8261178124709677
118,0.5588497384633725
123,0.6492960836655651
126,0.9054171681267229
127,0.6329768399944584
129,0.6451826536780261
131,0.9414124062873547
132,0.853361278114825
135,0.7227038894347527
136,0.44890605973072556
138,0.41756070645568544
139,0.3963593536228361
140,0.3909279036110189
143,0.6874899553225317
144,0.26152418387216064
145,0.6878906539093222
146,0.846383292992184
147,0.908298565532042
150,0.3527807508313276
155,0.19574760620518133
159,0.8243004470466859
160,0.5368334532295569
162,0.4437900675429929
166,0.3879375071119234
168,0.1966465230785039
170,0.3248910375592237
172,0.2730156700039194
174,0.7930134221042048
180,0.19832020996063712
181,0.457488078757649
182,0.7682032979557715
183,0.2369060538936283
184,0.6649079706560845
185,0.8940732956839456
186,0.6612241950932758
188,0.4346717091179821
189,0.8327788739483517
192,0.3775295870287388
193,0.5103001552394091
195,0.23929504961079145
197,0.8770379756101974
201,0.3671785986016176
202,0.6502447147231404
203,0.1512914316668598
206,0.5368064593266929
208,0.9307406235542749
212,0.7933490483400272
215,0.40018706360575584
218,0.3394368189346897
220,0.6691535085515933
221,0.08052976776881623
222,0.4122422545357476
223,0.3310339112668525
224,0.21553847887735791
228,0.7315565572225657
229,0.6895682843388555
231,0.7484481870659745
232,0.5990143793986269
235,0.5327601505292573
240,0.8341267374718448
242,0.3029479741891642
247,0.16876754849375347
249,0.5853379769034002
251,0.0890028287973717
252,0.8188751218202094
253,0.0571976604666453
254,0.8714265546528767
255,0.8931965224831273
260,0.6616520016604963
262,0.1092048570629199
263,0.3094125770691407
264,0.7331987314435061
265,0.6185706408039369
266,0.5262038806399891
268,0.07636183909818431
270,0.5044844682481424
274,0.8234263492369128
275,0.05457774586302837
278,0.7724161141873637
282,0.43675152093077874
283,0.3176593358703765
289,0.4241313929888281
290,0.3047364682305156
292,0.3369782048237364
297,0.46271941011711
298,0.17873789582417574
300,0.6956912561285131
302,0.13045150795105828
303,0.8437576740095929
305,0.3709354077906433
306,0.4838640267582896
309,0.009174601066023073
310,0.5880065710475633
311,0.17625885678009592
312,0.9275458635948248
316,0.6638491747009443
317,0.15452158999126495
318,0.6167483896507325
319,0.45274324154283285
322,0.2742240350920028
325,0.12991889541964485
327,0.5673648437443841
328,0.16151307023467204
330,0.9125529890863914
331,0.4111770191259768
332,0.185501012585143
333,0.8259975893829339
334,0.13185694710382076
335,0.8023497896419675
336,0.7886940891546468
338,0.7017960726582235
340,0.5710623433497046
341,0.18949193981210655
342,0.8466532461276802
345,0.651379230480897
348,0.1834789759482197
350,0.22472621214263877
351,0.7503939305976324
353,0.5984865034057137
358,0.6725641076970582
359,0.3885358873288092
360,0.7071760769382328
365,0.2852881856078704
368,0.34044880018479645
369,0.9364929472716755
370,0.738081849572439
371,0.16852396904424213
372,0.369537590202988
374,0.857747593871023
377,0.5882552703493136
379,0.7347012873143028
380,0.1526040820309439
382,0.4501213548414106
383,0.7358734407817613
386,0.41830087719816467
388,0.597232385280235
390,0.46716076080960833
391,0.3732175422433097
393,0.9135058860490815
394,0.2698706996561077
395,0.3339083974655761
399,0.4002571749823065
400,0.4941358102180105
402,0.48222577321985477
404,0.8095418156255215
405,0.7158639557248144
408,0.12444028174260613
409,0.5381741366036047
412,0.4895525767503569
413,0.7409128874794958
417,0.943400812548146
420,0.34109668420374933
421,0.6136906853704686
422,0.3902363750452766
423,0.2316431135817497
425,0.15177571712134366
428,0.42914657970860653
435,0.4624882922009649
440,0.18769818902097765
441,0.3650026914162005
442,0.46634749712763973
445,0.6976073605071378
446,0.685658863521583
447,0.3131044325642367
449,0.5788735961496098
452,0.6375322771190501
453,0.8364041913893067
454,0.5758104234335353
455,0.3301541163865074
457,0.24379319685750236
458,0.7249987220999616
459,0.4575505050219781
460,0.4009607746079914
461,0.5542732622816204
463,0.7549407516137179
466,0.8979665208399378
468,0.8241354064863735
476,0.4453840311281249
477,0.37145196801001984
478,0.21951369903247078
479,0.8791889791240344
480,0.7945656130157459
483,0.7292893414323302
484,0.5059199121851953
487,0.8561783359164957
489,0.7115240138315294
492,0.36049796973139947
493,0.19415591529838452
495,0.6492367666589353
498,0.24415660093634703
502,0.8153052073507424
503,0.48842046816323725
506,0.30890237738966514
507,0.10875974957718415
511,0.3705539976982379
514,0.38464877753330395
517,0.847929220562998
518,0.20159119138688084
522,0.803811640842675
523,0.8005173637286087
526,0.8819757519054993
531,0.6175745628670658
541,0.35844028547142753
542,0.2950039481979337
544,0.7372074729428617
545,0.7963445226240236
547,0.9099853760043302
549,0.524150124037642
550,0.23984503538830054
552,0.9408040843010144
554,0.6884481360242422
555,0.7427701495042793
556,0.845728546653126
557,0.30774435419652096
558,0.7738412757299462
559,0.49572106109283787
560,0.774554204746703
561,0.7043583523495158
562,0.8674799294507138
563,0.7662700270702733
564,0.25914738750494604
566,0.37163206520415343
570,0.5508521307677985
572,0.7427802453708263
574,0.39919826927293595
575,0.592265476737699
576,0.7449705273016838
578,0.36632936534441424
581,0.6599322154657863
582,0.5161432431930689
583,0.4753004683415188
584,0.3301368758024705
585,0.40980185780961564
586,0.6453926705318762
588,0.7293911540548953
592,0.6704146051922266
593,0.7378655018051791
594,0.9330656679753283
595,0.6471683713286746
596,0.8625385918662744
597,0.9771278787386122
600,0.7456408011495911
603,0.16169306713665765
606,0.67203470235116
607,0.276122759906889
608,0.5744437949259512
609,0.34855215097928605
613,0.8037282494911755
614,0.853264772737233
618,0.3147971351086417
622,0.9369500061261966
623,0.4348368462646074
624,0.22103356958438056
626,0.6799758078415987
627,0.39071360343349837
630,0.18039555526494974
631,0.23706334716478228
632,0.5169594780770532
633,0.6706622663494043
635,0.6117301744365299
637,0.5776879681477972
638,0.5826284915315253
639,0.7887090128340561
641,0.3646531217328472
642,0.6101536134910546
644,0.677464654851988
648,0.5814287146633188
649,0.5807246978105493
650,0.8494803703606753
651,0.7933745066409964
652,0.465209709365748
653,0.35668253746468415
654,0.3704405875617173
655,0.1543534764277255
656,0.6950634878801023
658,0.4114147901459772
660,0.9614343792481918
661,0.7813154668093109
662,0.6782043880404411
663,0.8438802204504179
666,0.09113682073821107
667,0.26200113846666373
669,0.41123741387382917
670,0.8007605652188177
671,0.43739306465441685
672,0.603582309927344
674,0.9069528177973681
676,0.3915852121025748
677,0.7746980953953853
678,0.3158739263994014
679,0.23381821418589377
684,0.7874867418040642
685,0.3845943309463228
686,0.6866440111456057
687,0.28122004638171016
688,0.7824878118571916
691,0.2619095553926182
692,0.5373504153293778
696,0.7226131111800442
697,0.22559250313797122
701,0.3313232698033563
703,0.5725553174687574
705,0.923357881626732
706,0.519589714721571
707,0.8037970747192666
708,0.30219890893679685
710,0.27958279667102404
712,0.5655995189656873
715,0.47183049976145613
717,0.5576961564589586
718,0.8322585722785006
725,0.38829932153790475
726,0.835194678893741
730,0.8334291517665735
732,0.19651575067193505
735,0.8975745858027473
737,0.7015038239012129
738,0.9069797895771149
739,0.7691700789462856
740,0.2053898829186874
741,0.6436959041989716
744,0.7503457657457988
745,0.6181507561161684
747,0.22911705457722387
751,0.6239339922909733
752,0.42093873457069014
754,0.47490749646257363
755,0.6170928665480568
756,0.026943175594028198
757,0.8242979970082006
758,0.2870799396652413
759,0.3350719121111467
760,0.18801263312830227
761,0.61824518458534
762,0.22725664125200531
763,0.2011698507952714
764,0.5490294803731924
765,0.5685697541657512
766,0.19700333941660597
768,0.23572095323625403
769,0.857087520989243
770,0.6814124564588974
772,0.412400470044219
773,0.7451152920401463
774,0.4623685153542291
777,0.17761322802385326
779,0.5548093172973037
780,0.4113336913466667
781,0.23163999013729059
782,0.7025237562941108
785,0.8313919084369881
787,0.9341729960895729
791,0.8988984419314197
793,0.3283348104976648
794,0.5057835294749814
796,0.44511635551147727
797,0.7902675903628539
798,0.48602238940545256
799,0.6395149921610473
800,0.9461277141875385
801,0.7871631798130687
808,0.9639989556548959
810,0.6691183311124518
812,0.5822662097059446
814,0.5098719177809723
818,0.4274847429754391
820,0.4808900080503846
821,0.8050543386104937
824,0.11286218224737543
826,0.5959115765220409
827,0.558005252284199
828,0.5630061005879246
829,0.2390325350545091
832,0.5620851450898946
835,0.8552635629012522
838,0.6109980420803446
839,0.6545516502135518
840,0.555832842454306
843,0.70788577044598
844,0.32417749469982715
845,0.6271134359275303
850,0.5103990982420163
852,0.8234452032014781
853,0.4325624529015047
855,0.6793072604324345
860,0.13166569345918339
861,0.823558618305895
863,0.7272197689971794
872,0.2425699420666868
873,0.4068531184042632
874,0.7030442641402174
877,0.09092242467356043
878,0.39738559209760166
879,0.4241423818994397
881,0.33723127434668804
883,0.9820156086434935
884,0.5474555712917828
885,0.27282236696355594
888,0.8214437149506459
892,0.7053548379384035
895,0.6808489823845743
897,0.3761116619433957
898,0.1534031745013588
901,0.6155985465241853
903,0.8731457824071825
905,0.3824351068744568
910,0.11857828303185358
911,0.45932987544185133
912,0.6612724063002923
914,0.8868432054480048
915,0.7102762706018182
916,0.6905789303719367
919,0.5228434289350985
920,0.2136713571601637
921,0.14737705934156037
923,0.5617182357918534
925,0.9647016856179808
926,0.5469477025037554
929,0.616792589442493
931,0.1942511000857634
934,0.5526285225181119
935,0.746980550627216
936,0.6093963651544199
937,0.5987941206965598
946,0.7524226087884353
948,0.11916095817947196
950,0.3650252613952487
951,0.6381887765027803
952,0.7210375354118502
953,0.5838803013121121
954,0.7312920389449433
958,0.5845791839259703
965,0.299249752383863
966,0.5279950590204376
968,0.6000411056847832
970,0.5007003566864208
971,0.12076176735469211
972,0.4304609351459047
973,0.8063099977723572
976,0.9060403530305361
978,0.8174029786687799
979,0.5154895313520382
980,0.4821040478917731
981,0.6066123674392165
982,0.12609177493873092
985,0.49969480906471203
988,0.11386345173137388
989,0.42450250115821314
990,0.31454427215484715
992,0.6089226566046957
994,0.2945610077852151
995,0.7757417415653517
996,0.42685313762026544
997,0.5915793311161476
999,0.7900627173133882
1000,0.6640368934627677
1002,0.510733303801672
1003,0.3682517198457749
1004,0.30701766951280596
1005,0.8850620394963875
1006,0.26894453467791546
1007,0.45654426069641735
1008,0.190942224368208
1009,0.06541453272319325
1013,0.661466835798585
1016,0.7098840664335487
1017,0.5714706428908569
1019,0.29476079744228184
1020,0.9659529276655101
1022,0.38604670929450496
1026,0.8143342395558343
1027,0.3675812404912711
1028,0.7438202684523453
1030,0.3256545759316099
1032,0.7342968533537032
1034,0.3813269645919658
1042,0.6815179744477985
1045,0.17669918385913674
1047,0.08811043902755662
1049,0.5910678523887515
1053,0.1680768898266557
1057,0.3035891415928555
1062,0.6360503275384678
1064,0.251016046108315
1067,0.6574741763421688
1069,0.7212461695502759
1073,0.7435838303897051
1075,0.2125199448724329
1076,0.4409649200201663
1079,0.6182437486820288
1083,0.6163853982318905
1084,0.43662946599206093
1085,0.8058145369830207
1087,0.29829597687289305
1088,0.37624025175847514
1095,0.8243308362077444
1099,0.8629524620372037
1100,0.33718722820718866
1101,0.045515007638833406
1102,0.521995228980658
1104,0.6332709660371098
1105,0.6532777641660111
1107,0.625689151438722
1108,0.22203959822327315
1109,0.08466890238148915
1111,0.5679541741679422
1114,0.9137611063075465
1115,0.20708204343171327
1117,0.5105435066859106
1119,0.1220785322502279
1121,0.2693245890855825
1123,0.2482169189284432
1124,0.4410944661288892
1126,0.35722331302849153
1128,0.7328725381932202
1129,0.5289405994314867
1130,0.4221626825494373
1134,0.8599051567290097
1135,0.6716901583275416
1137,0.47743098806111944
1138,0.1599101410516468
1142,0.3020210272880305
1143,0.5517953540595795
1146,0.4258437940805831
1150,0.40907555595274303
1151,0.3682607062107476
1152,0.8876663399101705
1153,0.08364387946264525
1154,0.5738421583590926
1155,0.8364615055004453
1156,0.9043842958583969
1157,0.10702954612784338
1159,0.7553564843671245
1160,0.8083159432256681
1161,0.9020388112594607
1163,0.29402832772727006
1166,0.9508668258382242
1167,0.4144516672435419
1168,0.278656948064301
1169,0.7428142205169245
1174,0.3437063131223701
1175,0.25342375268722583
1177,0.7248197311361039
1178,0.16747727011091598
1179,0.5031587396174271
1180,0.7514995239899008
1181,0.6831251264879146
1182,0.15062883560877854
1184,0.24494301717347622
1186,0.7142438642572363
1187,0.5653413667423686
1189,0.8917218069118209
1190,0.6873756180658399
1191,0.6414429590279878
1194,0.10842723675656672
1196,0.1279845721396959
1198,0.24327916338469646
1200,0.2252357835443037
1202,0.48230915322760914
1203,0.6557868388453713
1204,0.6828391142687925
1205,0.28234459264639944
1207,0.21962809089018204
1208,0.2282626112141933
1209,0.5432156729516568
1210,0.5340433736142899
1211,0.6908098627891344
1213,0.48372112196152356
1215,0.336310869567133
1216,0.08955287052190576
1219,0.21628259553463808
1223,0.2018284700032493
1230,0.8189488977853251
1232,0.2768092809945878
1234,0.5000079631893074
1235,0.6040730706317589
1236,0.733085015590794
1237,0.2754694193906333
1238,0.36245659817121717
1239,0.2706628637322497
1240,0.24467178515418728
1241,0.4926906399394381
1242,0.5024820033273745
1243,0.877558324951861
1244,0.6998491555482776
1245,0.34510753137007866
1246,0.8960865614627391
1250,0.08213117280641477
1251,0.5682593110479064
1252,0.4448158750807402
1254,0.39241609410870537
1255,0.8883000581292311
1256,0.8970270953746555
1257,0.3311005308637203
1260,0.2726016768223906
1261,0.7564206134878041
1262,0.7769404941981893
1263,0.8944913183884359
1266,0.28785609316401967
1267,0.38176939727090337
1274,0.7537495635745797
1275,0.39566396875497284
1276,0.033288173300073005
1277,0.9012580157200234
1280,0.6163188445866935
1281,0.644492953330222
1284,0.8168276368924716
1285,0.6880915904877296
1286,0.1241450410568843
1287,0.16283096095012922
1289,0.6951117080121025
1290,0.6659211826540106
1291,0.6611551393780264
1293,0.6688165160364368
1294,0.6934470976623551
1296,0.664810427196349
1298,0.4348586931958816
1301,0.9177965417061618
1302,0.29673923097708427
1303,0.5328080198373365
1306,0.6863646086172516
1307,0.7779341950423524
1311,0.5105248579072649
1312,0.524529396274222
1316,0.7612277462423013
1318,0.3178408603541464
1320,0.8707311007581674
1327,0.776694559469707
1330,0.6963197540348381
1332,0.6936660769617551
1334,0.35011164872412603
1336,0.5552990504033108
1338,0.6620458694748454
1339,0.2754185528023429
1341,0.3892902460587765
1342,0.33955119381504983
1345,0.11996498012271983
1347,0.02369304575053247
1348,0.7266713427687039
1349,0.5921395178287451
1351,0.630368716930766
1357,0.20023646827153985
1358,0.8304639597074402
1361,0.3291134961183363
1363,0.7174054512917485
1364,0.6346079090198873
1365,0.8536504664989595
1367,0.6711213031170101
1368,0.22351807426027565
1370,0.9031062158337143
1371,0.31040804128589583
1372,0.849363161389071
1373,0.2794411728121052
1375,0.6150885817578532
1378,0.11090412039449214
1381,0.15083563514230108
1382,0.26644972358010066
1383,0.32367801284321135
1388,0.717694852076392
1393,0.733513171832396
1395,0.4581607993615197
1396,0.2899823226891483
1397,0.4792603134567428
1398,0.47738031040128887
1399,0.7367230674169801
1400,0.9521782132229033
1403,0.04838253724283862
1406,0.8831316664502276
1407,0.7613223447736164
1409,0.228589257355113
1411,0.4002882572412067
1413,0.5955742242235472
1414,0.3724531897988981
1415,0.04404395665221062
1419,0.10052680893664362
1420,0.7230411049212766
1423,0.18549107896498807
1424,0.6439757340382705
1425,0.42192527674773306
1426,0.6924872973393378
1427,0.7348997658269835
1428,0.2928636142058943
1429,0.5763812510844878
1431,0.27367654148890885
1433,0.6277184329106364
1435,0.5435148946678819
1436,0.43282355112285004
1437,0.776018597153908
1438,0.8522518819996124
1439,0.25924096679553926
1440,0.43729772984242626
1441,0.7117336489355115
1447,0.02653441149968014
1448,0.6628120697722667
1449,0.8525882810126065
1451,0.6343637736410099
1454,0.7540206805388698
1455,0.6803382977941013
1457,0.951306873341025
1458,0.18897770744082973
1460,0.7145265270925134
1462,0.7292773980856632
1463,0.7166983920117009
1466,0.8373987108675065
1467,0.4914141264210439
1468,0.4555974808667122
1469,0.6707180513613378
1470,0.6687111895891831
1471,0.7000591751747646
1472,0.5666971992832166
1473,0.6587382950220892
1477,0.18583395595516133
1478,0.5999019163461518
1479,0.5601413052156514
1480,0.019475514105985366
1481,0.6443379267439174
1483,0.26887696983846543
1485,0.06802044946606987
1488,0.17057145131964435
1489,0.43363252806543534
1490,0.4615292049339618
1494,0.7392294320124776
1496,0.45590313254686443
1497,0.846014346229901
1500,0.3940270051433914
1501,0.11110666984456619
1502,0.6751070864106847
1504,0.865770348121227
1505,0.27972080539246524
1508,0.15822726603688106
1509,0.27081546841351123
1513,0.7626423679431638
1514,0.4786573826427763
1515,0.7051330949031359
1518,0.35115251569442785
1519,0.5736620154064538
1522,0.14714044447618996
1523,0.7426371653968042
1528,0.17096779807108864
1531,0.6289152327315319
1532,0.3700451149145484
1535,0.8191999400089675
1536,0.7000797437785439
1537,0.7686904511774072
1538,0.4182785118677212
1539,0.8005576372595111
1543,0.2642195902403376
1547,0.7739937837709278
1549,0.3151235577485229
1550,0.5299917106939023
1551,0.5479801356746371
1552,0.3636678702292269
1553,0.5033037435367954
1554,0.8933248427799201
1559,0.2994072193006462
1564,0.5953466882984253
1567,0.8762864178780428
1569,0.8586531445202198
1575,0.3207157882795846
1576,0.8175541906021668
1579,0.8364008745185143
1580,0.844275784020238
1581,0.7280457337511999
1582,0.5137460532118193
1583,0.7135276575801603
1584,0.4301360710327352
1585,0.7338768300362944
1586,0.07888047895337841
1587,0.6843600428149889
1588,0.38532331804929304
1589,0.7957670171013185
1592,0.4106629549544372
1593,0.7840354045199516
1594,0.29260333835270785
1596,0.5741021273726303
1599,0.6244440931702697
1603,0.5112398052966491
1606,0.4472175321081136
1607,0.15312507016014026
1609,0.7063754020370069
1611,0.6915903996828798
1614,0.33447825215564186
1615,0.3207697969724757
1616,0.21592069337341727
1617,0.6048589760837206
1619,0.8979765382502816
1620,0.6343390600766626
1622,0.581315012171292
1623,0.31949923146032655
1624,0.41989839946715807
1627,0.5328196727527653
1629,0.6590515768834518
1631,0.363700514636915
1632,0.6490736344743091
1637,0.793568842247707
1638,0.20482701535190678
1639,0.06269704013188279
1640,0.6491909660542814
1641,0.163499656135645
1642,0.6096025962460332
1648,0.6492968188460178
1651,0.41823827707280287
1653,0.17744905445195686
1654,0.34278355512133035
1655,0.14802122666046036
1656,0.18731329858518458
1662,0.5721874710523741
1667,0.9194811865780543
1670,0.0787043101642892
1674,0.6734927143237773
1675,0.8387546355381483
1680,0.38665912875246605
1682,0.562910351980072
1684,0.6615012343692851
1687,0.737027081992465
1688,0.22930912053557742
1695,0.7528998658221954
1696,0.5854993190128149
1701,0.1978966066905312
1702,0.6391703800286025
1704,0.617942266301204
1708,0.6692365851826971
1712,0.6086428062962939
1715,0.26750886509718413
1716,0.6092750645699786
1719,0.5641904626670716
1720,0.6895184375653963
1722,0.8729063865442838
1723,0.07683225812452855
1724,0.41872899159119337
1727,0.1910794029108659
1729,0.46703511188169305
1733,0.5914208876207759
1734,0.7899589661261021
1735,0.4858525432440376
1736,0.18173076067669794
1737,0.8418509376587673
1741,0.3228320680016705
1743,0.1213143755651362
1744,0.9210897715787317
1746,0.23295096672265872
1747,0.05335685368666723
1748,0.46135353797424083
1749,0.29159287572327947
1750,0.35094901463102984
1753,0.6559936023024383
1755,0.8720212425439445
1757,0.26851599184901154
1759,0.36904211234386514
1760,0.6677029305195472
1761,0.9311008866798585
1763,0.31061027996202095
1764,0.5942822014253214
1766,0.4997385665761495
1767,0.9118466055138642
1768,0.6547854296036307
1769,0.44232691563163345
1770,0.2248417694870117
1772,0.07904810994453024
1773,0.5631272948012451
1774,0.26053197818585266
1775,0.25383165236636374
1777,0.34546029786534427
1780,0.16315084573985722
1783,0.6340575488119884
1784,0.5444477507140648
1786,0.31875182038190486
1787,0.30783856104469765
1788,0.6492086634062326
1789,0.37474382795440947
1790,0.09113784578075605
1792,0.13641575494336666
1793,0.6704181912552644
1794,0.32555822495463715
1800,0.42362257787513014
1803,0.33045216914023035
1808,0.3170471444268247
1813,0.5150378151908422
1826,0.7592775588024681
1827,0.7784899953526631
1830,0.22788791568558253
1831,0.40935114394352085
1832,0.2365161293346718
1834,0.6798952019687405
1835,0.26701402259057244
1836,0.756930360783343
1837,0.8207180577336053
1840,0.33080260843276765
1841,0.18308948676874007
1842,0.83375554007557
1849,0.36770490677768436
1851,0.21980240746933222
1856,0.25183509424026046
1858,0.7456337025089748
1859,0.4134004307639026
1861,0.6295707407865934
1864,0.7082587589635359
1865,0.7145051654134664
1867,0.28769953535152537
1868,0.7653017566450367
1871,0.43461627836729994
1874,0.2748022045573185
1875,0.8092137556779565
1877,0.7446210769597573
1878,0.7750699929607515
1879,0.7082808246232117
1880,0.8054593414034451
1884,0.08211824089189829
1885,0.2943710759834167
1886,0.7562965123323067
1890,0.18997350474518188
1894,0.24450762969476017
1896,0.22583636710430022
1897,0.5138224748766174
1899,0.1679601551346954
1900,0.22300845045329218
1902,0.5103486083442692
1903,0.45260156372152727
1904,0.6340212506961707
1906,0.6345370955818214
1907,0.07985100604497967
1909,0.19769728842074463
1918,0.7225866512963239
1923,0.8914152179883954
1924,0.6258527172374053
1926,0.9340686541825493
1927,0.3902914111518333
1928,0.7587528811487938
1932,0.2632396010225767
1934,0.2786908187451378
1935,0.035772540251773115
1937,0.6756425972691567
1942,0.3715744771223347
1945,0.5564406737122669
1946,0.402879868015542
1947,0.20391217675870302
1948,0.5043239812825635
1949,0.1705822598417092
1950,0.5214396474114057
1951,0.3511357461427181
1953,0.7604536033233738
1956,0.6053214799315992
1957,0.5896703932244566
1958,0.47462084210057115
1959,0.7093843264289265
1963,0.811839917372699
1964,0.11696637265384706
1966,0.03948007057959352
1968,0.5682067930788897
1969,0.5036590517033795
1970,0.419649786141404
1972,0.19282331301173622
1974,0.5043903593171275
1975,0.889416294055362
1976,0.2568679013932957
1977,0.46965475015800323
1979,0.6887103288398291
1980,0.32552800749409105
1981,0.8965143621804047
1983,0.3892200913521968
1985,0.9153900218197798
1986,0.809721016768517
1991,0.20639855622393494
1992,0.680586441410003
1993,0.5430721790097119
1994,0.40107060241860576
1995,0.25398533754028024
1996,0.20037559994056742
1997,0.8459879128464539
1998,0.3634452019584102
1999,0.05161389229427357
2000,0.6557014928375187
2003,0.18381913807737305
2005,0.4359420834433009
2008,0.6081471182855595
2010,0.9494820670348011
2013,0.5888199052574172
2015,0.7774572536575198
2017,0.5658564192553618
2021,0.26169369017668215
2022,0.7382886216367207
2023,0.8970249326825946
2024,0.5892987386771871
2025,0.8150978424544554
2027,0.6749354704845377
2030,0.14336839360410433
2031,0.5270675832826942
2034,0.3294955537650893
2035,0.3400980484665075
2037,0.8870367181992941
2040,0.5790202184025239
2041,0.8600674456938837
2042,0.7733686294464311
2046,0.5011193687740211
2049,0.6429020116388856
2054,0.7160626995169512
2055,0.9047361842087311
2057,0.3797538784826857
2058,0.7744324787322013
2059,0.2471985196381878
2060,0.9732864240340837
2061,0.5079699140885077
2067,0.7271816205064117
2068,0.5709811347997188
2070,0.6986682727175206
2071,0.9885987096536305
2072,0.7776797825534082
2073,0.48332878273810376
2078,0.7781471263578345
2079,0.6816884096859419
2080,0.4833337859612961
2081,0.5253703806738025
2083,0.800066589036922
2085,0.49065380071466025
2086,0.47036085738081285
2088,0.664716472197179
2091,0.7449764586167753
2094,0.5484177500802634
2095,0.6259247619922862
2096,0.9090756310816193
2097,0.5694538549295819
2098,0.4008786320387872
2100,0.18795414229414786
2102,0.8781614618285297
2106,0.47201321815074604
2112,0.6758811071030248
2115,0.9237821993793416
2116,0.030897740862699766
2117,0.7310372865330939
2122,0.9447651263454212
2123,0.29350402151870214
2124,0.8673958565505053
2126,0.33416116176046784
2128,0.698397040821611
2129,0.7778420600981211
2132,0.5098337961773898
2133,0.574180110747018
2135,0.07735882898494492
2137,0.555489192451073
2140,0.49858004381680243
2143,0.9793821755518674
2153,0.8915864094963637
2156,0.7729566711806473
2159,0.28263006859102885
2161,0.869506787187065
2163,0.3684917072273539
2169,0.5890091181469891
2170,0.1367664469120508
2171,0.3698789083780603
2173,0.49972256457959646
2174,0.3126029428831054
2177,0.6299511715920908
2182,0.7973551605087389
2183,0.41391242217991703
2184,0.35531654198152046
2185,0.8094086409348511
2186,0.7195131208874505
2188,0.15534062221110329
2189,0.5604080267353717
2193,0.18206430486674582
2194,0.7447220906237152
2195,0.836060966051373
2196,0.4594479491468825
2199,0.5197396434851959
2202,0.15279924308090373
2203,0.3670274961045396
2204,0.4105527327619072
2205,0.7469180237636892
2210,0.3664276268682848
2212,0.6518365556222376
2214,0.1313858701913152
2215,0.40483935584533115
2219,0.6101794853643925
2220,0.5169169756065154
2223,0.4649274969409782
2224,0.5465973826304191
2228,0.26561512602298587
2230,0.33299815637410174
2232,0.2718132159215068
2233,0.36145181515061875
2234,0.12538894433707592
2236,0.9591540181913651
2238,0.5827387008380495
2241,0.6252371139079775
2242,0.214893639083503
2243,0.1765555997739228
2246,0.8938502437915165
2250,0.3023644876029003
2252,0.3943107463902127
2253,0.41385275253843534
2261,0.19369964899578263
2263,0.7323524101041049
2267,0.5552643349726268
2269,0.060391962345578774
2270,0.3351433555845877
2273,0.802626499995242
2274,0.8329848711046536
2275,0.4247952065293129
2277,0.5825261176767308
2279,0.5657260940106899
2280,0.30990762777059067
2281,0.5568973148735772
2283,0.5878671873747022
2284,0.22616504932452444
2285,0.8637223447099702
2287,0.5622911700217574
2289,0.13676068508020128
2290,0.8689379619934516
2292,0.8440367849009719
2296,0.6862330219886268
2297,0.639385014334885
2298,0.47342266467015226
2299,0.41555306117668445
2302,0.4239494659235605
2303,0.8230312580468276
2306,0.7068211534145894
2308,0.41778863658268317
2311,0.6654410353532385
2314,0.9291712111041577
2317,0.5251047502657964
2319,0.5535479000361899
2324,0.7782068938285149
2326,0.9253460868080013
2328,0.6703945467197837
2329,0.37997880583444693
2332,0.38094065673145544
2335,0.7780968936402014
2339,0.9082667168753532
2340,0.5419970890449018
2342,0.1580553507120091
2344,0.37377882350902947
2345,0.5144582923449099
2346,0.8006811795404957
2348,0.9358583155379242
2350,0.6078819292605698
2351,0.24794999263456796
2352,0.2375748681714432
2354,0.24466277122072272
2355,0.6756523858144823
2358,0.27641335377873466
2359,0.37353907571048306
2360,0.5832879552089986
2362,0.2625354109534424
2363,0.5154360466249399
2364,0.19077255438348031
2365,0.4712994284894125
2370,0.7027326735920048
2378,0.5611944812602285
2379,0.666990399314952
2384,0.6204339316506924
2385,0.7361406274833882
2386,0.8639495579387707
2388,0.7288121767559786
2389,0.6881697157289359
2390,0.78639579333741
2393,0.4272146009188773
2396,0.5632158156305308
2398,0.7819719424128501
2400,0.6851125391791496
2402,0.8416047141380084
2403,0.674085416512584
2406,0.5651066478227065
2407,0.6183845963585088
2408,0.49694547451578797
2411,0.770816534419318
2413,0.7595317388227999
2414,0.7366920380784162
2417,0.992267601036711
2418,0.347876749229536
2420,0.4002931619937267
2422,0.43228961099376667
2423,0.09652865335316455
2424,0.7029214945199904
2425,0.08697949357646295
2426,0.7882289726717933
2427,0.6863634263615289
2429,0.9025257623917764
2430,0.38823226784040493
2431,0.6615856123926306
2432,0.45400766013235805
2433,0.5092301304503973
2434,0.17455190318857258
2436,0.47440877334639026
2437,0.7475768364532186
2440,0.6650313053238176
2441,0.1996972820205195
2443,0.5934233176334995
2446,0.23670142026655902
2447,0.47714946125476015
2449,0.550179926748047
2453,0.5159472310231703
2455,0.8947485226506172
2459,0.86538272311116
2460,0.6845173102404111
2462,0.8230742765425825
2464,0.6079836844228818
2466,0.44656917505529137
2470,0.8214687566429411
2472,0.3497841226428367
2474,0.6519699902726009
2475,0.7653350180621745
2476,0.4870020964948511
2477,0.5587944029722605
2480,0.6515788115574019
2482,0.09898838791881577
2486,0.3272085252929453
2487,0.7692698949589243
2494,0.3138448228259608
2495,0.3326902602850599
2497,0.6330875118199667
2498,0.3739863950257465
2500,0.2655355613650938
2501,0.32080979750657573
2503,0.22463125358605418
2504,0.7029300411261771
2505,0.6541283626005505
2506,0.4291853723885504
2507,0.3731525933715369
2508,0.8598716379139921
2509,0.4790238747380995
2510,0.4137067830152788
2511,0.08404502842246625
2520,0.4272074654222042
2521,0.3097078481354887
2522,0.9352579848115488
2523,0.5491945790411887
2525,0.26662195678611295
2526,0.32152911766599235
2527,0.5685318341476494
2530,0.2410367484359954
2533,0.867725772371245
2534,0.14528944402652616
2535,0.7959906881322025
2536,0.925026888911475
2537,0.5907583954524707
2540,0.06434206713209399
2542,0.3397189529304999
2543,0.25900800948300307
2548,0.7291298422061013
2551,0.8209298155866344
2552,0.4899862283374938
2554,0.7890599388075185
2555,0.355146110921455
2557,0.600663513559035
2559,0.7550243877885889
2561,0.5746413471383255
2562,0.06835202854864496
2563,0.0755651566141645
2565,0.22750593897783344
2569,0.6251270435028567
2570,0.4317458163930082
2571,0.046072752534567295
2577,0.7627482902955826
2579,0.7430560618005159
2581,0.9129865156937431
2583,0.9406632757049312
2588,0.5180327437096564
2594,0.6980783281516575
2597,0.4068949199511318
2598,0.163710498452006
2600,0.07834444027742404
2601,0.15829246514046838
2602,0.43229759379920624
2603,0.5762292563607526
2607,0.5657001654690228
2609,0.48479374228540584
2613,0.49097507519017286
2615,0.5123038928273985
2616,0.8257021135484527
2620,0.5241671127009049
2623,0.968743557648547
2624,0.8054620450081686
2627,0.6538038305448375
2634,0.3922218078014759
2635,0.4312084802983563
2636,0.5776420975337136
2638,0.7000916766688072
2639,0.282611905205392
2642,0.624009913071793
2644,0.7715409292978687
2647,0.49394645637150664
2648,0.6185801567844608
2649,0.3232104349266149
2650,0.8550629381017854
2659,0.5277867769084238
2660,0.7812576321121507
2662,0.5784725865007029
2663,0.04811690043125967
2665,0.5741665541748819
2668,0.46690968669933874
2669,0.6458006086269161
2673,0.7656895234617196
2675,0.05201962428021286
2677,0.715401709022005
2682,0.4594826612225949
2684,0.2897400322723595
2685,0.6967897534488462
2686,0.3631532514423322
2687,0.45724710247680095
2688,0.44370239592861205
2690,0.2740113771842468
2691,0.19979762570410786
2692,0.21265244647403928
2693,0.6369969134435922
2696,0.4514426092222221
2698,0.25932047267386527
2699,0.4420351913724033
2701,0.6098318476451325
2703,0.5648148108551543
2704,0.3754663364943146
2706,0.8931379588170029
2707,0.5498501998935174
2709,0.45022878621943163
2710,0.2775514839955375
2711,0.8718918147751434
2712,0.522537363605546
2713,0.5374422392083266
2715,0.8702232335984558
2718,0.699309535481017
2720,0.2502700543188093
2722,0.07341300736086952
2723,0.0952074660116427
2729,0.21208143971549873
2732,0.9174357196290337
2733,0.7717849815803907
2737,0.444149131623316
2738,0.41437132190725606
2739,0.46632478785383646
2744,0.7122018746155077
2748,0.5190897198148342
2751,0.5618031444478585
2753,0.6031317814313124
2757,0.5923573140377191
2760,0.5275555837148875
2762,0.8747725949270764
2763,0.7584620461585443
2765,0.7588414548886274
2770,0.34467348685239607
2771,0.37078144965341125
2772,0.6909700800341227
2776,0.5852631258256584
2781,0.9696047749054328
2782,0.558842046365036
2783,0.45833719583004234
2784,0.3606236712958097
2788,0.896794197855514
2790,0.527095128778053
2792,0.5642839399933013
2794,0.9699586926531067
2795,0.6114939539840009
2796,0.4757362029391093
2800,0.5868076859456828
2801,0.6271384817636432
2802,0.324892344945962
2803,0.05625655651558666
2804,0.2225320694614924
2805,0.5949344497994338
2807,0.8453844249181186
2808,0.26031671764665326
2812,0.7811801347420713
2813,0.7128168743439857
2814,0.5537773565220904
2815,0.5487989136658266
2816,0.446808293146188
2819,0.8849907844086795
2822,0.5347860927582255
2826,0.44278298212395495
2831,0.09630194204414727
2832,0.7228615269498846
2833,0.4297689730776067
2834,0.5580619019504628
2835,0.4021030792578139
2840,0.6808544864194047
2841,0.4649239235840717
2842,0.7672065017465959
2843,0.35038137959937143
2846,0.5341887381384578
2847,0.344603478133634
2848,0.480257603819065
2850,0.2509195300605406
2851,0.6084562583231466
2854,0.690444583749848
2856,0.7902183401812016
2858,0.4023128816662855
2859,0.40364356991799694
2860,0.5074989713696025
2863,0.5329752919929048
2866,0.9434586420597021
2871,0.7197849865279428
2872,0.5512644406674783
2874,0.8499301857318666
2875,0.13114563961637193
2876,0.20907038771981443
2881,0.3057189711746582
2886,0.6285472223262208
2888,0.41699216140707973
2889,0.3070369146827669
2893,0.9224402010663716
2894,0.31955736057122675
2896,0.6654901769923628
2897,0.45310193212579236
2898,0.7495883892925788
2899,0.6894923228739592
2904,0.45943583632406626
2906,0.24506584645855922
2907,0.15215630349614204
2908,0.8264719403629225
2913,0.7401065920895922
2914,0.9549047289471766
2915,0.551462267508712
2916,0.4140079013320075
2917,0.20188815099773405
2918,0.7032830626651047
2919,0.4493239497940188
2920,0.9173721678329974
2921,0.7337906308078601
2922,0.9396070381022005
2924,0.08217419661055238
2925,0.5139441073472374
2926,0.4185596481866841
2927,0.11099425032839447
2929,0.33982480485034605
2931,0.49795811658388733
2932,0.8731749701949849
2933,0.043283050881491675
2936,0.44048166097369323
2937,0.20700089444857747
2944,0.3267681604668973
2945,0.7932326696301302
2946,0.3029357751738646
2947,0.8969261910535871
2948,0.21985835718592506
2950,0.6053270245870215
2952,0.7946959130996343
2953,0.36316606995186945
2957,0.5829656155070709
2962,0.32705162860394443
2967,0.3473037949402156
2968,0.3746824361101996
2970,0.17980044112985477
2971,0.153525292291841
2974,0.3225293969077349
2975,0.0986509896507135
2976,0.10246272960461976
2977,0.12365357695544496
2978,0.3206881986499696
2980,0.5364266069037935
2981,0.3257358392047472
2983,0.3630451128081225
2986,0.541824905873764
2989,0.19917410460869836
2990,0.5513360223934739
2994,0.13318820168499781
2997,0.9291637220538025
2998,0.8593253840743442
2999,0.8090157693949538
3000,0.21342283503838444
3001,0.3217314714811482
3002,0.3243441348862104
3003,0.3481626182641352
3005,0.1450311092318111
3007,0.45629844069486647
3008,0.6253934176844546
3009,0.439258474202255
3010,0.624602285712187
3011,0.39152690709316695
3012,0.7452642443986301
3013,0.7327994381836463
3015,0.7754199286739979
3017,0.822987196993129
3019,0.19273481425882516
3020,0.5364623376771254
3021,0.3618240461266285
3024,0.15645141177718327
3026,0.3957833098895997
3027,0.5017713896999461
3035,0.3021777620483929
3036,0.8168784539263317
3037,0.35851936803446527
3040,0.7707334626981738
3042,0.2672739876586062
3043,0.7735530604641133
3044,0.42574189372410404
3045,0.6874940720365522
3046,0.06660591973425785
3049,0.667182412570294
3050,0.4205653263085151
3055,0.9599735528417063
3057,0.38459004966994925
3060,0.7612751546657418
3061,0.4729529957945772
3063,0.23672185636959253
3068,0.551401484499902
3070,0.615901950781517
3075,0.6074593279505165
3076,0.6841415702119222
3077,0.32822203719144494
3078,0.724187971139996
3079,0.46945823082583266
3080,0.24949558089484988
3081,0.5580561175927411
3085,0.7005278572042462
3086,0.7915441233817796
3087,0.3491977143933987
3089,0.35032474553347975
3090,0.695133732093351
3092,0.5475331472968273
3096,0.2832764010870688
3097,0.5694974786748999
3099,0.4200448247337537
3100,0.2545194414056693
3102,0.5324778225212135
3103,0.39354967262312623
3105,0.2761762048983452
3106,0.559052401892541
3107,0.9174255251933647
3108,0.19812104719747653
3109,0.6582258255161318
3110,0.6920507725551321
3114,0.36697038810387966
3116,0.8101713866748673
3121,0.06853177509084381
3122,0.5144584854878135
3125,0.3250199002048859
3126,0.9146905664816392
3127,0.6577361077358088
3128,0.6898229709724838
3132,0.7953328040414434
3133,0.347097022206073
3134,0.8315887877895459
3135,0.8496670369407386
3138,0.3774917469874488
3139,0.79033840209969
3142,0.6957684066303439
3143,0.7591362394657587
3146,0.8593878029103127
3148,0.260303576476861
3152,0.7476435957390545
3153,0.3413478343486666
3155,0.6686622498477939
3157,0.5551391294186834
3162,0.8812944890137319
3165,0.7278786916764118
3166,0.6423270607365404
3167,0.29446651198545387
3168,0.15431435841639196
3172,0.5713642366003
3174,0.8731099263232668
3175,0.3897005616562452
3179,0.3904989253289526
3180,0.13479381587266637
3182,0.20033937236275592
3186,0.1482893498927192
3191,0.8640189221545047
3192,0.3623060492386733
3193,0.7074291901368117
3195,0.8356067062855688
3197,0.7540986032969214
3198,0.8907130006757482
3206,0.8608493366993414
3210,0.7588961132945155
3213,0.47213071322423705
3214,0.38110635993792974
3215,0.12888455875837831
3216,0.3910670007020223
3218,0.8250794924339208
3219,0.3275872989933579
3220,0.5727895949434779
3221,0.3256720624282884
3223,0.4235852085401819
3224,0.6123424376819677
3225,0.10650603459151692
3226,0.7865306351358776
3227,0.5744807462039618
3228,0.2780135532754746
3229,0.5064314579161673
3230,0.8841801649023555
3233,0.8650894006601756
3234,0.6356306604762834
3237,0.5387910108906102
3240,0.6785654635004325
3241,0.6255846734097328
3242,0.4680769300612303
3248,0.860598290701861
3249,0.47262426253949974
3250,0.6852990277781009
3251,0.8213393729605122
3254,0.36414298704548564
3255,0.42705782222558364
3257,0.5397365538342112
3259,0.8819189321636872
3260,0.3002801185434093
3262,0.391261531833037
3266,0.731573471409373
3272,0.3228252038476312
3273,0.7681800941125749
3276,0.632661930800865
3277,0.8071097647884602
3280,0.2311031103097667
3281,0.8795155505259638
3284,0.2494896767596441
3286,0.30735924245863006
3287,0.38865710527814606
3288,0.39731579928233834
3290,0.2750346493526192
3291,0.4580539646563012
3292,0.30295786740191594
3293,0.2341714241398848
3295,0.7236668468408081
3296,0.5701604482868625
3298,0.5844597789405382
3299,0.7583280639838467
3300,0.7059325060372857
3301,0.43218828488627004
3306,0.30219708112929616
3313,0.6152853582519655
3317,0.8021339626928247
3320,0.2210194210835692
3322,0.5747295013645977
3324,0.7920211252317638
3328,0.10063726843993387
3330,0.6244633135690453
3334,0.047574652325070084
3335,0.5645140787641283
3337,0.5006965073902366
3338,0.473015843117963
3339,0.9836090917142968
3341,0.6349859407400218
3342,0.14924207254936886
3344,0.9090181023298803
3348,0.25226662817504975
3349,0.5631590553440007
3350,0.27435199990724635
3351,0.7110876380564852
3352,0.714014961841284
3353,0.30985437671557764
3356,0.4358398337323831
3358,0.4194988137642282
3359,0.6993937450556985
3361,0.4745334287711762
3366,0.3254809303348856
3367,0.1392746708264218
3369,0.7085124310018047
3371,0.3910306073956134
3373,0.1856196978121534
3375,0.2766832954031462
3376,0.26490652886524013
3378,0.11777615086603865
3380,0.13076358395087886
3383,0.38534413384681687
3384,0.6626478930387583
3386,0.5850832150839669
3387,0.9712928168040157
3400,0.6843674014368097
3402,0.03916417196462976
3404,0.45695913726416076
3405,0.4748944203536693
3407,0.8042936099426118
3408,0.7096700680658375
3409,0.40270786933206243
3411,0.5843396503291266
3413,0.8940925204400615
3414,0.7603462316453552
3417,0.6195009417487233
3418,0.51597037119707
3420,0.7474158289314647
3422,0.735908351639796
3423,0.2706134923376281
3426,0.5158898712432528
3429,0.584229013300439
3430,0.5533137398581426
3433,0.5040535244314401
3435,0.3206904689812847
3438,0.09026434890359643
3445,0.6711691134667368
3447,0.18337467488809556
3450,0.6661156722718176
3453,0.8594167266174959
3455,0.6247322499250995
3456,0.25063708988698513
3457,0.4123334044251631
3458,0.29634557439126513
3459,0.4038962008171168
3461,0.7277176390583983
3465,0.9679133556695448
3469,0.37823697088241987
3472,0.46122926366843764
3474,0.19873119587972543
3475,0.13719121144429183
3481,0.22574736776176033
3488,0.035031507587637824
3489,0.8643548746771758
3490,0.8988017379044938
3492,0.7529925313425461
3495,0.5812353618456433
3496,0.5814792568207714
3497,0.338432290894464
3498,0.3851703176079635
3499,0.888087073907966
3500,0.6889234839527456
3501,0.3175571763764949
3503,0.4207511887579971
3504,0.29109175175454083
3507,0.6639683429223714
3508,0.5386637110646498
3509,0.3762967540559622
3510,0.38039773015400247
3511,0.2395785299838302
3513,0.3377973411110607
3514,0.1168863911924156
3516,0.42109556844336044
3519,0.11795518230027396
3521,0.10147723609468452
3526,0.3777682384621441
3528,0.2537001093812865
3529,0.8686541884124548
3532,0.6960411934365532
3533,0.6638236824274439
3534,0.36166424708232997
3539,0.17907495844125965
3540,0.7135630394240157
3544,0.5607245685032254
3546,0.5427480084832803
3547,0.782671838527635
3548,0.8959623117642075
3549,0.16794104841821084
3552,0.71526474745411
3555,0.8423876312398041
3556,0.6805457580747298
3559,0.16987903526010956
3560,0.7424039289019616
3561,0.3424625841051535
3563,0.40305911060900557
3565,0.8881712412332786
3568,0.3343929461834003
3569,0.1264347125973824
3570,0.31499530707041956
3572,0.17898110387810448
3573,0.7661690839832892
3574,0.44861382829578544
3575,0.3568468322444396
3576,0.6369950558589498
3581,0.6075283009045089
3582,0.6332070202229363
3584,0.8008020040931608
3585,0.16502034945565133
3586,0.33364157084841833
3587,0.5108577576925105
3589,0.6425203682333049
3591,0.14381423849350533
3592,0.6045560387175605
3594,0.05404232774627218
3597,0.15304485645072885
3598,0.8239762686818757
3602,0.22413883715145663
3605,0.3204105946649963
3608,0.283344665822132
3609,0.22739366604649774
3611,0.26809218291373
3612,0.49254381209587295
3613,0.30980549823028547
3615,0.8611585483357773
3616,0.3200218964141606
3618,0.47555753653520516
3619,0.6381888898195578
3620,0.9483038901016979
3623,0.4442486364905539
3624,0.6798728004365666
3626,0.5156202591082605
3627,0.5227401241626114
3628,0.5335262257203959
3629,0.4250556135013923
3630,0.4104443898881082
3632,0.44117255064124006
3634,0.3246796363182522
3638,0.21955972620718478
3639,0.7452324769438061
3641,0.23756037068311095
3642,0.9445663983849045
3643,0.32334531599753713
3645,0.5768338506064553
3646,0.6493582903832249
3647,0.3875254435342913
3648,0.7564439383501858
3649,0.8163757207689023
3650,0.7980345676876329
3651,0.5427791291885355
3652,0.6555974794389465
3653,0.9547599138862647
3654,0.34354238376575114
3659,0.45500477798134015
3660,0.2321146223886347
3663,0.9773859607545801
3666,0.7031161825415472
3667,0.6340126744638502
3669,0.6991392631910357
3670,0.6819815720232055
3671,0.33881642013669294
3673,0.3636873396300777
3675,0.4811639351222698
3676,0.5881991987635393
3678,0.7519029959566513
3679,0.3046710348856723
3680,0.42615972010618597
3682,0.5507281712249584
3683,0.6558852970462102
3685,0.4187979298911957
3686,0.8925241123536732
3687,0.49740890181646047
3690,0.3776665263011981
3693,0.12985698798161782
3694,0.7326412318941111
3695,0.8425220357348896
3696,0.8447158561305564
3697,0.4686962583384665
3698,0.48114441124322527
3699,0.49556546814643393
3701,0.46212168585763125
3705,0.41290419200076434
3707,0.5816772963437239
3708,0.7141277999828566
3713,0.8149712285536125
3714,0.328288449102515
3715,0.6495458918629372
3718,0.26730040444125935
3719,0.4444383121918591
3727,0.8396323721728749
3728,0.9086198321908956
3729,0.8527434774833073
3730,0.724125063021786
3731,0.10290136779967957
3732,0.9535230589618218
3733,0.08502602881134294
3734,0.8374928232104093
3736,0.10386764134759142
3740,0.4696496974970557
3741,0.6934040839534156
3743,0.6859293221216192
3744,0.23794324457578725
3746,0.2595258624121361
3749,0.46406487684448205
3751,0.1996291798839548
3753,0.6619908372064396
3754,0.6677935569036925
3758,0.8268731410873861
3761,0.814441060513824
3762,0.8420543364855689
3768,0.1335058018910796
3769,0.23703144557140982
3770,0.11012227801976865
3774,0.23275628043289107
3775,0.8180334726774713
3777,0.46468902425988434
3779,0.561867350441898
3780,0.6582718535676103
3783,0.6951765591737289
3787,0.9003131780918769
3788,0.31158955899912866
3789,0.8465413108316415
3790,0.6276335927209121
3791,0.5309368290978751
3793,0.31118886824903835
3794,0.2529577136509256
3796,0.8803920205511458
3800,0.2558682439470437
3804,0.30136946047135826
3806,0.35063771108768943
3807,0.2610377310152015
3810,0.680454754408031
3811,0.09592281020032652
3814,0.6959188629223813
3815,0.5697226965974693
3817,0.8099470184042935
3818,0.7361817407406257
3820,0.24205709090357697
3821,0.7524068524596483
3826,0.16920825715271995
3828,0.8422965659131103
3829,0.5665429801787641
3830,0.34868291639610666
3833,0.5128860248109726
3836,0.2556118538193507
3838,0.36281308134829754
3840,0.37352711454492904
3843,0.0985487472346629
3847,0.6133370140996754
3852,0.5852739711486376
3856,0.8143955611575038
3858,0.05143310422748349
3859,0.35596666363942103
3861,0.5772892581220277
3862,0.5136666765404156
3863,0.7748393915850402
3865,0.8469751353144357
3866,0.8052279127832797
3869,0.5775851504133859
3870,0.5696674532795639
3872,0.8214916047106383
3877,0.5132696473182885
3880,0.4859552631693086
3881,0.2579183019183398
3883,0.8796289756369982
3885,0.6273482614046455
3886,0.7722725429440216
3887,0.5210542329290136
3888,0.583714620538749
3890,0.8404910601403476
3891,0.4751944753759074
3892,0.1913213899611994
3893,0.44874994215030023
3894,0.14521763898502787
3895,0.1965843124074251
3896,0.25630323755128864
3899,0.3140781498295813
3901,0.279413044559911
3903,0.9159557430869101
3904,0.08837583489540894
3907,0.5903100851627658
3908,0.2974868513088787
3909,0.046689680801265836
3910,0.764890281639598
3911,0.33658579709587355
3914,0.9212948464657552
3915,0.1966537252977234
3916,0.06825496670676555
3917,0.4325866951939824
3918,0.39472281821064287
3920,0.4389768584643053
3925,0.11955201935963654
3926,0.24299322812989912
3927,0.9321586259029259
3930,0.35192957408455605
3935,0.7713134630614853
3936,0.34038768366954825
3937,0.9747915516349706
3938,0.4005249473773543
3939,0.5478072319603381
3942,0.40958387794080137
3943,0.5062408719953517
3944,0.8318206252799429
3945,0.22150787025686985
3947,0.4331895511492852
3951,0.8559971087506485
3955,0.9074077728121273
3957,0.2979439005592724
3958,0.5183775673762895
3959,0.8384328237996793
3962,0.42496112733336217
3965,0.3205044379345979
3966,0.6886832481689408
3968,0.30612583287429795
3974,0.3513637579601829
3976,0.915598144307324
3977,0.32267039309653633
3979,0.8498618114398434
3980,0.6420055209427551
3981,0.4970545016038103
3982,0.22057478442799316
3983,0.6662247750172566
3986,0.1663987268223675
3987,0.7221708491120181
3988,0.48721351007591207
3992,0.8018332573536461
3994,0.4404657767692401
3997,0.8164664915670129
4000,0.24415085274007928
4002,0.41650319914464357
4003,0.6829586624742978
4004,0.14000860363248366
4005,0.4024645884082631
4007,0.7439688701460021
4010,0.12692660502869668
4011,0.3623594805472662
4013,0.40405914007086724
4014,0.22837223958064853
4016,0.334653075211942
4017,0.1552332416075966
4019,0.466594255796544
4021,0.5194700486466919
4022,0.4732000120326818
4023,0.11187383615130737
4024,0.8749905892737354
4026,0.9776210539600114
4029,0.785308407903777
4030,0.7150176830747014
4031,0.6077600557240762
4032,0.21512331045139108
4033,0.2286032129605473
4035,0.16660615344403498
4036,0.927465829350392
4037,0.30285913246452134
4038,0.3613284848908665
4039,0.7452874804556965
4041,0.593387316016088
4042,0.2824561463079336
4043,0.5762603929592617
4044,0.14874904479537365
4045,0.49106955265637575
4047,0.2091712262452577
4048,0.741813969082494
4049,0.7441872465332029
4050,0.3690798887602065
4051,0.8912021575116464
4055,0.2277197369813512
4060,0.3368082833661582
4062,0.43871546483753604
4067,0.38458574061627027
4068,0.9149504561479181
4071,0.5388193940781816
4073,0.5196188864232216
4074,0.695821601080338
4078,0.6857205654294126
4079,0.403867727854041
4080,0.616735303727682
4081,0.936300370449719
4082,0.3528875284793996
4083,0.6232904710965826
4084,0.2812407450819655
4087,0.2258481738134191
4089,0.22437360079897747
4090,0.5386327150474934
4094,0.5539339647397871
4095,0.21334588593766726
4096,0.66754844950696
4097,0.2596576788773896
4098,0.5762833341008716
4100,0.27571704874449976
4102,0.9176204369298151
4104,0.1193097562088878
4106,0.14568617363734712
4108,0.7778112860126976
4110,0.45314406265434237
4112,0.15806636336962512
4116,0.12655480917166684
4119,0.7639247472801232
4122,0.18362920191119772
4125,0.26501890121657484
4126,0.30932105491874323
4131,0.37950823393791744
4132,0.8167847858366526
4133,0.2068550661851185
4137,0.6423539146630586
4138,0.7251079189349495
4139,0.5360807283116696
4140,0.2214985366098533
4143,0.3533058863370032
4144,0.7538344120487211
4145,0.9763671417876032
4148,0.9010812114750291
4150,0.8041437481373592
4152,0.8453199581070853
4154,0.4643689585653254
4156,0.7326406940614991
4157,0.8828212322531416
4158,0.1765993613534678
4159,0.21161736868523212
4160,0.4352434068968467
4165,0.6223845362520952
4169,0.5814209817953669
4170,0.3091111239904684
4171,0.7312118046707801
4175,0.3874997125817521
4177,0.22215324557944827
4179,0.6586688992508472
4182,0.8002232051094276
4183,0.4622632238262961
4184,0.17772580616299527
4185,0.320223470003049
4186,0.6819643370283784
4187,0.14375383888567936
4188,0.31608256034983717
4189,0.45452491777841814
4192,0.6471259149076775
4197,0.4881746173431272
4198,0.9044327371696003
4206,0.9340155345435749
4207,0.5685944641985953
4208,0.706288879137348
4209,0.6642478705230876
4210,0.4032854280480874
4211,0.8616052787092936
4213,0.2433488032007296
4215,0.7312287964616824
4218,0.19871590805726272
4219,0.3132874059166835
4222,0.7039787206516254
4223,0.8924537966148115
4227,0.29826336174004614
4228,0.7407363058812437
4230,0.15475940731384127
4232,0.5450476741652482
4234,0.5704549852258619
4236,0.7535639086528596
4237,0.3204639988615121
4241,0.5593953342398473
4244,0.6951840718296471
4245,0.7457819223020753
4246,0.8377105054860599
4251,0.9189817413216192
4254,0.12940452279432754
4255,0.8689840867967135
4256,0.5355219521394962
4259,0.6430156326378271
4265,0.6564837920614479
4266,0.20777153209135826
4267,0.5670040241840923
4271,0.40579468042227407
4272,0.8379790512768427
4281,0.32790678732107414
4282,0.9122942246227189
4283,0.31667232486913016
4284,0.4248543145517814
4285,0.9197733583794578
4290,0.20764439518081762
4291,0.8011984330617771
4292,0.3036101699235207
4293,0.6717076721186914
4294,0.6546633126765466
4296,0.44436469894148595
4297,0.40928894842657093
4298,0.33502211880949867
4299,0.11270589134013038
4301,0.47007825174225226
4302,0.3106410546040549
4303,0.35791682770621874
4306,0.18529316506607008
4308,0.17565657256264797
4309,0.9004218702646763
4310,0.4827663316733626
4314,0.24716840330436504
4315,0.7904588104501611
4316,0.31445668682747857
4317,0.9612617255360463
4319,0.30030875250499617
4321,0.14442231235168188
4324,0.7015108028821173
4326,0.6234524996122978
4328,0.3465406972876785
4329,0.7010215156978697
4332,0.5984630477820965
4335,0.8255271920459936
4336,0.49863762423793706
4342,0.6189307839735232
4344,0.6749066554241321
4345,0.5204334004358466
4347,0.11938110769797407
4349,0.6209184640865716
4350,0.5000390922229615
4351,0.5479525659093291
4352,0.5861544346202026
4355,0.8324658034731246
4359,0.5749068361965028
4363,0.5923358455693728
4364,0.3667102058488665
4371,0.9031686609964293
4375,0.6558071229646678
4376,0.6458519731096658
4382,0.16320773656961146
4383,0.6368444372498158
4388,0.8702326900260359
4391,0.9009606738918046
4392,0.20066357083982178
4393,0.07860745948269157
4395,0.16011109346382257
4398,0.4160184933121111
4399,0.8343661519346144
4400,0.26351804000072687
4401,0.14589128139563404
4402,0.323044907864848
4405,0.5650917399829049
4407,0.5060363372399638
4408,0.6984500700002468
4409,0.8883261150950723
4410,0.23483577980884754
4411,0.8551596675898856
4412,0.4922303238308677
4414,0.09170410838057769
4417,0.5672334203070744
4418,0.5836381755707616
4419,0.7742740503199611
4420,0.7299949042544323
4423,0.420856153228282
4424,0.5883833619769594
4425,0.718683647104283
4426,0.22136520891519837
4427,0.15779201300216197
4430,0.777331061479123
4431,0.6171880201059379
4433,0.7634296802549979
4434,0.5437800663947044
4436,0.6143567901809656
4437,0.8619681302811092
4439,0.5239924214742502
4440,0.7916614925001566
4443,0.6474441596833367
4444,0.631637008762307
4445,0.5174888367783534
4447,0.3256687134785228
4448,0.4281030834337844
4449,0.7150107962950069
4450,0.24146920865857802
4451,0.5311887486439659
4454,0.3563556548701041
4455,0.494644679530746
4456,0.4414543980057274
4458,0.7262293419272143
4459,0.768075150607391
4460,0.8805351654133055
4462,0.81044201440574
4464,0.7706470284555871
4465,0.2973393259204414
4467,0.46566977379645236
4469,0.5976635709254762
4470,0.24703524504044252
4471,0.43054280225956254
4473,0.4502487748082404
4475,0.594437189461468
4477,0.1869087444628144
4478,0.23685334131057054
4479,0.8867825494620403
4481,0.7205118030117494
4482,0.1682469293827291
4487,0.5262332170909813
4489,0.5719419872981899
4491,0.7533187629359542
4492,0.333013110552432
4495,0.22461049802201077
4498,0.7788836314140837
4500,0.5314465641230419
4501,0.6904888953919763
4502,0.6150577446261823
4505,0.2494755446833682
4506,0.6001986063587397
4507,0.030997821865429525
4509,0.2606070753144702
4512,0.8835458821411313
4513,0.6725093841055215
4517,0.15614539493049154
4518,0.9497134328836544
4519,0.2552818782368149
4521,0.650540169095878
4522,0.6945844621760806
4525,0.36346525911173677
4526,0.34152829836174753
4527,0.4871825862640034
4528,0.46335496446229857
4530,0.2538904799540331
4535,0.834471920714648
4536,0.3526331573803652
4538,0.5109701208770752
4540,0.8939552497357535
4541,0.21071844566086076
4546,0.5817072942466632
4559,0.24750144083668713
4562,0.6690371849505938
4567,0.6957347108430109
4570,0.3995693567265169
4573,0.857610542552043
4574,0.6485746230667063
4575,0.4108270782233717
4576,0.3580880402384957
4577,0.4487536721257067
4581,0.6505458989949725
4582,0.5971201476411884
4584,0.38800432986773464
4585,0.09300381051207647
4589,0.7041162246222654
4590,0.6164288501706767
4592,0.6390950177153484
4596,0.9617336953403149
4597,0.8523713467568816
4598,0.20830446193433158
4600,0.5880627453984378
4601,0.2460248810686567
4602,0.1670188517371651
4603,0.6487925322299968
4606,0.260743451679563
4609,0.1708582083291277
4610,0.2714093840981241
4611,0.3401575496782395
4612,0.028020479166179557
4614,0.8635135174126122
4616,0.6606905966506657
4617,0.0509494320390352
4618,0.31630930004610536
4619,0.3273265525192651
4621,0.41601663243470055
4625,0.8467045635071766
4626,0.2570240987931413
4627,0.5167671404931649
4630,0.19692717657320408
4631,0.7551548136188262
4632,0.31706580535908946
4633,0.5162834669442514
4636,0.500253505521968
4637,0.3702103730755135
4639,0.3382098486496237
4641,0.3705259941769029
4643,0.5729005932573574
4645,0.39884878343587643
4648,0.6533833862690314
4650,0.6060021997852097
4651,0.38663204756760466
4652,0.9005580780927548
4653,0.7187517256274382
4655,0.16002635533022563
4659,0.7634013206107338
4661,0.1155219003846708
4664,0.18979256922922072
4665,0.8415229088271564
4669,0.1906140371977894
4672,0.21957275322089428
4674,0.7247674021734843
4677,0.5057806848527839
4679,0.38963496303714484
4681,0.34521550548890567
4682,0.3620828497908916
4686,0.32329482553457495
4692,0.41841043607742273
4693,0.9145296372253854
4697,0.4086115422617574
4698,0.6824083571152932
4705,0.5318862140161595
4708,0.7693582740003518
4710,0.7275997389596023
4711,0.13982059566614616
4713,0.07079617387137013
4714,0.7389430897053535
4715,0.6966796796357992
4717,0.423408875166733
4718,0.8960844423142563
4722,0.3715198693841999
4724,0.7915900185535601
4725,0.3617070596282015
4727,0.5215587038033594
4730,0.34428359102090067
4733,0.8327795256065906
4739,0.8513968065510371
4741,0.31776061213828855
4743,0.42000789884989065
4747,0.2168859457737895
4748,0.7163400652281975
4753,0.5243811110443165
4754,0.5816242151193174
4756,0.7212591103598947
4758,0.541394617249643
4759,0.7106928038124406
4760,0.3934457544943226
4761,0.28517648918204125
4762,0.8295679614940911
4765,0.24293963575332003
4766,0.5250886409389364
4768,0.5746690948864349
4770,0.7363833953993122
4774,0.5673332020935451
4778,0.5755507599156994
4780,0.6358241558130519
4783,0.34245333556742935
4786,0.4053092025661236
4787,0.1952046246720328
4788,0.4409230050265379
4789,0.504818186001606
4791,0.4289109448824585
4793,0.6812216871688462
4794,0.5294725370379086
4796,0.22337302900874792
4799,0.7624957856041443
4802,0.14782350178680115
4803,0.22198145183581972
4805,0.9113392856680017
4806,0.18485065417249788
4808,0.2020145502145393
4809,0.5135964141378632
4811,0.9711592847715259
4812,0.5752114085901816
4813,0.8532804357490067
4814,0.27612035876591434
4815,0.783029455643135
4816,0.17119445684083065
4819,0.7219281447321786
4820,0.2329067903662018
4821,0.35420118553105034
4823,0.42133258104710813
4830,0.32378798383644974
4831,0.2137560212102411
4834,0.11399653511768697
4836,0.43636684367701445
4839,0.3304189668818971
4841,0.6525969852886115
4843,0.5455715129648007
4844,0.5939514791387067
4845,0.4609627529462286
4846,0.5089667330361443
4847,0.34953420596511353
4848,0.2855494464755653
4849,0.5716423650866335
4850,0.08702491562652727
4855,0.1827125007677943
4856,0.8689091804398287
4859,0.29718107572218483
4863,0.7315838182792753
4864,0.32450189670691826
4866,0.3581146802043607
4869,0.7680818173397724
4870,0.45273448338264694
4876,0.19204086372968454
4878,0.06661053216095468
4880,0.8992761172733463
4881,0.5439617904156414
4884,0.3701340198733654
4886,0.6255061854987254
4887,0.47452616507483925
4888,0.29046266596966847
4889,0.3467632053735733
4890,0.14467431863151792
4891,0.5660442577220154
4893,0.5152407408741179
4895,0.5977401869997202
4897,0.5908452785965713
4898,0.6854804045933737
4900,0.34351635679132897
4904,0.7281607149119688
4905,0.6108342559444262
4907,0.33429438361380515
4908,0.3340133379603484
4909,0.2999218209938862
4913,0.7981740092467491
4915,0.5569284090624762
4916,0.8520496611897156
4919,0.8078450418941828
4922,0.5718878077798727
4925,0.8272548820384275
4926,0.388220862899735
4927,0.16114307356037513
4928,0.5047069603643001
4934,0.08693690365141211
4935,0.36449788681671447
4942,0.11138738539264408
4943,0.5965814570638086
4944,0.38246382887393704
4947,0.7059330171269008
4948,0.05683785713887708
4951,0.93438142632506
4952,0.5777888289720068
4954,0.8821167162319902
4955,0.3826799329806841
4959,0.6724642156464665
4961,0.9309837119029716
4962,0.659095410764204
4965,0.8305829110016065
4967,0.3998904159011758
4969,0.3423165248371758
4970,0.16944758679060953
4971,0.8997921938747545
4972,0.5608276920575421
4973,0.2728005521221439
4974,0.5426306150304989
4976,0.9605647657880222
4977,0.690511291285562
4978,0.743360912087003
4979,0.5937958215008536
4981,0.7621312430810211
4983,0.24243536349433537
4985,0.05162632263470426
4987,0.3630331901130091
4992,0.9676652156300666
4993,0.22935780390507365
4994,0.5479692891994195
4996,0.35521158362115185
4997,0.31173473529375867
5000,0.2972653495004641
5003,0.5119169073670935
5005,0.6693442183814465
5007,0.29360578582924846
5008,0.6474391091150143
5010,0.547645934691252
5013,0.4919789830052209
5015,0.7354901766566805
5016,0.2796764738674335
5019,0.8646413132510621
5020,0.6466792240041367
5021,0.28183333817297285
5023,0.7316889330260781
5024,0.612215969067584
5025,0.7535852179431177
5026,0.40099774903671387
5027,0.7135470781584117
5029,0.47173256822448967
5031,0.46157487557938764
5033,0.09985685269459312
5034,0.7951344435105685
5035,0.8209039234077642
5036,0.21852271050316804
5037,0.8199641343253484
5040,0.49163769487159636
5041,0.560753337751336
5042,0.7037521520019623
5048,0.701298434882076
5050,0.6328947786401334
5052,0.23741863482772266
5053,0.6687997504256303
5058,0.6897936458336968
5062,0.6056727232467832
5063,0.7746268211883707
5064,0.6381042832692722
5065,0.8521605979460842
5068,0.2663950785357234
5069,0.6743088853688304
5070,0.8262623217933697
5071,0.34685031660746635
5074,0.8373203312734356
5075,0.5218465484734649
5076,0.612163576581339
5078,0.2036954348011636
5079,0.741125714102654
5080,0.2752349280359832
5082,0.3622277747209485
5087,0.6954721064159564
5089,0.5202321753384549
5091,0.7262169325807235
5092,0.29287965018975853
5095,0.27536946767005677
5096,0.4462361430825256
5097,0.2695174667132447
5098,0.728247405836237
5099,0.7146355503255332
5100,0.8311602971553003
5101,0.7150375277164502
5102,0.28003577261869445
5103,0.289352753495155
5104,0.2886666909976742
5106,0.4291432943419653
5109,0.5528756256684418
5110,0.8682887423014437
5111,0.6766203052362777
5112,0.2734478805690004
5115,0.6557869532878347
5116,0.6039211055719422
5126,0.5827354802732718
5127,0.4642667587749632
5128,0.7986015579243765
5129,0.8701394504044094
5132,0.6818334768919914
5136,0.3711846630273068
5137,0.40008290454448475
5139,0.917011241285215
5141,0.25620863576329655
5142,0.43237218059642335
5143,0.26514876100186274
5146,0.339490560366576
5147,0.3124789581350639
5149,0.35159115193049595
5150,0.40794978335667476
5152,0.31432633334720456
5155,0.8651081718896407
5162,0.7234247867943168
5164,0.2772214425412313
5165,0.4761223165594052
5167,0.46432842670661045
5168,0.12121890291596248
5169,0.5482479347131463
5170,0.5221176996137611
5175,0.6096300296407757
5178,0.49288670079892916
5179,0.14869375436797455
5180,0.6746549333719334
5181,0.6886908218346527
5182,0.16479885090867033
5187,0.6499414309810665
5191,0.26853227536831226
5194,0.38289182576848485
5195,0.38097024683344327
5198,0.8451936102533743
5201,0.6523637662897207
5202,0.5108182194690164
5203,0.3267543967223576
5205,0.7278149521036662
5206,0.6497572923891921
5208,0.4940634732948855
5211,0.5562420477016915
5212,0.41794324128412697
5214,0.9135002033651706
5215,0.6110371364798716
5216,0.5794610699407635
5218,0.45263467685016434
5220,0.277427748090781
5223,0.6579485368308197
5225,0.7778915511541091
5227,0.47388743912599807
5228,0.8820838594084462
5230,0.37427132246091027
5231,0.8627890410903013
5232,0.9107630655332041
5233,0.5473635604222018
5234,0.4633341171324166
5235,0.3000397573545527
5237,0.46142220139786355
5241,0.7079751746228702
5243,0.2694472496854904
5247,0.3225203455459482
5248,0.6505991938590588
5250,0.5337921178992279
5251,0.16961364427038836
5252,0.7386875662970795
5254,0.4039645066288598
5255,0.2582038995713183
5256,0.35463447972423157
5257,0.5271049005811173
5260,0.653043246464268
5261,0.4783840079556669
5265,0.455390896000506
5268,0.6635629544207241
5269,0.37904947700914565
5271,0.35338789638311374
5272,0.4353053505634098
5274,0.44186580611844817
5275,0.49520457821894587
5282,0.5693072932051911
5283,0.33609311081052795
5284,0.751316008280753
5291,0.4506595955416457
5292,0.15375011020611362
5293,0.7369152652934229
5295,0.3293136858083101
5296,0.2309162074951377
5297,0.14236181281658716
5298,0.5780997416889215
5299,0.362528769825812
5301,0.4278885481727903
5304,0.39551461046314673
5305,0.5231430362731668
5307,0.2719183855175184
5308,0.9353703991953325
5311,0.90009358754116
5312,0.5146880521138856
5315,0.7121752357982086
5317,0.6742780025828213
5320,0.13778524519967988
5323,0.5477987520322373
5326,0.5762660542759523
5329,0.5589905786769012
5330,0.8460511214651264
5332,0.25963150340146096
5334,0.29372396196851264
5338,0.351576748929666
5339,0.1590990606179587
5340,0.4630491642071939
5341,0.8170297253625244
5342,0.9268890178025656
5343,0.5408614156812196
5349,0.6973430841337019
5352,0.27923099689403114
5355,0.8475573611796259
5356,0.8258956976270503
5359,0.772580235609873
5361,0.626854728364263
5362,0.385213147537009
5364,0.8558611513754594
5365,0.4164204017039765
5368,0.06481130926919378
5371,0.7918225947372366
5373,0.932441884729548
5374,0.5105011267384579
5377,0.3179327787829875
5378,0.8309490009672692
5381,0.5936685352475455
5383,0.09855492935961996
5384,0.38075940430023264
5385,0.41673229623030894
5389,0.05097199331984327
5392,0.29421639496782354
5393,0.3099005232342737
5394,0.7548812015958587
5396,0.19193001405207497
5400,0.4081037087993023
5402,0.3527847185364512
5403,0.6359458603560567
5405,0.6198446303576837
5410,0.8451530932602382
5411,0.8985900877626625
5414,0.3042803553787921
5420,0.582537427412173
5422,0.1545949090184536
5424,0.34429427169030474
5434,0.7150116667837317
5437,0.354535178688493
5438,0.879729300385984
5444,0.5744440120162853
5445,0.8657168304718248
5446,0.8861203039679361
5448,0.6322809629332002
5449,0.28012080341062945
5451,0.6295572219524677
5452,0.42405514552836426
5454,0.6675008672298489
5457,0.35620795266309063
5458,0.5160332786985427
5463,0.5678005013165319
5464,0.48702269481261584
5466,0.3867315558385537
5470,0.668031573674279
5471,0.633372792707043
5473,0.8528105292906764
5475,0.6554980425955638
5476,0.6311494246839792
5481,0.5849486613799605
5483,0.1774825049859362
5485,0.8552136706178342
5486,0.646264831880714
5490,0.13721878205310467
5496,0.3705787469235184
5497,0.13829146318910718
5498,0.2067092963641779
5499,0.3971625839692737
5500,0.07610584173016847
5502,0.057942162285977074
5504,0.05388259869771238
5506,0.7813191474263965
5508,0.8456580559303405
5512,0.7603606199584441
5514,0.17263858622906042
5516,0.8470113722065247
5517,0.1848446448338105
5518,0.7220753607994035
5521,0.17075196868973594
5522,0.7701690541328294
5524,0.6194784181586857
5525,0.5287496917251757
5527,0.11663206616872678
5528,0.4244716857210114
5529,0.8473825235982124
5530,0.8273908953583521
5531,0.19984477780325047
5535,0.753906452128167
5539,0.5387924852792177
5543,0.4453978566936704
5547,0.18576571752219434
5549,0.6472989077955137
5550,0.311085497940138
5552,0.3558078961808894
5554,0.8547450882488521
5556,0.6211796455839003
5557,0.9300161977445219
5560,0.6067778565863844
5561,0.7824801373608333
5564,0.38012558436602356
5565,0.21001588324991563
5566,0.2640217189879782
5567,0.6779936460021317
5568,0.7526325601586012
5571,0.2769128323492109
5576,0.6228408184865292
5578,0.5071221890522377
5580,0.04912988482693751
5583,0.7361916574765123
5584,0.5508219095115385
5588,0.8171491873038006
5591,0.7205755710214724
5593,0.3996222607485524
5596,0.1845229287936362
5597,0.48707257881213784
5598,0.293684118337733
5600,0.7837359128516986
5601,0.39035114321703623
5602,0.12933422972885011
5603,0.5458692529750868
5605,0.14961434254594852
5606,0.5322166350384254
5607,0.8106821799690482
5608,0.43408741783278937
5610,0.725990800681574
5611,0.8260765397264075
5612,0.7412829891917218
5615,0.6026894757777429
5618,0.36069237460356685
5619,0.30292858259464306
5621,0.3239288747521579
5622,0.6389858150309158
5625,0.16627159495849705
5628,0.6718390954596651
5631,0.9308073207821139
5632,0.4361879559728729
5633,0.10983014001641073
5638,0.853351472471182
5639,0.4937161164136737
5640,0.5504738122119366
5642,0.20958149708034163
5643,0.6508591901130657
5644,0.7880123575308864
5645,0.7731186292494088
5647,0.20558103487642984
5648,0.5429742211454534
5649,0.044131386091627436
5650,0.4826909671668503
5654,0.5797242900115874
5657,0.20854679735279877
5658,0.14030253109519158
5660,0.5752553074642347
5661,0.6400239474964832
5662,0.754750050844088
5665,0.706382218428753
5666,0.2885444230590748
5667,0.8327492618513868
5672,0.5836439764525231
5674,0.45090045727355427
5676,0.2845970797022386
5680,0.7696352467355598
5683,0.3581511238215049
5686,0.8520383360318874
5688,0.0636310615890756
5689,0.07390106390423536
5690,0.38515061153246843
5691,0.28333107303057176
5692,0.5699129944895555
5693,0.3303903038362983
5694,0.44213727492315985
5695,0.871797051846002
5696,0.5569254941381452
5699,0.12262986961548307
5701,0.4450417384055488
5703,0.39266219650229633
5707,0.5703403788007911
5708,0.5822274290256899
5710,0.3534155388924235
5711,0.8364395696851176
5712,0.6559084057202541
5715,0.6527515367757916
5719,0.5142866517942356
5721,0.07052066784949534
5722,0.5372798988888512
5726,0.6781403852497889
5727,0.4718943491760172
5728,0.13355879238421506
5733,0.5584927692906441
5734,0.7621544265075465
5735,0.3713799265701902
5737,0.3384197762691618
5738,0.5191295169651143
5739,0.5245639834955089
5743,0.7068006601125043
5744,0.437747933711447
5746,0.3388772642008194
5750,0.12775715672150734
5751,0.2447707592172684
5754,0.49567521998095
5755,0.45047791011098237
5757,0.3615863863394381
5758,0.639708922084628
5759,0.6465844709997633
5760,0.42789960797197313
5761,0.8206427841489247
5762,0.18605092116652225
5763,0.8844328504272454
5764,0.47503559971327486
5768,0.7970548260389235
5769,0.7337248517423246
5770,0.6654948047674083
5771,0.2144633309571577
5772,0.9121145886859242
5775,0.46903558547291513
5776,0.4213717437219611
5778,0.2693385980839823
5779,0.7248821723845496
5780,0.9212112412613639
5781,0.7552798211622319
5782,0.19207258212839787
5784,0.19699448117449989
5786,0.9008579996862714
5787,0.4578245205099493
5790,0.6624065300578574
5792,0.6020288801912043
5793,0.5108624996691494
5796,0.5137991718986906
5798,0.40722026238564385
5799,0.12794696637579206
5800,0.4351334776592524
5803,0.8365984892703304
5804,0.6029324013878455
5805,0.6828739330734543
5809,0.8203028346193313
5810,0.7854153510430109
5811,0.6614737055822946
5813,0.35936705301448146
5814,0.5415588095772336
5815,0.13564351918948264
5818,0.40364048848095346
5820,0.6432955686333368
5821,0.1864706214741031
5823,0.8151405167581773
5825,0.6851391090389557
5826,0.5622483914372085
5827,0.09390747168848605
5829,0.6767594066514043
5831,0.9271642701503319
5832,0.4339444567741548
5833,0.6981105937529608
5835,0.7067420143515262
5836,0.598911994271167
5840,0.31738652857316874
5841,0.624141180162901
5842,0.8999852863811747
5843,0.5809423790948262
5847,0.03687922101759831
5848,0.2809122260648399
5849,0.8468509333653579
5850,0.5062658929303626
5852,0.30024175048703106
5854,0.11822197847771153
5855,0.6848602724628376
5857,0.3783483252074489
5858,0.593853073334762
5862,0.2723568524460594
5864,0.566606650273538
5865,0.2802031299243374
5866,0.7463529669963049
5869,0.5414164805315541
5874,0.23277953873844304
5875,0.3283714296043328
5876,0.5781871278689141
5877,0.9235861669890545
5878,0.29746540366656726
5880,0.33755634118694444
5884,0.4348462309727146
5886,0.26888270104468365
5889,0.4693253830495999
5890,0.4319857869740958
5891,0.6806529829065284
5894,0.8945477597667117
5896,0.5009130021493695
5897,0.8505253370806218
5900,0.45759454568615276
5902,0.7929716903039445
5903,0.8496585366054619
5904,0.9539693285119378
5905,0.9132350372946503
5906,0.4362998513945148
5907,0.06736457081156207
5908,0.7859956962595273
5909,0.5997481738157491
5913,0.45859940848173464
5915,0.406705141993861
5916,0.5489107209916939
5917,0.6445077167960803
5918,0.8591986533300896
5921,0.5288804436456221
5922,0.786396797471344
5923,0.7097858030188491
5924,0.6572907201204026
5925,0.6318694795235515
5928,0.31442230357765094
5930,0.5495878146101915
5931,0.5552268320163288
5932,0.5607144868591161
5936,0.6277627409743796
5940,0.7546813061482595
5941,0.7275671305266374
5942,0.3584520043691777
5943,0.6752472499351055
5948,0.7738601182698616
5950,0.0625044092130361
5953,0.5451103917276834
5956,0.8858832634889591
5957,0.32124340813561436
5958,0.2452145599768593
5959,0.2165400610338092
5960,0.504174470482634
5963,0.19235245905680134
5964,0.349131306309187
5965,0.2757625650410358
5967,0.1647038522231908
5970,0.6456654701881964
5972,0.5748496786428742
5976,0.4645919649255259
5979,0.6487686188515831
5980,0.7277575042296617
5983,0.4875967433366666
5985,0.36689747919274435
5987,0.5668505242674193
5988,0.5163176091101712
5990,0.622720968847469
5992,0.6653892298278704
5997,0.6212016134206335
6000,0.7031735623003238
6001,0.1788768036204125
6002,0.6616654406320234
6003,0.1986825783467021
6004,0.5682911107868759
6005,0.20716149167927678
6006,0.4253114644752909
6008,0.17349149156551052
6012,0.5251497364026974
6014,0.661804878212993
6015,0.4335142495031493
6018,0.5025921762374931
6019,0.6553964967973631
6021,0.1383200070483419
6022,0.7060244396596392
6024,0.7084836219001913
6027,0.4306764486956703
6028,0.1643917335223143
6029,0.6965423109439633
6030,0.493351276860701
6033,0.8605501009084584
6034,0.2758974826015677
6035,0.18745050998110488
6037,0.11551580597474713
6038,0.5829368113364052
6040,0.779925553279733
6043,0.5089839817955549
6044,0.5457883794388552
6046,0.7386799191840054
6047,0.7008214359581085
6049,0.3380020664474227
6051,0.4744542243050914
6053,0.2476570520744745
6054,0.7869227056128877
6055,0.7082513747656914
6058,0.488239329575868
6059,0.5338613560733597
6060,0.8421021158187071
6062,0.6520544112375722
6064,0.8977700082573697
6066,0.4692951593084061
6067,0.9183290971244916
6068,0.13518964544686
6069,0.42702997703345863
6070,0.17216731848235786
6071,0.5596331592598389
6072,0.3541080721521869
6074,0.646385897650417
6075,0.7648306262120985
6082,0.2529814296371077
6084,0.2969220199291415
6086,0.1737912054472285
6088,0.40928480585843474
6090,0.3804942828405436
6092,0.22255399067344617
6096,0.3836615836997481
6097,0.7282569186995954
6098,0.1848443652351287
6099,0.8789236055704739
6100,0.8223284757230831
6101,0.42068902841252426
6102,0.39461430182052104
6103,0.8390917271138624
6109,0.6958128188655222
6110,0.4140085140877802
6111,0.1274493243606171
6113,0.49319684857047114
6118,0.8549656242017412
6119,0.6499586985154755
6121,0.5307536029242936
6122,0.15725818122945096
6123,0.5245903406784624
6124,0.05241809458657207
6127,0.6831636581792757
6128,0.27944096150862746
6129,0.43552273641959127
6133,0.2058852326353918
6136,0.7133522210238993
6137,0.48391792373026826
6138,0.8740390908052595
6142,0.0560276937791512
6143,0.07118976385554349
6147,0.7475537373964863
6148,0.7331058994244262
6150,0.8981220726481158
6151,0.5196218131417677
6154,0.7113276180569448
6155,0.24665724210664497
6157,0.6591980672611022
6158,0.29748947381816065
6159,0.9602965499403204
6162,0.10954681339485112
6164,0.5900973507342226
6165,0.21444044692035802
6166,0.38849104157833375
6167,0.9384155263746636
6171,0.5577331629923624
6172,0.6879062813391378
6173,0.10926199346800097
6175,0.8644397427753368
6177,0.8872586601875898
6178,0.5190383384923736
6179,0.948165836168156
6181,0.6695269330998666
6183,0.7251346245777163
6185,0.8713244467378053
6186,0.8064868808568721
6189,0.3028635454386795
6190,0.7594419149804879
6191,0.8871323922061377
6192,0.6933078089398234
6194,0.8745865146286667
6197,0.7540476568229473
6198,0.22729470200761775
6199,0.6851978680167576
6204,0.5916893259826823
6205,0.3442614102567359
6206,0.620562429492724
6207,0.7384912986795404
6209,0.7885817314199217
6210,0.6520453297409918
6212,0.8499748044533944
6214,0.6905137975671848
6215,0.03922428688135226
6216,0.782619641536215
6217,0.3619249453028892
6218,0.702999466548312
6221,0.24683152328273936
6222,0.4153439892733525
6225,0.0543364407295439
6227,0.23908003769584762
6228,0.5811698425820797
6229,0.7681134607496529
6231,0.6104081511454893
6232,0.42377418532870137
6233,0.5572915716325848
6234,0.9572381605628373
6235,0.5254053218116321
6238,0.6512852061779832
6241,0.6814125563540585
6242,0.7928336860434165
6246,0.899930903527103
6250,0.903927674467981
6252,0.6881733606523476
6253,0.28521301020441436
6255,0.41921267794156797
6257,0.81152523750077
6258,0.14486720455965396
6260,0.2992771532915203
6261,0.8322957400200394
6265,0.19773151595215682
6267,0.7731999218503874
6268,0.5360977390844293
6271,0.8340588018938432
6272,0.8328553389503186
6274,0.7201852171550432
6276,0.12777000696350022
6277,0.8462067799977767
6278,0.1708954211129365
6280,0.4113298901564568
6281,0.6286642247153991
6282,0.44917648903572044
6283,0.3932404359740808
6285,0.1952414853012176
6286,0.5612231044378914
6287,0.4315107021531529
6288,0.7850320466289189
6290,0.7267184293106274
6291,0.38370741206328146
6292,0.8152101187029418
6298,0.8027921577144541
6299,0.3537401668493853
6300,0.4795198482711612
6301,0.3283290725723
6302,0.3432982477658633
6304,0.13804516327204316
6308,0.9410618620780855
6310,0.46622629361047646
6311,0.5339136445659531
6314,0.17702204160169574
6316,0.1964018458585671
6319,0.3275783060623303
6321,0.16948819205814308
6322,0.5787246362605796
6323,0.18178704149810482
6325,0.41080743019933913
6326,0.34869675046552856
6329,0.7312765610624912
6330,0.8356798882404628
6332,0.2123519359422609
6336,0.1585354559339597
6337,0.830953363407352
6338,0.7650935136334976
6341,0.6711951638447686
6343,0.3826980038984087
6344,0.4520735537661786
6345,0.23100097886614698
6346,0.520037849793222
6347,0.19914859705808474
6348,0.8243160999215497
6349,0.7832031222261061
6350,0.41954267511823995
6353,0.11439416897655044
6354,0.49534087062009435
6355,0.6646254781617813
6358,0.5150963565087681
6364,0.4825849418479856
6366,0.7734336789238629
6368,0.58455577130075
6370,0.1320673190333714
6375,0.7710760566147773
6377,0.42441727027835136
6378,0.21935342690967524
6380,0.4530223024444836
6382,0.3045408016938291
6384,0.936968487264325
6386,0.8909165061846839
6387,0.15776365563942887
6388,0.7019593130609824
6391,0.2711360868935719
6393,0.5312318192392157
6394,0.3121536954975705
6395,0.8897363092828519
6398,0.6825187688422708
6399,0.7374090680073382
6401,0.8353069464686061
6402,0.6726338707033258
6403,0.5931593526520155
6404,0.03460364331709663
6407,0.3199175921800118
6409,0.7083580929490425
6411,0.6369325546799597
6415,0.13379767578465404
6418,0.2818714602371044
6420,0.77474101873262
6423,0.5540905910464763
6424,0.655129483995037
6425,0.2885198274938251
6426,0.6020165221195829
6428,0.717679227973975
6429,0.7191752165541401
6430,0.5994589187197333
6431,0.8351237515235511
6432,0.6050579984479635
6433,0.9556156358014365
6434,0.3584057705684611
6437,0.853734700079283
6442,0.22178792151496238
6443,0.3765379634077576
6445,0.3289669864231878
6446,0.7004037909120159
6448,0.33741565587780964
6450,0.0904176357038076
6453,0.26119850958714436
6454,0.6805610443554325
6456,0.825790517118287
6458,0.650015404839749
6459,0.7441299211264925
6460,0.832839208910262
6464,0.04757307782524159
6465,0.3854326185988012
6466,0.33984379797303227
6468,0.4892750132541466
6469,0.4884294765050743
6470,0.35426868569220415
6471,0.45659216216794174
6476,0.4859650068297892
6480,0.6879955674472896
6481,0.917457298267211
6483,0.9117918248706812
6484,0.7397945649351021
6485,0.4896482060651222
6486,0.8787710883631183
6490,0.5419445759150224
6499,0.6789806648325272
6500,0.600010755850138
6501,0.7679354682209163
6502,0.9676161414207012
6503,0.19532395076349485
6505,0.9378828121685043
6507,0.7643274305225056
6508,0.7923575183142053
6509,0.9899767742937855
6512,0.7218573658918715
6513,0.5115922734382015
6521,0.874591197765622
6524,0.4708586226176524
6532,0.3490395208196361
6537,0.08282021243504908
6539,0.4050004461305212
6540,0.0997510785989501
6542,0.5858183543395323
6543,0.2871149680769331
6545,0.22004313104663958
6546,0.4837463653127246
6548,0.5435677998706966
6549,0.6618635869555355
6550,0.7926795106879274
6552,0.5787916551392126
6553,0.36587999886522
6554,0.41450021986758745
6556,0.7583357291531401
6557,0.7884559495743726
6559,0.5117453447738611
6562,0.7436696687391118
6565,0.08744014857915813
6568,0.5971210028325831
6569,0.8477330908917505
6570,0.2474382503857262
6571,0.2504049555213485
6572,0.22110517397972743
6577,0.404552986625049
6578,0.37392943946378376
6579,0.49558987161415063
6580,0.7879138511389486
6582,0.11104155048097214
6584,0.6568055517893115
6585,0.5401111571990871
6590,0.3503587767628391
6592,0.4151679571880927
6593,0.4248087117046946
6596,0.1798923565102521
6599,0.6780491590426907
6603,0.5091106867999616
6604,0.42571716429754625
6605,0.8005292710944036
6606,0.13216269665782454
6607,0.5704041470474865
6610,0.18297452967771424
6611,0.37504795240972116
6612,0.1103143020073734
6614,0.5038194848509027
6617,0.7498039356717878
6619,0.4570669905657741
6620,0.8153984612573016
6622,0.0774105216355806
6623,0.3052457206549056
6624,0.8506029119164541
6626,0.5021776538584883
6628,0.31130490989528914
6629,0.43630858740336115
6630,0.339403143301893
6632,0.5256295559981102
6634,0.5165510272941422
6638,0.42709249966070284
6639,0.14534993786063807
6643,0.22883597069122114
6644,0.5252889196179987
6645,0.7811979066782113
6646,0.6359969936062191
6647,0.22708861837276226
6648,0.4293143495696437
6649,0.7740401581660685
6650,0.22467828979231155
6652,0.5736897011989824
6653,0.7820768688407808
6657,0.29561628111324534
6660,0.22647609973118693
6661,0.2665156047935309
6662,0.5612758276414918
6663,0.20170305062867025
6665,0.5153199699844302
6667,0.6398905278719171
6669,0.7955924185153768
6670,0.26504954658745006
6672,0.39504271272825653
6674,0.12580988941052365
6675,0.4886781091606497
6678,0.5863156498851559
6680,0.5612062723671565
6683,0.8147916200586313
6685,0.12046650057825672
6686,0.8330321059982402
6687,0.16647899527218168
6689,0.19231201646754795
6690,0.4206318883073287
6691,0.25653697105822226
6692,0.5987000748131798
6693,0.325522127694274
6695,0.4125773778211841
6696,0.4844528260728797
6700,0.16490496584728717
6701,0.6041072170106379
6706,0.19988625224897924
6707,0.28395827963276205
6708,0.4167954037036144
6711,0.59736754246691
6713,0.8843928972904503
6716,0.7314765599316124
6718,0.2945782029368958
6719,0.4705297873538409
6721,0.22824996210841092
6722,0.6289853921356012
6724,0.3042733487520838
6725,0.6639975906345467
6727,0.7504637010213048
6731,0.5877090444974776
6732,0.7708683003776052
6743,0.34768936381517895
6744,0.7223162651146753
6751,0.3363402335277172
6754,0.14367237920347112
6756,0.5333549562302798
6758,0.28172499036639853
6759,0.6148250347849555
6760,0.48416351843829347
6763,0.4135312383574076
6764,0.44847949521213243
6766,0.4688198043638055
6768,0.37595478149459544
6770,0.8334400752328278
6772,0.37352250073021775
6775,0.36465577980138664
6776,0.5520718456716665
6777,0.5048186088121264
6781,0.8242459847329853
6782,0.9083859963229847
6783,0.5262829952453487
6786,0.62261892618142
6787,0.26914142863507073
6789,0.2335097550903829
6791,0.3846423022467834
6792,0.7293773976309115
6794,0.6242193100539052
6795,0.8906015356608549
6798,0.5479912452119154
6799,0.755682377318554
6802,0.5075295182225519
6804,0.3108643227829927
6805,0.4925731527073267
6806,0.5871088869597
6807,0.3373119138512951
6808,0.2981125537107912
6811,0.09876611504583865
6813,0.13906453513853548
6816,0.6659104808376574
6818,0.3205244134740682
6820,0.2005459026234812
6821,0.07825026304122465
6823,0.6502131749004589
6826,0.30938346841951925
6827,0.619267622517982
6831,0.7971228486862681
6837,0.6646458057784139
6838,0.6726840920159095
6840,0.5643186689166766
6841,0.7664453667085139
6842,0.8109979198784196
6844,0.8632050662919271
6848,0.7418309034079047
6851,0.7037002040848125
6852,0.46386194405088393
6854,0.3920271828195484
6856,0.4592498995022503
6857,0.39137883185962646
6858,0.8612858691072817
6860,0.5861019290731748
6861,0.2542876596319442
6863,0.551038667579565
6864,0.9297554024281777
6867,0.02711038461585659
6868,0.8583325621140809
6870,0.2976379620546813
6872,0.6121588317729685
6874,0.2009724372356079
6877,0.5299041448537634
6879,0.36155985820873
6882,0.5415521950546687
6883,0.9473076758108344
6884,0.49261816419072946
6887,0.1657093405133546
6888,0.4071584554448043
6889,0.45020456781077506
6892,0.7347203618875774
6893,0.7770152951423372
6894,0.8010831341226
6895,0.540935102650464
6897,0.8976913719069022
6898,0.670831784970118
6900,0.429607132503388
6904,0.21440096523559884
6907,0.9447789707361286
6909,0.9166324908658584
6911,0.3889023925744044
6912,0.5180694057165741
6913,0.585263320527854
6914,0.8633640263921535
6916,0.6086644381187115
6917,0.491318925207047
6918,0.6690831837050337
6919,0.6367740344074434
6921,0.481258670183686
6922,0.1264658477876748
6923,0.7604871553140752
6924,0.3140953506228483
6927,0.34111004268595224
6931,0.679536865711186
6932,0.8383847378836763
6933,0.5208978466789314
6935,0.5564150745013429
6938,0.5706635171152143
6940,0.052117315880278535
6944,0.8284165352041561
6945,0.3550884012389736
6946,0.5642259211641604
6947,0.9566292430268111
6948,0.8997686007224783
6949,0.3035304488228412
6950,0.2616829037522056
6954,0.6964540907089786
6956,0.6860087521321583
6957,0.9274876806379935
6958,0.46312783392148954
6959,0.9266788236459181
6960,0.13586469215385188
6962,0.35926606050856696
6965,0.19787228528562453
6967,0.7004486948394905
6968,0.37391010183904533
6971,0.32426386935365953
6974,0.6703932906625377
6975,0.4509529868865118
6976,0.17190444268100824
6978,0.17080596829924732
6979,0.35481980341018826
6993,0.1137929585851335
6994,0.7103599054856202
6996,0.9565494932622219
6998,0.30995303872271884
6999,0.16565150498745945
7001,0.47498476591816563
7006,0.6799788070663346
7007,0.9327783853709812
7013,0.5979988113995702
7014,0.6979138879721783
7017,0.1922331396971299
7019,0.5355179471457697
7020,0.16434030333660724
7023,0.13866628117897775
7025,0.800251626979537
7026,0.36809936494276385
7027,0.1753863640131886
7029,0.20878095778123346
7031,0.41266121053919297
7032,0.8456208968722906
7036,0.8880593506866101
7037,0.39992463702523123
7038,0.10683821115122341
7039,0.5863732858777159
7040,0.6954836998337424
7041,0.7637550947829093
7045,0.871693877379535
7051,0.5819108650222022
7053,0.12593838686401532
7055,0.8941908657977815
7056,0.6774023449786981
7060,0.2650656627158393
7062,0.825891589917237
7063,0.6409477672280581
7065,0.7020949886616871
7066,0.6426304823300698
7067,0.2471525109877799
7071,0.6826450206979301
7076,0.49724630453160784
7077,0.5304035761944729
7079,0.9482041101788398
7081,0.777492748035324
7082,0.5403909089694588
7085,0.8184737498869046
7086,0.49769937721636587
7087,0.5553242035065712
7090,0.8065670146587296
7092,0.3271682008672126
7094,0.5994378102947927
7095,0.8272418641070126
7096,0.3624786192658443
7098,0.7065588636298331
7099,0.32374363726803995
7100,0.8844693881392356
7103,0.33728869513324833
7107,0.13520291146629954
7109,0.45618979678954724
7110,0.2614130584681766
7111,0.43114535616060806
7112,0.3887988676224866
7113,0.4865604250097431
7116,0.8854822549795601
7129,0.3082952384952839
7132,0.447467506448367
7133,0.23174474975698692
7134,0.49416358713046615
7135,0.4959747875789595
7136,0.290657622867668
7137,0.14502238932857892
7138,0.18460856619519928
7139,0.05663925377127848
7142,0.855972909731946
7143,0.6748371553143611
7145,0.42567892071274743
7146,0.3339615879749792
7147,0.464314224196476
7149,0.9515583840734306
7150,0.2850751463954789
7151,0.8094023863912339
7154,0.1526106528477353
7157,0.807127860285512
7163,0.39211263832317106
7165,0.5097883593007082
7168,0.41181207007592585
7169,0.6653509998439019
7171,0.4906322850324213
7172,0.2500042437010001
7173,0.18896537979792125
7174,0.6018987895218212
7176,0.515773517760742
7177,0.6881396925783542
7180,0.5910985326576159
7182,0.24692912204194092
7184,0.4099205720331403
7185,0.49699362182755463
7186,0.8612704210692672
7188,0.8731093818723198
7189,0.20932227365282227
7192,0.7148905585149486
7193,0.39893983894074286
7194,0.8233868952974653
7195,0.6090802550935759
7200,0.4208867482534424
7202,0.5724986355385597
7203,0.4603547604549194
7205,0.3816849462363334
7207,0.3226130852500893
7208,0.6555714117239646
7211,0.5927847011420743
7213,0.8347346251652102
7214,0.2906624554212251
7215,0.142609741063525
7219,0.5820487096852435
7220,0.33626651865856716
7221,0.8241829175764102
7222,0.8275611766390735
7224,0.6870411488630728
7227,0.6638014357675381
7228,0.7364667202192915
7229,0.7447911464238404
7230,0.29394662210153966
7232,0.6645002625205854
7235,0.6479689018348517
7246,0.5785270147922233
7249,0.9239572737262478
7250,0.8350482233135409
7255,0.9201734218779406
7256,0.23030615774748833
7258,0.9248438476594826
7259,0.3314656218786965
7260,0.07699691686334596
7262,0.49716548174468256
7264,0.15920109305669794
7267,0.8088146300071124
7268,0.30775011345692826
7271,0.6816570945959782
7274,0.20010201457333712
7276,0.8260192546189667
7277,0.5910084224013537
7281,0.7019905922505439
7284,0.23106292103604276
7285,0.04061336908034258
7288,0.8633948241390739
7289,0.8211550673036526
7290,0.7075072637764314
7291,0.7600588099749969
7292,0.2129709799557412
7293,0.06572647214598006
7299,0.22581977349904278
7302,0.21607420262143007
7303,0.8031421584295065
7306,0.16764374066973317
7307,0.7182841559624457
7308,0.7086194687441837
7311,0.2970671445380909
7312,0.5323517413366049
7313,0.8342070054072298
7314,0.4568763888857735
7315,0.4725046612025894
7317,0.9474275771433848
7318,0.580706916450501
7320,0.9360334796652605
7323,0.8760481828056695
7324,0.7143997629915796
7329,0.5132671017261514
7330,0.7382963269643353
7331,0.10034349936454509
7334,0.2848759953533935
7336,0.16349485856739446
7339,0.6002137047515702
7341,0.0005140397929196359
7342,0.311260557056263
7344,0.6971590131997206
7346,0.21556468849993018
7348,0.3645160134048952
7349,0.960124178499865
7350,0.3780195963896794
7352,0.8256638255350005
7353,0.8167564440368794
7356,0.34031489868210907
7358,0.8748063437242964
7359,0.47274413991115244
7362,0.16742418362437753
7363,0.3356146002986713
7365,0.4808572264532604
7366,0.5716661392998832
7367,0.35716812406234705
7368,0.2723077955749039
7373,0.7344055443339916
7375,0.26882688643641184
7377,0.6419801555170861
7379,0.7591785182511882
7380,0.20218760020873552
7382,0.3583743548796561
7384,0.9577403407097381
7387,0.1627711344881501
7388,0.354123369495484
7394,0.12505636038698686
7397,0.49436653673627534
7401,0.7670798282790386
7402,0.662359201072173
7404,0.9069049059601594
7405,0.705918917298416
7406,0.13034160422689883
7409,0.7455902843752905
7410,0.5160574127190525
7411,0.9697014182716431
7412,0.2693377372877971
7413,0.43248096232336836
7414,0.35504177023988576
7415,0.4433510417910581
7417,0.26026451046274784
7418,0.5659655076437934
7423,0.22754764953067655
7426,0.5269059576149462
7427,0.6601711495226443
7428,0.9053748485249636
7429,0.5585480133272226
7430,0.429415237098712
7431,0.8468910555406779
7433,0.33705999359342853
7436,0.773947576803751
7439,0.6399687832817972
7440,0.5845123818435937
7441,0.7353143951588489
7442,0.6027526934808821
7445,0.3215247096471002
7446,0.5425003763805646
7449,0.5794518083522728
7450,0.19730655065288313
7452,0.7971585490032768
7453,0.6150427528047518
7456,0.7902780425300759
7457,0.8938750739429967
7458,0.5541441667904403
7459,0.35704116775130007
7467,0.4986397394295809
7471,0.8796528854318705
7474,0.1922225904881735
7475,0.10205324696817503
7476,0.3353831819317716
7478,0.4630441984991207
7479,0.44998084220299606
7482,0.16286376408650924
7483,0.4653466824138264
7484,0.49447737511098877
7486,0.19366525855441305
7487,0.5903248793219937
7488,0.746017295765232
7489,0.5560136611067051
7491,0.3234927282454093
7492,0.24039816071343018
7493,0.5944031171047919
7494,0.2772078401920748
7495,0.5769940665408158
7496,0.6668930166457225
7498,0.4931405205996737
7500,0.7221252797157355
7501,0.41221620203287496
7502,0.4550756987244722
7503,0.8110256725208095
7505,0.43341803844998156
7506,0.421861160615117
7507,0.8491312653749857
7508,0.9182116954214324
7510,0.0749587330285878
7512,0.6356065843647158
7516,0.9427673572342895
7518,0.7929313621723083
7520,0.21643100361498727
7522,0.6617089261991903
7523,0.606410641709506
7524,0.48787704924460434
7525,0.742211499845617
7527,0.9945813115235332
7532,0.7781353146639934
7533,0.31749042539443667
7534,0.27239437478490836
7535,0.44078842032732063
7537,0.596927252242099
7538,0.7749019676760838
7539,0.5747168849290422
7540,0.5678539209541099
7541,0.4396256594979137
7542,0.7291571683359146
7544,0.5041350084582956
7547,0.35746215394590236
7551,0.17526084090708574
7552,0.22678363150667802
7553,0.5029194409592314
7554,0.596906380202516
7556,0.7803518036958077
7557,0.1226021532095711
7559,0.602925495007451
7560,0.6770019541392902
7562,0.12109931439233784
7563,0.8311405126050074
7564,0.4452484604487772
7566,0.6049890944820593
7571,0.8237603457371551
7572,0.7417229330001814
7579,0.44202876633550375
7581,0.8788065377574273
7583,0.03637894605516672
7585,0.7329987820107048
7587,0.6306581321473597
7589,0.6318838837950995
7590,0.5477556761755991
7591,0.6478047595443587
7595,0.4638141973439425
7596,0.893004584367631
7599,0.7996043199633269
7601,0.6698349441504236
7602,0.900348184206322
7604,0.9535787006838384
7607,0.1508863894872811
7608,0.4925315319026521
7610,0.7345537573031516
7613,0.8184313871116139
7614,0.7163591768855635
7616,0.8907566593104227
7617,0.7467374199583405
7618,0.702398637364768
7619,0.11247837089974239
7620,0.5060108416437262
7622,0.6194829727149193
7623,0.10646023796635681
7624,0.5411759314944786
7625,0.4475512334673544
7628,0.5285316230654149
7631,0.6122036107307708
7632,0.7475431410166692
7633,0.5860686292230216
7634,0.7088042956454367
7636,0.2814787871339434
7637,0.5333186649303554
7639,0.13060252799597605
7640,0.7532635830202755
7642,0.9246275291785778
7644,0.5880963136225918
7648,0.21376844611544732
7651,0.32014292281025714
7652,0.5204599033082319
7654,0.46721637798798865
7655,0.694276094272545
7657,0.6114938032767196
7658,0.7582236937346065
7659,0.7424842851013508
7660,0.286614952781284
7661,0.451134942504948
7664,0.3178607823165655
7666,0.6890349129322193
7668,0.7754996041593858
7671,0.22533289756383265
7673,0.3795319996805854
7677,0.47801131618973636
7680,0.628107793472988
7681,0.7356491966456066
7682,0.2970658530998756
7683,0.8348487314300976
7685,0.2320518009159525
7694,0.9054583240558293
7695,0.6912677969729688
7696,0.8104584885527009
7698,0.6519282702019991
7700,0.678042897110129
7701,0.5002239738485678
7702,0.7258902753504435
7705,0.6977209474556998
7708,0.3766302479314447
7709,0.2703609514664362
7710,0.747406980715158
7712,0.4931144719647231
7713,0.32404793614907224
7714,0.7001730113208808
7716,0.6864608090069518
7718,0.12760805239612338
7720,0.10800934311609264
7723,0.8175782620527758
7725,0.37943085530021675
7726,0.8506650991947096
7727,0.29082067361129516
7728,0.2227934196930794
7733,0.5306047634535622
7734,0.22225831600913806
7735,0.7035761684047189
7737,0.2573954841351688
7739,0.672605404316242
7741,0.5173241798529316
7742,0.20060473631834452
7745,0.5945501243596614
7747,0.5816657831645491
7748,0.16449322776166866
7751,0.7735760212396732
7752,0.07544105268963301
7753,0.4718897475694203
7758,0.3453674571429981
7759,0.5532005208412277
7762,0.25659242079304234
7763,0.6445541085613107
7764,0.8063534220608132
7768,0.27139481909767615
7769,0.28918189687638496
7777,0.766720373813643
7779,0.6726023994862084
7780,0.8027882227495132
7781,0.6438360362472832
7784,0.7921859445227081
7786,0.6840403135856219
7787,0.09137479707195134
7789,0.561227819539111
7790,0.14400150636705195
7791,0.3497835602111895
7792,0.42377563616281577
7794,0.2044013419399571
7795,0.7273327605448867
7799,0.3903593548411594
7801,0.7781829038220868
7803,0.10534540004085989
7804,0.49438509215205284
7806,0.421792746554064
7807,0.40738883517743174
7810,0.3525266575408427
7811,0.7298336267663419
7812,0.41602739917446924
7815,0.06912934474029662
7819,0.7072239888963059
7821,0.6105992125933372
7825,0.826579036659955
7829,0.7499582741721611
7831,0.853408443025937
7832,0.7530911646575082
7833,0.546333630014088
7837,0.22072475183694903
7839,0.8133693151805834
7840,0.304629368855081
7841,0.35616984513843963
7844,0.6375177630060311
7845,0.7143383684519661
7847,0.5863471423746732
7848,0.7581905022040775
7850,0.19057168738096536
7851,0.2823371336157296
7853,0.8183906576361947
7856,0.9266153289318748
7858,0.2420446355129013
7859,0.7878832506734017
7860,0.6534539818210531
7862,0.6760844410441866
7864,0.6456293157681207
7865,0.5787405585055309
7868,0.8747495145606408
7870,0.2926011551900407
7871,0.6441339522273491
7876,0.7398534526732967
7878,0.7947788634331489
7880,0.40586363975338624
7881,0.16020229092756152
7882,0.35818357919970134
7884,0.9233751866095821
7886,0.45102166632891066
7887,0.6922952781665844
7888,0.7291879750200626
7889,0.4023361207593238
7890,0.9106929145364188
7892,0.7444851233073996
7898,0.8550402253370633
7899,0.593236789043365
7902,0.9102378904883929
7906,0.3016882695185392
7908,0.7593890182949316
7909,0.19008879829061157
7911,0.5289063027712647
7912,0.11714518522117072
7913,0.48845192671682136
7916,0.5503140332734513
7918,0.6911261229478868
7919,0.154009266560454
7920,0.6459430614600308
7921,0.5211911823844639
7922,0.5811878540897064
7924,0.5906444370246734
7925,0.08808032489909148
7927,0.42932766163438957
7930,0.5460631754589967
7931,0.36466937279561074
7933,0.5932533874202803
7937,0.7791625950567657
7938,0.806281848942625
7939,0.24641238736711235
7943,0.8096294792290278
7944,0.7773823234262903
7947,0.10634249710016898
7949,0.05724330670307858
7950,0.7186313428377284
7952,0.6273918312672309
7954,0.6142145181840735
7955,0.29414478610660866
7956,0.47199770275695174
7957,0.2415659193301509
7960,0.8176720277560229
7961,0.4605101635657747
7962,0.6435253507350756
7963,0.8559074041303179
7964,0.8850420671757534
7966,0.3366597303944737
7968,0.6805933347545148
7970,0.4825219678363911
7972,0.44765701624170473
7974,0.8761375085311441
7975,0.3390169731572068
7976,0.917614622126997
7982,0.6793370153676109
7983,0.7537538630585469
7985,0.37904774842719235
7988,0.45278169555681985
7990,0.42659160902840193
7993,0.4253852203605711
7994,0.8454801511330983
8000,0.6146246158473481
8005,0.21300649558097043
8009,0.36491980342876157
8011,0.07311000439173304
8012,0.5072254555124576
8015,0.2728738605921348
8016,0.20024681821169238
8017,0.7760373722220875
8018,0.2224292249204183
8020,0.5200179126994031
8022,0.7881921835936467
8023,0.26023277316636517
8024,0.5312208920858654
8027,0.4705252554140059
8028,0.5942778284472756
8030,0.5746202768463371
8035,0.10108623251962753
8037,0.37345467136542077
8039,0.7461075661291597
8043,0.17600426102162356
8044,0.8067290088874935
8045,0.38711969445642247
8048,0.1830834634781042
8049,0.8918764786989212
8052,0.46706421685001476
8056,0.0750791443432499
8057,0.6398815464364074
8059,0.3705829503368294
8061,0.13351343697335613
8062,0.7130661850921942
8064,0.8197818038107886
8066,0.8359333008955663
8067,0.33594967042422935
8068,0.5038950485558359
8069,0.649971395836694
8070,0.9156109823163717
8071,0.4255209016058988
8074,0.8870483398805359
8077,0.1929758328432875
8078,0.735502777455816
8082,0.7153359952968601
8083,0.7321495281344929
8084,0.4994628283456868
8087,0.5472090664110205
8088,0.8908208759948331
8090,0.8058830811420411
8092,0.6634278363731739
8093,0.8583627298848734
8095,0.6865196450940386
8097,0.23443412978378675
8098,0.7638626848507425
8104,0.46902504634918457
8105,0.801986965258599
8106,0.5505698270060864
8108,0.302858573563837
8112,0.3774269188395319
8113,0.5169388207718338
8115,0.6037054039982873
8116,0.5742623438034967
8117,0.2672599253836108
8118,0.8532909887356575
8119,0.5787528783657557
8122,0.7010001345843874
8124,0.5938392093373832
8125,0.6598680025750314
8126,0.6278572320721714
8127,0.950998627911902
8135,0.10811725491109948
8137,0.6739637146492933
8138,0.37051032808312767
8141,0.7104383057124135
8145,0.2605878683702493
8151,0.39089930603817735
8155,0.5430130157096033
8158,0.3555449804535506
8160,0.40593937402116753
8161,0.9552482350603865
8164,0.6375230161986384
8165,0.4895300365053912
8166,0.8665963840489626
8167,0.31299290514204225
8169,0.37145335125039514
8171,0.8654123319016582
8175,0.2808339631270159
8179,0.759106258310566
8181,0.5052462335026517
8182,0.5184832986511287
8183,0.5667600938473178
8185,0.4447158481916649
8186,0.8286249756977015
8187,0.8374114415332174
8189,0.4317303219514073
8190,0.4393742420722807
8195,0.23696538725448157
8196,0.17257889832257103
8198,0.720258017518403
8199,0.4515031727553963
8201,0.1932212867014171
8202,0.9070338433651642
8204,0.07857405659188825
8205,0.4950411089860233
8207,0.2925555110808686
8209,0.07615922161892014
8210,0.23402415580376756
8211,0.500970319944388
8213,0.7215778582499708
8214,0.7534437575433683
8217,0.7707171966213857
8218,0.6618369115471328
8219,0.4508322655101586
8221,0.34717463621527367
8224,0.8576236394738659
8225,0.13922796305957685
8226,0.5120477965404028
8227,0.6802393624524941
8228,0.6490768721310267
8231,0.8277463878639626
8233,0.9409684679447005
8234,0.2109965236793613
8236,0.638134060681267
8237,0.7813826915613686
8238,0.24596219844392872
8239,0.22707354989534692
8240,0.4985238220707967
8242,0.8130493712815879
8246,0.7755315211804198
8248,0.24384709098146307
8249,0.7479442238994924
8250,0.47157516711076203
8251,0.4316704279764851
8252,0.6619889674162137
8253,0.814782230417271
8254,0.467555634376667
8255,0.7720330862739914
8264,0.6459862498206079
8265,0.11811647239600016
8267,0.32309375062157025
8268,0.385287381824653
8269,0.42819644617386404
8271,0.4545539494389347
8277,0.8260600677932013
8279,0.0503893906710582
8280,0.3130671472457987
8281,0.5345313902345612
8282,0.23261938233649887
8288,0.30440938501512255
8291,0.27482275135476214
8295,0.48475762356242963
8296,0.33248832104702136
8297,0.4564998113724543
8300,0.40076630927435936
8306,0.4517903344473547
8307,0.7370306261325069
8308,0.6771693660059447
8309,0.5709443164456506
8310,0.14130767236165653
8311,0.6657486367786345
8312,0.31000767866388734
8314,0.6196841392051543
8316,0.5633156608437777
8318,0.30595023988857756
8321,0.5817015038056457
8322,0.9528526239887898
8324,0.8368624090012178
8325,0.7058865170765205
8327,0.7486045584733894
8328,0.6629625299968481
8330,0.6627017613658097
8340,0.3439925745401742
8341,0.6812079952306072
8345,0.31677574779864576
8349,0.9188235256708828
8350,0.5347099094308162
8351,0.18489004149945823
8352,0.6357409453291434
8353,0.2848276018905484
8357,0.34654389406757896
8358,0.7458088655383388
8360,0.23380774634898302
8361,0.27389842677067744
8363,0.6213757719699022
8368,0.22623877190268318
8369,0.2392982373911281
8370,0.6602358252434134
8372,0.2161548313695466
8374,0.2350307827149228
8377,0.24288392163719225
8378,0.7235136408289397
8379,0.32412495481090725
8382,0.23927052253465558
8386,0.3023685380431452
8387,0.8326121494741748
8389,0.4594365396911389
8390,0.8601013771547534
8393,0.1981747867283613
8394,0.8716826926919459
8395,0.3709082583267089
8396,0.30806804465824117
8398,0.3238440910216414
8401,0.4618121090468764
8402,0.13178303266777455
8403,0.15657739925756115
8405,0.27939093031059414
8406,0.47737311346093614
8408,0.016914298601651622
8409,0.34016901471625205
8411,0.8040555688447685
8413,0.24331264821855167
8414,0.844324653356561
8418,0.6386535992589338
8419,0.28839342605602686
8421,0.6090847154966097
8422,0.761507029606899
8425,0.9092274563947704
8429,0.07301971821922354
8434,0.9442755763396368
8435,0.49460663283480444
8436,0.9654353461975538
8438,0.601602441414024
8444,0.6738509239928154
8445,0.05901171597801273
8446,0.3179452969518435
8449,0.8185803102198593
8450,0.2598534702463725
8458,0.9081300227597378
8459,0.1986483166122491
8461,0.39174573577349153
8462,0.7040152274082028
8464,0.5204118315265975
8465,0.41852659816618876
8467,0.30550584545469256
8468,0.0423741797592824
8471,0.2339866225830855
8472,0.04070262783143105
8475,0.5946908334864238
8476,0.7950823993766276
8477,0.9135878126816678
8479,0.8818627939107663
8480,0.5602019240700681
8482,0.7887544812466566
8483,0.619047695522788
8484,0.9070685406222774
8487,0.7402827248963316
8488,0.7851205966441523
8489,0.8725514064462286
8493,0.5126971983200059
8495,0.3014405303863376
8497,0.4798157088882315
8498,0.04700090070741703
8500,0.3571095421581966
8501,0.7079671317933076
8502,0.5284206172971712
8506,0.9426151659500461
8507,0.9292391897497629
8508,0.9315848747414545
8511,0.587182567207699
8514,0.3482342378784941
8515,0.9507304930443345
8517,0.6624392317185757
8518,0.7693295581697775
8519,0.43818133904553025
8521,0.892686027844916
8523,0.9143478959931055
8527,0.5379474096178654
8528,0.26465566854174155
8529,0.5592455104631513
8531,0.4447183075048395
8536,0.4080690384338923
8537,0.6651819131034683
8543,0.7653629384333137
8545,0.6331284353262611
8547,0.4315341007242101
8548,0.7790332283874969
8549,0.7314185450945538
8557,0.5883008836894836
8560,0.6200470162206703
8561,0.3790964592931207
8562,0.5558304905090493
8563,0.27188859210167043
8564,0.4305331229909477
8565,0.34275263338677014
8570,0.9270556414722653
8572,0.2520055486554948
8573,0.14439364299959104
8575,0.8918784753654236
8576,0.3227128036871097
8578,0.20970553817737667
8585,0.4454292880011062
8588,0.6461542245554176
8589,0.7647855951073242
8590,0.9199359196167955
8593,0.818567479406189
8595,0.3441118781161895
8597,0.9076006086441984
8598,0.5972548449209342
8599,0.10483836948726463
8600,0.602909614265961
8602,0.5737113280526642
8603,0.945313449651089
8604,0.3829926470549106
8607,0.635428890239168
8608,0.6359537873928697
8610,0.5109381567629282
8612,0.37010013078867526
8613,0.20499109481051744
8615,0.8025582944047975
8616,0.4689676053291832
8618,0.5273280490239435
8620,0.1800027535586402
8621,0.8119808209298861
8623,0.5544327729943979
8624,0.9220862675613446
8631,0.9101252147530655
8634,0.7588099775111578
8636,0.3916672001847131
8637,0.7211377375903241
8640,0.33958046872863695
8643,0.6975165505464359
8644,0.6784477426618579
8645,0.6144219058276417
8647,0.9128414980943074
8648,0.09950535644583058
8649,0.27655231456920504
8650,0.9370592668321307
8651,0.2075387146380828
8652,0.5433810049485948
8653,0.44017987279792414
8656,0.7660214043096941
8657,0.10650421790029271
8658,0.6731609361335351
8660,0.8308340299658806
8661,0.2761327382629637
8662,0.7301974115990402
8664,0.33065447163974343
8666,0.6152721049155139
8667,0.7753972278118882
8670,0.4566993687372358
8671,0.698048457948284
8674,0.40129111109422244
8677,0.22783171940207267
8678,0.22591894979954705
8679,0.3911873797556727
8680,0.25832118936643567
8683,0.1566823756747813
8684,0.7636369042712731
8686,0.5607404477072978
8687,0.19539669975419144
8689,0.6890368919524551
8690,0.43005428398096174
8691,0.8437326288344635
8692,0.476098877375093
8695,0.1748632398441104
8697,0.3162785158798208
8698,0.5604349290076431
8700,0.518075914843277
8705,0.8934723587280482
8709,0.33186311974773897
8711,0.3478910899442502
8717,0.6917305557673987
8718,0.8610330142542811
8722,0.6297047341626116
8724,0.04820796797793204
8726,0.4610031612959473
8727,0.3711029455147755
8729,0.5870694076521807
8736,0.6329668379856761
8738,0.186444663323524
8739,0.1980091018788166
8740,0.43159732823620917
8741,0.10872886739901969
8742,0.719496158329121
8743,0.5089192674161958
8745,0.47235480156543325
8746,0.25245433377254506
8749,0.5290641920833604
8750,0.5995251354286687
8753,0.03864711961703918
8754,0.019558207204255433
8759,0.6452715716859846
8760,0.2922242959876962
8762,0.4928158841376751
8763,0.4423908883736543
8764,0.6963352604011114
8766,0.6742986195867637
8767,0.6585178585493247
8768,0.5377348899603848
8769,0.5785229345094611
8770,0.09207387155929818
8771,0.35068596502176747
8772,0.8394038967862735
8774,0.10282388373488441
8776,0.6434768365458524
8777,0.5850267343227478
8778,0.2583273510460545
8780,0.2720451963374252
8781,0.3322643393551574
8782,0.4468512243620089
8784,0.45215303994858475
8787,0.2557032603496328
8788,0.16564874385538922
8789,0.7972001055838642
8790,0.214801482979745
8793,0.5180479242876832
8795,0.566589205493384
8796,0.2430885576494753
8800,0.2905207395691318
8801,0.810957442529012
8805,0.40452873597929023
8806,0.8425204846441051
8807,0.32637586582903155
8808,0.41860518283110987
8809,0.5922474809011179
8810,0.44682965024414834
8812,0.3689109546971915
8813,0.9486137690348958
8814,0.40688950804792096
8815,0.8059538166667778
8816,0.5536069294374627
8819,0.6624928785990268
8822,0.446676306760288
8824,0.22472854442926965
8826,0.19481480013646635
8827,0.7556969548104646
8829,0.6045051692303542
8830,0.05798552562716623
8831,0.12280716859924744
8832,0.46756478095695975
8834,0.7293986151585831
8836,0.6060066957275382
8837,0.10250110795891015
8839,0.4497580878732866
8840,0.7307110677027212
8843,0.7066246610779657
8845,0.6898146044687755
8846,0.5648431964593886
8847,0.5094443365314087
8848,0.6569061957634866
8849,0.4583036731374286
8855,0.38806128586162547
8858,0.7562954058269027
8865,0.3348656722104644
8868,0.14681284274348408
8873,0.7155749097945676
8877,0.15923701969006035
8878,0.5732855638033513
8880,0.5663571968276956
8881,0.33452150622406535
8882,0.5601933137399879
8885,0.8823349715190243
8887,0.7665925461213131
8888,0.8328964467983716
8889,0.08377752257438813
8890,0.5674897570286191
8892,0.862783347200889
8893,0.9593996831820116
8895,0.2378796274657587
8896,0.3542891819240722
8899,0.6533127875866991
8901,0.12118177773746691
8902,0.5650337574023935
8904,0.733983576662882
8906,0.34066523277499194
8907,0.4700038713688696
8911,0.7516219803099569
8913,0.23631487228867476
8915,0.6796260628029691
8917,0.8622289898048723
8918,0.24304259138617262
8921,0.7765575338858907
8922,0.07638816832442033
8923,0.4626406380833169
8924,0.772143317428984
8925,0.27388857418599233
8926,0.014043651625848579
8929,0.7992372539638855
8931,0.35728360013643873
8932,0.1346337154605839
8933,0.6042275641274367
8938,0.41263362666063663
8940,0.3889244768244398
8941,0.20714067424253188
8945,0.5721022318736864
8951,0.7378280117193561
8952,0.4562830208750087
8956,0.844087594579453
8957,0.34364720219155986
8960,0.3932960051147428
8961,0.23631060015359429
8965,0.8028692458000419
8966,0.054991989269956326
8967,0.9037668589537051
8968,0.47407992682443567
8969,0.2536215838298077
8970,0.9365615537108155
8971,0.8125723205187135
8972,0.18801138696602482
8977,0.8511964964787235
8978,0.8479511091455223
8983,0.7642893376598703
8984,0.6765116894155625
8985,0.7175153428072374
8986,0.5719147649507549
8990,0.16857276261180723
8991,0.9253651670804632
8995,0.7908286611291421
8997,0.8404373599141152
8998,0.3972555530323019
9003,0.27479007808325095
9004,0.8747982898197658
9005,0.4525691191001303
9006,0.6613011381590664
9007,0.8782788513769552
9008,0.6572770557748904
9009,0.5157309558448729
9010,0.38682176217445247
9011,0.8292214566355356
9012,0.8199235808704473
9013,0.7841933677636399
9014,0.750699459359198
9015,0.20956665884765177
9016,0.7937128150839011
9021,0.5612337068218534
9022,0.704237193550029
9023,0.32435345698337736
9026,0.7405951926634631
9027,0.7008527300701939
9028,0.5361410084056515
9032,0.26737515511374105
9035,0.5865589899798992
9038,0.9875622330261301
9040,0.6282826489763179
9042,0.037306358493076563
9043,0.7267508758777426
9044,0.3749408406768501
9046,0.17171648072095075
9048,0.3301045458846873
9051,0.8016801917454486
9053,0.305352847186177
9055,0.31226516970886437
9057,0.903330439240422
9060,0.8154376325984248
9062,0.14788852160712598
9064,0.07194264325239354
9066,0.9356533384437659
9067,0.6372094951119497
9072,0.3230963935815857
9074,0.5818942261399328
9078,0.3106207070862778
9079,0.6538201510091582
9081,0.5605453337853515
9082,0.3442579300073935
9083,0.730555598392452
9084,0.9064255926786359
9089,0.3290269976700841
9091,0.3449169145507682
9093,0.8050985307036054
9096,0.733726219267751
9097,0.4988038809054658
9099,0.3694536221104862
9102,0.3488805198399
9103,0.37455073493788676
9105,0.459872365266163
9109,0.9273485108410797
9110,0.7022041432727795
9115,0.11925861440117541
9117,0.6685142421612064
9118,0.627954734275855
9119,0.43749798160418907
9120,0.56870069643099
9121,0.5568510631962074
9122,0.867702670994472
9129,0.6474085621485086
9130,0.9032711433990693
9131,0.5489427464863764
9132,0.7966534055659164
9134,0.2514665341633745
9135,0.7620433354056697
9137,0.3533266861755974
9141,0.5183907375097243
9142,0.2904601020965594
9143,0.0506959482818746
9145,0.6972311564900477
9147,0.6730885493347983
9148,0.6780603999991902
9149,0.7881593406223933
9152,0.8476674841704954
9155,0.3517705703508019
9157,0.8977530876530314
9158,0.5607719728742199
9160,0.9001834281822286
9161,0.6379337061474302
9164,0.5791365372295794
9165,0.5891266031129863
9167,0.5552853318720771
9168,0.2937700278941723
9170,0.21743200999854218
9171,0.7107908641146108
9172,0.09373462461350086
9173,0.3971665103293506
9176,0.4384855045188057
9178,0.3732864348003379
9182,0.2567179485611547
9183,0.7882258814920228
9184,0.7808069723890299
9186,0.7072451472349061
9188,0.8457970728195473
9191,0.721413937731836
9193,0.5538957252610515
9196,0.5103602605097407
9198,0.500139776128643
9200,0.5285600918033042
9201,0.8237664775998468
9202,0.9447161996082807
9206,0.34283242575012696
9212,0.6865159754023896
9215,0.5292529435006099
9219,0.9260405944663062
9220,0.45297329221378996
9222,0.6254086943776638
9223,0.14181395601928898
9224,0.8198134875173423
9225,0.15179784074624472
9227,0.37394186850451844
9228,0.048683184087129065
9229,0.6236403364021362
9230,0.4824933911545261
9233,0.7602997863142497
9235,0.7958909329476342
9236,0.11753161173826727
9237,0.6828346075461397
9239,0.19556406422851816
9242,0.5993364881556443
9243,0.597754785926003
9245,0.5442205278506473
9246,0.30352762387023513
9251,0.38843732169687767
9254,0.2773801959457817
9256,0.8772786999619157
9259,0.1404228252906599
9262,0.8061264076489937
9266,0.617609390665622
9267,0.633365964844145
9269,0.34366667129225303
9270,0.502302340530232
9271,0.41284882470038436
9275,0.07701339119386962
9276,0.6022169778633977
9282,0.5020484974684836
9284,0.854649258314526
9286,0.27212466995774526
9288,0.4692417843113005
9291,0.13813227022526126
9292,0.952455640074469
9293,0.5931125200681581
9294,0.8642486886310229
9295,0.8763236187864032
9297,0.29271521381980437
9303,0.9444614782518532
9305,0.862888710957945
9306,0.7907746465156094
9307,0.3620348222879746
9308,0.20016175322058796
9309,0.4705682933929456
9311,0.4577319697594767
9313,0.11557760064174018
9316,0.42489361967707234
9317,0.9102243837700671
9318,0.2776487262815309
9319,0.5901312712362587
9321,0.6519793142382112
9322,0.7893589862488876
9326,0.5754164048840771
9328,0.25096488197072525
9330,0.41040787782764865
9331,0.35440066472814163
9332,0.5480899209191942
9333,0.5184043066896395
9334,0.9833755798652964
9335,0.6987505812826192
9337,0.4603194924041685
9340,0.07824480995957868
9341,0.2732021281310527
9345,0.21280964223864351
9346,0.7896954176065564
9350,0.8834910463133366
9351,0.9443181007544944
9353,0.9111942478079612
9354,0.240179224522459
9355,0.2313383671393839
9356,0.7274539898014071
9362,0.5904069381344507
9363,0.280808469482001
9365,0.39782006215091253
9367,0.6844279931441372
9369,0.17657872659331578
9370,0.6187234860863025
9374,0.5008744149956381
9375,0.2169896856538082
9377,0.45165116456357624
9380,0.5417842508119411
9382,0.23594922194263213
9383,0.6913491420480682
9386,0.7741671846456424
9390,0.7163332940002618
9393,0.48692341745911444
9394,0.3277220944744946
9396,0.3145199495342264
9397,0.43988769491580654
9398,0.6851916233380019
9399,0.56008575264631
9400,0.5079250157197831
9401,0.5391244770420384
9404,0.4170081176541522
9406,0.6040503934783098
9407,0.5910596277480641
9408,0.4653868872039376
9412,0.8820574367736277
9416,0.33435953802435614
9419,0.5533318310084847
9420,0.6647722304338481
9421,0.5943065875009379
9423,0.5372023449792054
9424,0.4431883199467191
9425,0.8932353608148585
9429,0.7669400901702105
9430,0.2737258736781929
9431,0.3430842970246762
9435,0.42870526617841803
9436,0.6688395363982208
9437,0.561755534727595
9438,0.9363824537797123
9439,0.09521179867389944
9440,0.0709931814604886
9441,0.20089212763830633
9442,0.11657257357926976
9448,0.3912595607565394
9449,0.8573825757656799
9450,0.41836430443563033
9453,0.7020481762602904
9454,0.15490768365462443
9455,0.49597007171750446
9458,0.9344156644170034
9461,0.3750407197073689
9463,0.6378940327154334
9464,0.365764537151536
9465,0.051343130025147406
9467,0.919493872365697
9470,0.8181100352188468
9472,0.6611147872837403
9474,0.7254804260082576
9475,0.3383107991823783
9478,0.33213343154839264
9479,0.4863527368726797
9481,0.34552000228228763
9483,0.7626033119749106
9484,0.5929060616319693
9485,0.43053084065505787
9486,0.6654035159175008
9488,0.7559492215923056
9490,0.21718322483242036
9493,0.1784140270996998
9494,0.5442967338001503
9495,0.08786591850574735
9497,0.5577181411513339
9498,0.4566390949736126
9499,0.4309787511876624
9501,0.8050664080497825
9506,0.23499595461165276
9508,0.8040954040778904
9509,0.7059948108509368
9512,0.00028531812340664136
9513,0.3319789493888904
9514,0.6182674430039713
9518,0.4600122656135578
9521,0.4294772778117608
9522,0.6260056139935455
9524,0.24023802943566827
9525,0.4480493590466002
9526,0.2286987598489658
9527,0.40309337472489465
9529,0.23064162140992447
9530,0.6347584711220541
9531,0.3706777655654433
9532,0.7012458834389034
9534,0.47404645339694107
9536,0.7156473257073953
9538,0.5857739660193022
9539,0.4996085459644016
9541,0.032685068223255
9546,0.7713389532827172
9547,0.05695878588388561
9551,0.06278019315113768
9552,0.18039079291433052
9556,0.7494690682416703
9558,0.822064700989756
9562,0.30463258276003974
9565,0.4165385769855006
9569,0.3364182332265132
9570,0.6263364738329286
9571,0.3945192738190432
9572,0.5353954888944993
9573,0.669190039794467
9574,0.8735339231146537
9577,0.8789214322333935
9578,0.4209561485158967
9579,0.9573712852429241
9580,0.8417059799975848
9581,0.4895658114527541
9583,0.06354948726209808
9588,0.5753223889039409
9589,0.6041347963931921
9591,0.4114378226708335
9595,0.6569711554598945
9596,0.5178191669043382
9599,0.8432766257283804
9600,0.8946536875558732
9602,0.8163946299791
9604,0.07453571301800987
9606,0.727325740893048
9611,0.46802664733673666
9612,0.19840042020856827
9614,0.8749312509282684
9616,0.8144340992120946
9617,0.7715144497753219
9619,0.27462597073172146
9620,0.4088839718170896
9621,0.7125335020807287
9622,0.3969039433293961
9624,0.5065036816379318
9626,0.5037137133976178
9627,0.263504037824173
9628,0.4132475449864636
9629,0.8130423963153831
9631,0.10657148307212012
9634,0.7110399010089477
9635,0.2597112794566754
9636,0.9611326340364472
9638,0.6789686422575653
9639,0.5735651695048211
9641,0.7091236835467132
9642,0.7642491201793333
9645,0.9170425295618391
9646,0.5711748094250967
9649,0.3872383290157061
9651,0.27264100120251544
9652,0.8802273062219049
9653,0.11587034083803974
9654,0.33381258061707103
9655,0.6883823893745971
9657,0.46581390333587114
9658,0.2911187967792541
9661,0.9947983398140766
9662,0.08120019760945049
9670,0.5489076744799275
9673,0.9315539267565738
9674,0.21209442139623344
9675,0.07833577803910266
9677,0.7381055650156376
9679,0.5909953205854562
9682,0.5327903034303587
9683,0.5498895392179488
9687,0.08162602708496348
9690,0.3720333360530274
9692,0.9574259094116638
9693,0.41149481944218796
9696,0.5041255317814071
9697,0.45117225265565436
9699,0.7539797318367781
9702,0.9126097235441211
9705,0.3327587203132298
9706,0.24327832294814916
9708,0.19778284104399935
9709,0.6610815584573768
9713,0.2755220979426819
9714,0.21931447301515314
9715,0.20760408858535467
9719,0.15008558934676655
9721,0.31567943175516655
9722,0.4090795731485964
9723,0.8327724725522039
9724,0.13684658111939804
9725,0.30277086214874127
9727,0.9396825788870088
9728,0.9574479821780956
9729,0.8460381938195526
9730,0.831804912642
9732,0.8586784635740838
9733,0.32823198147058447
9736,0.5537718098402862
9738,0.5324729583293679
9739,0.8596026543582824
9741,0.8458203898955867
9742,0.9568802656585681
9743,0.754644141132052
9744,0.5087920571896735
9745,0.642041243014643
9748,0.6066896210939079
9749,0.6560588222102168
9750,0.24134075003740513
9751,0.6498662835214832
9752,0.3567856113329847
9754,0.500361747690651
9755,0.33030695976251556
9758,0.7892240262152591
9761,0.5455796158371757
9763,0.4217614959363497
9767,0.7132648617913793
9769,0.49708414098491127
9771,0.6461116576889755
9772,0.8201222410067625
9775,0.5123316103370176
9776,0.8836584622967609
9778,0.6171541825504507
9781,0.3568582505610017
9783,0.35577973329481377
9787,0.5231315639346671
9789,0.6434640769629725
9793,0.5378559013974532
9794,0.615447342535759
9796,0.465309240640261
9802,0.3752469005724244
9803,0.889490881361235
9806,0.40508009816842583
9811,0.46468015241057486
9818,0.6323033566535529
9820,0.31866157803433404
9822,0.5958470362036538
9824,0.9185140760495416
9828,0.6316629262971802
9829,0.6810086503898348
9830,0.6728282629817511
9831,0.8288169788850451
9832,0.2845296278539108
9834,0.2612582206158345
9836,0.3822298963883893
9838,0.7256319349090042
9841,0.7772879907874668
9843,0.738897838157307
9844,0.20733291948652635
9847,0.7788193956444923
9848,0.24487262275833527
9851,0.801615958702804
9855,0.6329846672307443
9856,0.7392642293949575
9857,0.12291030762947681
9858,0.8585032662952937
9859,0.7350376775412333
9860,0.15552881932434381
9862,0.6182531689434922
9863,0.39537418790488904
9864,0.25713315890580274
9865,0.7931661849289545
9866,0.6890691574001315
9867,0.5430213549750268
9869,0.6248246392315782
9871,0.8918518106028092
9872,0.3875872662494513
9874,0.6454596788247631
9876,0.1483378006381902
9877,0.4046565437470536
9878,0.37953065844528927
9879,0.7320533186015872
9880,0.30541191502704185
9882,0.1186967569756877
9883,0.6070105722689274
9887,0.6448851299831507
9889,0.06988810006628048
9890,0.4665525142959711
9891,0.3029720724052866
9893,0.3615794127135929
9894,0.6315909788166783
9896,0.5691068671308747
9899,0.1057421385106534
9900,0.5283885404050601
9901,0.5760386739901852
9903,0.38706720007702733
9906,0.9054170477686474
9912,0.44233061251673694
9913,0.7366351675948716
9914,0.856539151928462
9919,0.6457868285694254
9920,0.7329217032822825
9925,0.37332683247740595
9927,0.8938088868313054
9928,0.35203924129016306
9930,0.7116490099857324
9933,0.7865600634044779
9935,0.11076826677063199
9936,0.4669296034781595
9938,0.4843158881557773
9941,0.7568550987392783
9942,0.4420656200409878
9944,0.841626989078603
9945,0.45117559303331284
9947,0.47370730007812395
9949,0.9041958425940911
9950,0.7445896978252563
9957,0.08524518589445594
9959,0.8098874922666696
9961,0.45550256746827006
9962,0.5059393936046535
9964,0.45482588262605606
9965,0.3823462760497033
9966,0.6504548760278348
9969,0.7184493195634538
9971,0.8488371029455098
9976,0.4433338107150272
9978,0.46544505424820326
9981,0.5900924923466795
9982,0.4236350786045728
9988,0.4476723426711616
9989,0.47031834030371283
9990,0.7950409529016694
9994,0.5897135477895936
9995,0.5582984331486707
9996,0.23550916235054653
9997,0.25912224570424947
10000,0.5865495156186633
10001,0.6887159926858345
10004,0.821584435854365
10006,0.030050763963982603
10008,0.5555160139875137
10010,0.07813179717117351
10012,0.3245241127065336
10013,0.8136731045439192
10014,0.8272915521430328
10015,0.6733294712834744
10016,0.8013594875093755
10019,0.2148176438498692
10021,0.28712240697382013
10022,0.5001332771260555
10023,0.7806039071270455
10024,0.36030503286531684
10025,0.28866640908136065
10026,0.6037250325449162
10030,0.8039705747334177
10037,0.6659695598554983
10039,0.728074125762873
10041,0.5126324182712474
10043,0.0881594403336733
10047,0.773679931975187
10049,0.36104465984371265
10051,0.35679192525934456
10052,0.45364693649233556
10053,0.11468873180343889
10056,0.4386109730978402
10057,0.96352342807442
10058,0.23639775557296897
10063,0.9311236767416886
10065,0.3559103730189652
10066,0.5120990886102842
10067,0.8365628198429238
10069,0.3232743665210923
10073,0.20970033702072743
10076,0.45473659026702534
10082,0.8389112377021946
10085,0.5539279258962643
10086,0.7764797862861608
10088,0.37346359247245026
10090,0.7211936229693001
10091,0.593328672706798
10095,0.7981130106946255
10102,0.6860342293786267
10103,0.04489178100999665
10104,0.33592647785368845
10105,0.2567858879511769
10106,0.34886492330224295
10113,0.11995656463985545
10115,0.4984928218798603
10116,0.4672875471425966
10117,0.3985173691984818
10118,0.5806401289936641
10119,0.6399102965962223
10121,0.5201986661311138
10123,0.9098545962073424
10125,0.16030506233184616
10127,0.25153476904378436
10129,0.15478964299329012
10130,0.8158605401823077
10131,0.5419636774243883
10133,0.9692835210470088
10136,0.5322906666850566
10137,0.8965430316879991
10138,0.5839675429927474
10139,0.6166537613746036
10140,0.8446965785196077
10144,0.2231596453813406
10145,0.8990933128753006
10146,0.1928994910891173
10147,0.37327114919059623
10150,0.28986185348219745
10151,0.8227019028558863
10154,0.7488653395159968
10155,0.3304562519255948
10159,0.9545609724018103
10161,0.8898116208066088
10164,0.7862818377334415
10165,0.35763504896178455
10166,0.16040521824338644
10167,0.8264956137825845
10170,0.6061876668985635
10171,0.7587478345466737
10174,0.32972274642931226
10176,0.5012328398005658
10178,0.118531374416622
10179,0.4533163783104292
10184,0.3739074407859917
10185,0.8503650718812961
10187,0.8508459460762986
10188,0.6696885853967252
10189,0.5470272688316898
10190,0.664426974342999
10191,0.2814431096362617
10192,0.224489767945966
10196,0.6607910162622713
10197,0.17821682770421987
10198,0.6577679551399885
10199,0.47377172809857504
10202,0.4018032774861211
10204,0.7189063467176049
10205,0.3660608155153422
10208,0.2398280180091359
10209,0.6558281639442467
10210,0.3703140565712481
10214,0.6185846724747656
10215,0.45339973361318753
10217,0.7221055918363533
10219,0.7649954829607375
10221,0.6173455816746443
10222,0.6259078279731484
10223,0.8740949279482617
10224,0.08759622337535747
10225,0.711582541083734
10226,0.8228659604001362
10232,0.5007682466439191
10233,0.4755726490820442
10234,0.7554283780185679
10235,0.8568075077992411
10236,0.4111471010033313
10237,0.26680550238660966
10238,0.7668622370658859
10241,0.8851633722451124
10242,0.18091647190385135
10244,0.6846127495860795
10246,0.7958261022165033
10247,0.5586055019844036
10249,0.4232685636065775
10250,0.3549142934145037
10255,0.3296009570058641
10257,0.8438911889080734
10260,0.5200633868972585
10261,0.7918557840300551
10262,0.8715670134953017
10263,0.7713595474895255
10264,0.5955934970056237
10266,0.23930063705114352
10268,0.3363593057953566
10269,0.2556874514919672
10270,0.5987238970461242
10271,0.30692897585156836
10273,0.33220885934571126
10274,0.5207946045998034
10276,0.6499247243100343
10277,0.4599388639687325
10280,0.16261042997824712
10281,0.5089783461017264
10283,0.9339783725378169
10284,0.11511747408364274
10285,0.3133330451450194
10286,0.6067392375897275
10287,0.8303625083061972
10293,0.5336837034663401
10298,0.6283886449446148
10303,0.7771604228366454
10306,0.39514516716403514
10307,0.5550887055139863
10308,0.81598426812242
10311,0.11897662212363366
10312,0.40330269250438433
10313,0.754734455878432
10316,0.6492445747643376
10318,0.43901827706720126
10319,0.2687281515945192
10321,0.361343694067881
10323,0.5744944854565658
10324,0.41616464257425984
10330,0.9700103292395841
10334,0.31239042429845904
10335,0.7037816890428263
10339,0.8626066787928568
10341,0.5701402183990819
10342,0.5733043203829982
10346,0.34454141581997333
10347,0.7516345690363363
10355,0.2966949593597354
10359,0.09865322126599789
10362,0.4527312279711622
10365,0.26055347597237816
10367,0.49790002353322577
10374,0.48695682676526914
10379,0.14070153062396978
10381,0.2642690579701934
10382,0.49005862435964875
10383,0.7191955044846072
10384,0.7253730007169361
10388,0.40965478969894076
10389,0.9217231178988783
10390,0.5248808067897303
10391,0.7461389883668352
10394,0.4748496594910892
10396,0.35542284368613136
10397,0.5634815758791092
10398,0.5955406569790705
10400,0.754923152658812
10402,0.3827759488316138
10404,0.3709850500996199
10405,0.3999945982983929
10406,0.5690866578640702
10407,0.7400070650914581
10410,0.9880034873237885
10411,0.48508310080773365
10412,0.35030972094311286
10423,0.25025608707785985
10426,0.3873816662003701
10427,0.6001773328874238
10429,0.4101197340147432
10430,0.4617204194548501
10431,0.7711432848118354
10432,0.4884810097895698
10438,0.14101013977167073
10439,0.5719876061340162
10440,0.6792498792136971
10441,0.39899545925908975
10442,0.4697092676267662
10445,0.6901050879423468
10448,0.869762681801901
10449,0.06367951953760499
10451,0.32194758370414306
10452,0.46305136934630914
10454,0.7897418061724772
10455,0.23792688620036112
10456,0.5477845005998692
10458,0.5757039775266591
10462,0.8244015799869362
10464,0.3523740224817361
10465,0.2572632021767771
10467,0.22545426444591518
10468,0.15221528980526453
10469,0.7828763426065382
10470,0.8184986753687523
10473,0.8923045249847921
10477,0.5024043794223927
10478,0.6007511800636774
10479,0.723858768190286
10480,0.5257099650424163
10481,0.9071906587082866
10483,0.5682649306915509
10484,0.7206717682046603
10485,0.1396543299735664
10486,0.2666409012031325
10487,0.8020362564793817
10490,0.7236105828654966
10494,0.1541673246769067
10495,0.5433091966121206
10496,0.3857335719937185
10497,0.7188908060149939
10500,0.13939323851964452
10509,0.8735466909326558
10511,0.5573653769305605
10514,0.7523982138669563
10518,0.4913310060222199
10520,0.5438976776778072
10521,0.629837032761068
10522,0.6637455896199878
10523,0.3299259564572566
10524,0.8650771124469097
10526,0.7834688465883815
10527,0.7993723626546364
10530,0.7307347065105433
10532,0.6336292544536956
10533,0.9704915073394554
10534,0.7571264368545544
10536,0.7976863233051822
10537,0.3198062287866327
10539,0.8429285742789151
10542,0.3146848006787508
10545,0.3626689195101595
10550,0.8659939452709714
10552,0.6045817779535901
10554,0.07143854600332612
10556,0.4085203200236624
10557,0.199987926284422
10559,0.7852072491958466
10564,0.1690940913651333
10565,0.3442274512900868
10566,0.4903888580512031
10567,0.6539914663358867
10569,0.8383546611950267
10573,0.58452484467803
10574,0.6675239197584764
10580,0.9103603366706564
10582,0.4620577310457604
10585,0.6166575026566357
10587,0.7571989446673303
10590,0.6070892910604377
10591,0.6255526402305286
10593,0.5619004340954852
10596,0.34926687595773387
10599,0.6407458975659998
10600,0.4765859558289877
10601,0.5253721590789971
10603,0.25954058205146596
10606,0.5811208752595876
10607,0.32714554337707574
10610,0.7649711815481703
10611,0.8925866827493714
10613,0.635598497231744
10615,0.6551682695636601
10620,0.3456148454830744
10622,0.30030174178889785
10623,0.36103102123237524
10624,0.35230796647807444
10625,0.34103176037904104
10626,0.8204449494732751
10627,0.5321459952808154
10628,0.6717121957160432
10634,0.20666163758062658
10635,0.5648972990616703
10636,0.7323737799690672
10637,0.37030464994212886
10640,0.31322772149477396
10643,0.5025826713158806
10644,0.300672641936669
10645,0.2260294162859437
10646,0.4791268306679769
10649,0.1193441018771018
10651,0.6670126890028453
10653,0.43204916542981686
10654,0.772842264510737
10656,0.5692415419082963
10659,0.5804363022805459
10660,0.43747944055881005
10661,0.8421471722790899
10667,0.7373467319093732
10668,0.37087160801595576
10669,0.9179383248882875
10670,0.8112530804077027
10671,0.329943762351133
10672,0.36755537394947985
10673,0.23090549230048127
10674,0.6718153086207729
10676,0.7924203966665895
10680,0.6302480770707425
10681,0.36217129899837297
10686,0.7293262909934453
10688,0.8608331364847205
10690,0.18558383516427954
10692,0.2416422439692165
10695,0.4796455926675485
10698,0.9285930157625616
10700,0.6520936808466401
10704,0.20532767178733022
10705,0.5713566138237444
10706,0.22790600470880368
10710,0.4749430576574531
10713,0.5242335481979417
10716,0.9122050858251015
10717,0.8399479186946249
10724,0.07334827325147142
10725,0.4074131155706407
10726,0.34650533392028415
10730,0.2942650252035135
10732,0.8713769812072861
10733,0.5868156963815373
10734,0.6899726802451659
10735,0.9166771362307082
10738,0.8710280470759667
10739,0.3729817935179517
10741,0.6046610915113773
10744,0.4167557876831362
10745,0.3114245150842852
10748,0.31785311218841783
10750,0.1744682959887216
10751,0.7640497223097543
10753,0.08511690476248027
10754,0.2573416374923353
10755,0.2533669078158234
10756,0.753704052633571
10757,0.5228818269939908
10760,0.18332532134109278
10761,0.47681140348025464
10764,0.6029253272053544
10765,0.7706866403450212
10768,0.4360878416163979
10771,0.722134774241552
10772,0.5179769492872021
10776,0.11716202312005464
10779,0.07832281920812759
10780,0.17177142229674516
10781,0.28139743565270625
10783,0.7398769540512069
10784,0.5285661926183813
10789,0.1843277190959853
10790,0.6004410886202007
10791,0.7565211805974642
10793,0.6416047259888134
10794,0.5060098825988143
10799,0.7458947221757193
10802,0.29172332558697134
10805,0.923242690491302
10806,0.3036506092691226
10807,0.9684928707470336
10808,0.7182579779322044
10813,0.5082937214370463
10815,0.710300734404451
10816,0.9158245790921491
10819,0.7154607766257771
10821,0.5373050927569698
10822,0.15563123171624102
10823,0.12660779113625004
10827,0.5569377359495592
10831,0.3780511918072812
10832,0.4753644307384417
10834,0.22265158957768216
10835,0.497658922338351
10836,0.35598410379760675
10839,0.8932407334537318
10840,0.8527582674420061
10842,0.12453812040173909
10843,0.6264260946242994
10845,0.8090673444962894
10846,0.8016773210616155
10847,0.564866485109057
10848,0.8109104020006381
10849,0.38357171813330765
10852,0.3738369491630061
10854,0.09551893751217601
10855,0.013497486735657144
10856,0.3358859231535
10858,0.573080562358486
10861,0.3037060599395843
10863,0.4870666645135135
10864,0.5800957508781761
10865,0.21388081891639926
10868,0.6879741494684102
10871,0.351352690129194
10873,0.4314292248600707
10875,0.41708028426518096
10878,0.8343139363710292
10880,0.8070905449690147
10881,0.4675084330637782
10882,0.8476725083072927
10883,0.6425258469616779
10884,0.6782266710063056
10885,0.6206593193351038
10886,0.26450371637992187
10890,0.6462949848741266
10893,0.38548210471099625
10897,0.45247499185024265
10898,0.17942518234048727
10900,0.7605162657687717
10904,0.2631876512958452
10905,0.19880500388188768
10908,0.6616689549494758
10909,0.12808082055778305
10910,0.7360405010558347
10911,0.09325266585958274
10912,0.6023106971098807
10913,0.5576072964979378
10915,0.30757287876268186
10917,0.3415469319812116
10918,0.5451349087699605
10919,0.3516071189987606
10927,0.43163325139951925
10932,0.5921286742546735
10933,0.2024544154834084
10934,0.4445859663158379
10937,0.7161174721731638
10939,0.37878527467400747
10941,0.8718613344554114
10943,0.3185929969281384
10944,0.5204528602266587
10945,0.24712855761443592
10946,0.7401353560712153
10947,0.9316523781795343
10948,0.24405652434481565
10952,0.7110650929854133
10953,0.40356687300569916
10954,0.792648488414915
10955,0.4175558471331107
10957,0.24947514916669386
10958,0.5418648862499262
10959,0.5191086223667905
10961,0.4198622851621882
10962,0.773807405376722
10963,0.8244965446322494
10965,0.3734728226401998
10966,0.7232511091857218
10967,0.24158224507134898
10969,0.5366106209553808
10970,0.3988727169164617
10971,0.27863904341711027
10978,0.5866952865914162
10979,0.4030406829439372
10982,0.36301383943156124
10985,0.2337815207847017
10986,0.53024421188503
10987,0.14105955449055665
10988,0.18671918832104
10989,0.4976957656727851
10990,0.764272013562845
10994,0.8513561374101193
10997,0.837531883414679
10999,0.46026239915730704
11002,0.7829252432621
11004,0.36952426530246246
11005,0.6770868561359814
11006,0.4475541295349267
11007,0.6281706988860964
11008,0.221100422474252
11011,0.9320848847009311
11012,0.09624251198583458
11014,0.6626934372886313
11015,0.5684388449094345
11017,0.75829594464278
11018,0.3328937060189055
11020,0.4164428442127791
11024,0.9503008782937685
11028,0.6775457446408215
11029,0.5786168642907846
11030,0.30709321366259906
11032,0.38746901541683504
11033,0.8196080281505324
11034,0.5956174497799483
11036,0.2555923429482157
11037,0.5683959278006836
11038,0.38459454639808355
11039,0.7277919821951342
11041,0.8047343577660933
11043,0.8421007035912597
11048,0.20401200130550437
11050,0.44249932163014627
11052,0.3796174917645821
11053,0.7494677520555328
11054,0.8104050687557602
11055,0.8954585164501155
11058,0.483568141898797
11059,0.22638117391474616
11060,0.8127125240710747
11061,0.754759466307293
11063,0.4917580724146787
11067,0.5467551619186317
11068,0.5344727749023197
11069,0.25179363955395956
11070,0.889257074005385
11078,0.26472121860924547
11079,0.1457595517939382
11080,0.09866269865524814
11081,0.569660417696473
11082,0.8016740999824133
11083,0.5441262822535896
11085,0.2644753605253826
11086,0.1773564123429695
11087,0.7986705130398177
11088,0.1656572951398521
11090,0.4355038587947786
11092,0.3439096361214977
11093,0.8538532769720639
11094,0.6866877117597173
11095,0.05823442315006371
11096,0.3589323299558751
11101,0.178734432147835
11102,0.3938824378881468
11104,0.7478487118422594
11107,0.4318166439713271
11108,0.274104949053093
11109,0.3624741557594816
11110,0.683914230991217
11111,0.6675725875529234
11115,0.41658298876112054
11117,0.9687700187658762
11118,0.3079463989353535
11122,0.7071830654606522
11129,0.7112684262336312
11130,0.11286389142484868
11131,0.5293468024614298
11132,0.23501510630146755
11133,0.711570158835694
11134,0.606923401754723
11135,0.3278991040373998
11136,0.4230553790591187
11137,0.7607207029842215
11143,0.8403725861395985
11144,0.49661075110437713
11147,0.67349442547135
11148,0.8818516663560213
11149,0.09888928925543312
11150,0.28233267004329915
11151,0.8054155415232415
11154,0.5332504378243971
11155,0.2116872323241849
11160,0.5690272348064904
11162,0.4197810242987433
11163,0.659985577310046
11166,0.1309480913363568
11167,0.6213249110281357
11168,0.25393721501504646
11170,0.9128395155130096
11172,0.7415732270668955
11174,0.29649317401846337
11175,0.7661925582609185
11176,0.3943052864896069
11177,0.9828741397238818
11178,0.2879330196961221
11179,0.3665986246330718
11181,0.47398664841912475
11182,0.7786488785462062
11184,0.727156392228548
11185,0.8134132162400735
11187,0.811916577651542
11188,0.8682851779563657
11190,0.4579013585884045
11191,0.6286088675293494
11193,0.1747624848569597
11194,0.452162159775194
11195,0.14635320071719807
11197,0.36500842717196785
11199,0.5292675737234411
11200,0.18717176248266823
11201,0.5078266666574413
11204,0.5673705822757993
11205,0.6274792215834062
11209,0.6763615307200594
11210,0.8282585701335755
11212,0.27277463998320073
11213,0.6850115562971094
11214,0.7374833461555383
11215,0.5163035110885961
11216,0.5741729936369073
11225,0.2779339716842126
11229,0.7174915639763679
11230,0.45642821406581435
11232,0.30193562706923
11233,0.13734959098694785
11234,0.5275732233815886
11240,0.8978189400614185
11241,0.8834909342943091
11243,0.2726585256289939
11245,0.6708538741623126
11247,0.6406964315155119
11248,0.6556264099263436
11249,0.33322196982960306
11251,0.4194846065912222
11253,0.2904298060918889
11254,0.2444312688774305
11255,0.405899715304624
11257,0.0521544369173057
11258,0.6746798054713088
11261,0.14644633273774965
11262,0.755378110638085
11263,0.7725450270305944
11266,0.3202584509567208
11267,0.6048374813149635
11268,0.49812690175314933
11269,0.36767659528209845
11270,0.45542192340301224
11271,0.8686698566301337
11274,0.13207272640489073
11275,0.7062629889109607
11276,0.08124971602621935
11278,0.8838792553037731
11279,0.8084320689327494
11280,0.4744801556502319
11281,0.17536099568700156
11283,0.5437583064658593
11284,0.8532169955537603
11288,0.1796735080109626
11291,0.4562161176763824
11292,0.46596197800899625
11294,0.2880835136216035
11297,0.7108216365227771
11299,0.42561371343969795
11302,0.09066252342288246
11307,0.6468187612692322
11308,0.6713249460298958
11309,0.1235701858220678
11312,0.826159338223221
11315,0.39010127009580714
11316,0.3005754305135443
11319,0.31438952736602954
11320,0.6077832346649173
11321,0.33988043223191927
11323,0.5065644287441036
11324,0.5572972694893926
11328,0.39309444344105143
11330,0.4660654465137464
11331,0.5207271404565805
11332,0.8124653166348288
11333,0.13737090833551988
11335,0.2838198642001184
11337,0.7728379497030523
11338,0.6296290597545876
11339,0.5431345256422628
11341,0.22811734536212513
11342,0.7066063761697632
11343,0.30017191968667467
11346,0.6332145845441587
11347,0.4358831822144715
11352,0.8083320030831203
11354,0.6446823900921914
11356,0.14217026045737652
11358,0.6425532360579588
11362,0.19487200430087268
11363,0.07504957822940259
11366,0.6153891622536246
11369,0.6969123090559077
11374,0.17672857233432795
11379,0.361895064875795
11380,0.9539650027480743
11385,0.7915302605524128
11386,0.37017782395303744
11390,0.555788387353167
11391,0.7053711649053545
11395,0.9005847703273346
11397,0.16495863348631226
11398,0.1525897021898498
11399,0.6096281079254599
11402,0.5705737143295592
11403,0.6344119386595042
11404,0.8757735513092789
11409,0.8180171902121107
11410,0.49564853430495764
11413,0.6078762451907568
11417,0.846442451933981
11419,0.5254147159385741
11423,0.3417152476923617
11424,0.5354739299703598
11427,0.42928667031047046
11430,0.3387134700799915
11431,0.7364098093051221
11433,0.6562915373625113
11436,0.1697565277912785
11437,0.8998953497934818
11440,0.43078897966714785
11441,0.4868282797758305
11442,0.7387642331366839
11443,0.9072567856895706
11444,0.7748674078617274
11446,0.7636339707255749
11449,0.26953693568505094
11450,0.9525133925377235
11452,0.5568189422610068
11456,0.6226494706986135
11458,0.173228703831598
11459,0.6803636542053781
11460,0.6581854132589179
11462,0.5775836448784508
11463,0.6009283508883252
11464,0.556211703541039
11468,0.7273466172411992
11470,0.4358873050473253
11473,0.7373499595931013
11474,0.1598148946683333
11475,0.16412163111240116
11477,0.8474554733946116
11478,0.360037438478887
11479,0.5905231360088847
11485,0.9661567609740177
11487,0.5131548618349241
11488,0.40226586053024904
11490,0.2258428408652569
11493,0.6410454949135064
11495,0.39878640108379454
11498,0.9918014714594308
11500,0.2759781478441191
11506,0.14150068682041517
11512,0.37064002583497296
11514,0.6979784846904784
11516,0.8943254467591494
11517,0.7422991039268073
11518,0.3343556670437021
11519,0.42953103763865624
11520,0.6165349330656722
11521,0.8136613874980569
11522,0.651689484162567
11523,0.38449382493540607
11528,0.6987833765994782
11529,0.2778431049105335
11530,0.13813574912230772
11532,0.7896397154638992
11537,0.4702716269207432
11538,0.5998821410654754
11540,0.48045545360769576
11541,0.5363266204083572
11546,0.3460459796904394
11547,0.5202076094419925
11548,0.3235258448804152
11552,0.15299910822066087
11553,0.27584320653056
11556,0.2247529150471123
11558,0.5450145218564716
11566,0.8751310862935405
11567,0.16301239955158153
11568,0.44000431955992897
11569,0.2552304342367216
11571,0.5961955083552426
11573,0.6494375605055053
11575,0.8736616540194158
11576,0.5801501651342816
11579,0.9028649887494168
11582,0.3176585957478707
11583,0.18879706252272604
11584,0.4634533483615489
11585,0.6034035368290809
11586,0.4631106290232998
11587,0.6743318605247836
11590,0.402390362635141
11597,0.9198990863304461
11599,0.7336529244882228
11601,0.34726191442786264
11602,0.40578979939387994
11604,0.10343859621942268
11605,0.08969785169892078
11606,0.5449499402892863
11607,0.828258259327262
11610,0.11077789165819608
11611,0.27534064528364893
11612,0.3817813229072929
11613,0.20446992995535615
11614,0.5192679449724641
11616,0.8458180348621094
11617,0.5529302897072349
11618,0.30400197428042347
11620,0.13680443659201297
11622,0.8114856339121721
11623,0.5403634724343105
11624,0.4387884649988273
11625,0.2693079028182504
11628,0.7932863471367865
11630,0.12292485202045843
11632,0.7681394049674802
11635,0.4187597942143959
11636,0.6928201297421476
11637,0.4973665397900555
11638,0.6946960905699384
11642,0.8429873211808028
11643,0.37393326197326904
11644,0.1927825663135209
11645,0.5449441042241575
11646,0.6523026323807208
11647,0.8435616764760366
11651,0.2736704024121849
11652,0.3287406287246451
11654,0.4921533244259728
11655,0.5274557303102495
11656,0.3644758815222987
11658,0.2128452566005867
11659,0.939924766588936
11662,0.44654592845398
11665,0.6706308346605357
11666,0.33390348616911725
11669,0.2604061654883331
11672,0.48539447407818453
11673,0.8759938076475169
11674,0.6250063071563675
11680,0.27200651466789855
11681,0.3785880324755295
11682,0.18244647281551513
11686,0.5566530936127476
11687,0.9528656133709253
11690,0.7848486057170273
11692,0.6123199258318134
11693,0.3664911437539339
11696,0.7612723974381149
11697,0.16071110554869175
11700,0.4646436119057733
11701,0.45229564661404514
11704,0.33330375720288663
11706,0.8339860911878454
11714,0.6142864941094235
11717,0.11403817597104626
11720,0.3445091800148949
11730,0.2090903159084164
11732,0.6262368455383113
11733,0.6383013624347684
11734,0.3563577504557879
11735,0.5015488099961061
11738,0.634379584260439
11739,0.8281880484484113
11740,0.85937550373687
11741,0.5877708857922676
11742,0.9060082875774805
11747,0.31062997920017826
11748,0.474372017437448
11750,0.21780413181615402
11752,0.6653413805075641
11754,0.9036110279094397
11756,0.5421290241481203
11759,0.46950025020844527
11762,0.530109867785592
11763,0.7094676054891745
11764,0.3386479974409467
11766,0.5526635631824525
11770,0.8728027642028015
11771,0.2776051573833309
11772,0.7999057536638419
11773,0.4744185927120548
11774,0.9813733992044057
11777,0.7010082932822512
11780,0.15530207921605693
11782,0.30316690069819213
11783,0.5296255381687155
11785,0.8976916927892933
11787,0.06270428721191894
11794,0.5322474192025608
11798,0.9047934121356193
11799,0.8626518610810805
11800,0.702562556576594
11801,0.7716001702692249
11803,0.14611389866142427
11804,0.6785360519504982
11805,0.5031288109084606
11807,0.6271014826244835
11808,0.5503955344438208
11811,0.46980687732812504
11812,0.11223220545376476
11813,0.7056689136673724
11814,0.226947498865788
11815,0.6116189533759352
11817,0.06186624427051206
11818,0.5323935865547957
11819,0.49196913121629443
11820,0.16641071708377814
11821,0.3034601126981226
11822,0.32012526663022284
11824,0.5183134317176459
11826,0.8569230456458364
11828,0.4145982865194191
11829,0.2157299259295759
11830,0.24331796638845743
11831,0.7186395132039964
11832,0.2381885808700384
11833,0.5926855782087195
11834,0.7256923566900727
11839,0.24579070267032388
11842,0.6580065294947222
11848,0.5893946964470189
11850,0.6901127201156526
11852,0.1480560802850958
11856,0.4056023664114143
11857,0.9171073279064428
11858,0.8016045404565337
11859,0.23518829361960214
11860,0.553248029377779
11868,0.6904637881349036
11869,0.7986624929476944
11870,0.8429956341143481
11873,0.10453653677314016
11876,0.23459058919167772
11881,0.6802942875941724
11884,0.9718431037693911
11886,0.8001727308388508
11888,0.4977711001417099
11889,0.40652129813428733
11891,0.8682585565510345
11892,0.3352244503339336
11894,0.5554303907422268
11896,0.23600394748101275
11900,0.34580361331229287
11902,0.16146206584440204
11903,0.9071496985949884
11904,0.9005432726256217
11910,0.717697061324236
11911,0.8154331019848959
11913,0.8811573971434501
11915,0.6517611267083928
11917,0.8560962179501782
11918,0.5372735913442956
11919,0.49049531316944267
11920,0.9329823363109816
11924,0.39649651807797553
11926,0.41759683703153566
11927,0.7486590322907763
11929,0.6925026608574043
11930,0.19109244080273205
11936,0.26045740682847246
11938,0.5534630302761362
11940,0.7164845370477689
11943,0.03667549737939247
11944,0.9459201948608307
11948,0.4792963135522659
11951,0.3633194694380882
11953,0.4384067363314735
11955,0.3437131171340542
11956,0.14690399579618352
11957,0.9048988324463916
11958,0.7203523864887711
11959,0.7654842540893092
11960,0.14871230221173926
11962,0.8128164179765427
11963,0.6573185710122764
11965,0.06738635633640706
11966,0.2755506932267693
11967,0.45998004367148076
11969,0.4075679308290602
11972,0.737761216522552
11975,0.17709410176992058
11976,0.9814388522781474
11979,0.6793552006539146
11980,0.08471212646096879
11981,0.7850503137896672
11982,0.2434849193536832
11983,0.8350242723456923
11986,0.4495366133320154
11987,0.7246759051753037
11988,0.7099021137228875
11989,0.27238898047402693
11990,0.02663130720237546
11992,0.2396727961796851
11995,0.6009562862862934
11996,0.43290891335601844
11999,0.8420802654346156
12000,0.1877794081126954
12001,0.6846680059057013
12003,0.24670060393288135
12005,0.8304340901848491
12007,0.6353077623582576
12010,0.10887916835026859
12012,0.6703628294839667
12013,0.39500124043048973
12014,0.46358544857742523
12015,0.7268273830355643
12017,0.8181787438471758
12018,0.6784986771920597
12021,0.17790034286144885
12022,0.5764389442956371
12023,0.4571095525434287
12024,0.3323888597422386
12029,0.791315931558428
12031,0.37470832040834634
12032,0.18676543175445762
12033,0.9259774582808965
12034,0.44892962434021394
12035,0.017377266931849076
12038,0.532614334758731
12039,0.8621429112934043
12040,0.4102126145368179
12041,0.4442347369298002
12043,0.36342072193362535
12046,0.561906607082268
12050,0.6497472593180312
12051,0.5764252922223861
12052,0.12048757410733525
12053,0.35594143808184797
12055,0.4658454257079294
12056,0.8423047997460563
12057,0.24558702815487676
12058,0.4715936033122951
12060,0.508372507909018
12061,0.8665871998401509
12063,0.8807592011572406
12066,0.7555753942949931
12067,0.41110246695039376
12072,0.1262755331005231
12073,0.08411295632559736
12076,0.7076483684119673
12077,0.6798224315071425
12078,0.5426930042891244
12080,0.30905224879220317
12082,0.929330276093932
12083,0.7591287508971205
12086,0.16922340098914415
12090,0.4516288104522439
12094,0.6671535679124961
12095,0.2063224105416519
12096,0.8702914714224689
12099,0.9139133356448236
12100,0.15781187512402825
12102,0.595384590747957
12103,0.8070473646521238
12104,0.7096067678163633
12105,0.09529657644680839
12106,0.6094134954650638
12107,0.6534721393061147
12109,0.17331574823003157
12110,0.5002206658660255
12111,0.4230719867479269
12114,0.9616314427321684
12119,0.7405660054403114
12120,0.7741022402581815
12121,0.34867984827269044
12122,0.4626241468882227
12123,0.38133969216761826
12125,0.7597787405631238
12126,0.09604224993071551
12127,0.22409114857229434
12130,0.5557274678521427
12133,0.8633501765695226
12134,0.774636609455992
12135,0.4955186608336655
12138,0.6277070437790365
12140,0.42289617543348856
12143,0.37536969995068814
12144,0.7793270564276863
12146,0.3836491552974099
12147,0.7757960029631505
12148,0.45491970213876626
12152,0.38670044453454544
12153,0.909761845938323
12161,0.8009947752549984
12162,0.3339085870371823
12163,0.24974503465212045
12166,0.14489780324784454
12168,0.905255766048875
12169,0.7054524418875434
12170,0.6874988973765884
12177,0.22744349346633283
12178,0.8873458080498741
12179,0.8294069651942201
12182,0.8434017997118683
12186,0.8035604030986293
12188,0.8011676119036448
12190,0.17153900567460928
12192,0.38311269308771506
12195,0.9248458978324721
12196,0.8203667229464037
12197,0.5134640236230515
12198,0.2825094442343329
12199,0.48849346663572396
12202,0.4617034045884213
12203,0.8121028631774458
12204,0.11273045486103009
12207,0.6843101436838132
12209,0.3767971029637847
12212,0.522296993126639
12215,0.43015993430467564
12216,0.15568713389736452
12217,0.7259459846876389
12218,0.5440740511687447
12219,0.19028336582357117
12220,0.432084724810439
12222,0.8610901944637085
12224,0.675470924516212
12227,0.12268916028810282
12229,0.3541078202150775
12230,0.3621845061704035
12232,0.30217702464076596
12234,0.2639308628690449
12238,0.7041847248231409
12239,0.8667293695012858
12240,0.14198218292088507
12241,0.34786372908583524
12242,0.48739716251179266
12244,0.1258449806920507
12245,0.6360753798939596
12246,0.8063220136180193
12247,0.6476546237867827
12252,0.6737923031487931
12256,0.8976072574060828
12259,0.8578472621377145
12260,0.48266604975078076
12263,0.5244530717049486
12264,0.15949752144468185
12265,0.6330348950200311
12268,0.09456103724224292
12271,0.7372263075869088
12277,0.2065505400721851
12278,0.03760684846086451
12279,0.482440135985089
12280,0.18529623853680663
12281,0.4678751154539442
12285,0.11122822229874402
12289,0.8232367321977855
12291,0.6386803177460629
12296,0.3139247231926478
12297,0.9014429091057944
12298,0.6363409557224765
12299,0.06170949267500127
12301,0.22324587210758587
12302,0.4720901259804646
12303,0.26088931965123463
12304,0.435429645261685
12305,0.3147885508948028
12309,0.701823837322112
12310,0.4116549040130153
12312,0.8320495213985093
12313,0.5919134590831867
12315,0.36365774542491097
12318,0.6017071467248527
12319,0.28398035188081494
12321,0.4402539274431311
12325,0.3445483203169989
12327,0.8271596387115572
12330,0.9820432113950996
12335,0.5737102407628037
12337,0.7175275451879888
12339,0.4441143980068286
12344,0.47400615415321956
12346,0.4536775650542521
12347,0.5353670027562383
12351,0.4298323414109904
12352,0.15532024319182386
12355,0.3846072862933183
12358,0.38546927882337945
12360,0.23502642555853512
12363,0.09779404870331423
12368,0.6707951537988875
12370,0.36643404453470885
12372,0.023993165470210652
12373,0.43258484052661317
12374,0.4359616205222244
12377,0.8866755668056179
12381,0.7735856252514187
12385,0.11259952299090412
12387,0.5891206869132526
12388,0.7986878465800392
12394,0.517563396193082
12396,0.9459910022567992
12397,0.4364011214506871
12399,0.1472592252482059
12400,0.4351495913662173
12401,0.7408518843725287
12403,0.14147517161311524
12406,0.7339519659784082
12407,0.9073584853155024
12408,0.46420381410288986
12409,0.13598888686251992
12410,0.43008261680865906
12412,0.47798978231765643
12414,0.6496554450584594
12422,0.5200615689730893
12425,0.6442004451588912
12426,0.2937628071953547
12427,0.7503141534073146
12428,0.24538548408774466
12430,0.36681651110906915
12431,0.6124814298777593
12432,0.5162989586930258
12434,0.7688264123334351
12435,0.9590841243638514
12443,0.23063434181921966
12446,0.86893718900405
12448,0.22401906663125487
12449,0.5409244785403499
12453,0.31451269553852335
12455,0.3223437747410488
12457,0.6348548874534751
12459,0.662786648537513
12460,0.6204705302982091
12462,0.6624761719850742
12466,0.37626546541219863
12468,0.30813302915541546
12471,0.428819092817085
12472,0.28570635075435374
12477,0.7744045242744481
12480,0.575460795837236
12484,0.4722555315431296
12487,0.5619937445568273
12488,0.38035413485513864
12489,0.23920565619004278
12490,0.20567862300425516
12491,0.7725720128689326
12493,0.9388560892821014
12494,0.6023035505391479
12495,0.43486921080431074
12496,0.2943589915084494
12497,0.43621447308261696
12498,0.5480071895227646
12499,0.7342107907535298
12503,0.8101074954788368
12506,0.4768105013088631
12507,0.0842954679730484
12509,0.7547351877389695
12511,0.6412531686917428
12514,0.8872118297785915
12516,0.42930036790927384
12518,0.24249527614416608
12519,0.5624468358367861
12520,0.44374929083248904
12521,0.7740100919245703
12522,0.46609305868379314
12524,0.705818311837593
12529,0.8663486676739971
12530,0.13068206946172947
12531,0.4540099369679694
12532,0.5548417688722983
12535,0.3025095754705856
12536,0.5420321359768642
12537,0.41979841918956534
12539,0.5304824303632752
12540,0.6458291271736041
12541,0.05967340401431859
12544,0.4680860695177572
12546,0.5880362677723727
12547,0.8873193499399378
12550,0.7287663361705777
12551,0.33167355287206385
12553,0.8479459185151081
12554,0.45604545005630803
12558,0.5711848531792949
12559,0.4307791291103873
12560,0.6455197770722984
12562,0.36130486980383303
12563,0.7337576598119345
12572,0.5291304626154648
12574,0.11405115583492656
12575,0.36232668150549335
12576,0.789059594149825
12577,0.6446045063631671
12579,0.10346286337175296
12585,0.118238183979046
12586,0.8258125374263814
12588,0.6057647701557769
12591,0.5313932251074018
12592,0.25711191342567724
12593,0.7446277346185968
12595,0.3020075691538262
12596,0.6552773984511001
12597,0.9036960539917115
12598,0.5866429018523198
12599,0.5407342567994927
12603,0.8347337996493905
12606,0.5091953614759199
12607,0.8654248968236151
12608,0.965922829054006
12609,0.8244329873123457
12610,0.3341504657653384
12612,0.6044922919107393
12613,0.6420787968030939
12618,0.5444667057876539
12619,0.1521374477164742
12625,0.10687179431889714
12626,0.06847280767200713
12630,0.36307100518764523
12632,0.5714579841843914
12637,0.38439303200162356
12639,0.5943613752545904
12643,0.7007885507592584
12645,0.5028439071282329
12646,0.8445322144607499
12650,0.041951112016506614
12653,0.8772267895656827
12657,0.4294812623258315
12658,0.8616106031268547
12662,0.7831072708284332
12665,0.41933425615943676
12668,0.577783470573152
12676,0.9341852380020648
12678,0.41214687137000966
12680,0.8481521098624086
12682,0.6292271046196095
12683,0.8170873926737827
12684,0.6544376894728551
12686,0.8478708349622294
12687,0.2245938085574449
12690,0.46777388724717395
12697,0.07694473516461756
12700,0.30940017501248124
12701,0.13101725121692717
12702,0.21548030506113267
12703,0.6270458263308125
12707,0.08692416027112294
12710,0.09165323602474962
12712,0.6151816711558348
12717,0.6714114397534358
12718,0.591627653159127
12719,0.8066062293575265
12720,0.4957037223888825
12723,0.488031438011993
12725,0.25736863802547555
12727,0.12226552806752367
12728,0.38999179152679425
12729,0.30649294886814965
12731,0.7560787877938676
12734,0.47377520568266956
12736,0.8211500635989962
12737,0.7216145940119728
12738,0.5026153627122436
12740,0.6572213997353831
12742,0.6981383872932538
12743,0.1891672610485558
12744,0.5887548939797632
12748,0.5603025243231716
12752,0.11618416309306008
12754,0.3195626276635294
12758,0.28026414286789986
12759,0.8616339576914716
12762,0.8659607644775753
12764,0.8194175331279675
12766,0.37692647458433254
12767,0.600413509179419
12771,0.6131312483116954
12775,0.7253321117795889
12776,0.46781120788909636
12778,0.35080081202505115
12779,0.37662689839904323
12780,0.8527856165015215
12782,0.8390621619900422
12783,0.7905343408119206
12784,0.7589247630768409
12788,0.8046646002901258
12790,0.15553483097416293
12794,0.7253259595926611
12798,0.5164575783514521
12799,0.578602425516843
12800,0.24432524078426798
12801,0.6351418413566018
12803,0.8621423008268209
12805,0.2984411302849758
12806,0.2069359574306226
12812,0.16034266715985623
12813,0.9678691238760205
12814,0.7335218515787049
12815,0.7028555658926766
12817,0.5607118318317849
12819,0.5600150048743805
12820,0.07802581110837803
12823,0.6142842465308541
12824,0.31071477327643465
12829,0.9180093966204846
12830,0.8548175659748568
12831,0.37527318242205654
12832,0.6906789520061029
12837,0.33932684653356504
12838,0.7970804330678486
12839,0.4535049521076854
12842,0.1289209513493185
12845,0.5123307379543464
12847,0.38678153427561696
12848,0.38479158829337995
12850,0.4120861971415463
12852,0.2799681724817871
12853,0.84185248460209
12854,0.5145086625580954
12855,0.4988285133446318
12856,0.8035124883583897
12858,0.5257159881390197
12860,0.691673169609991
12862,0.8067122013005454
12871,0.7794052354767985
12876,0.93227852131605
12877,0.7766889068304361
12878,0.5669137199284882
12879,0.4100704063307433
12884,0.3941142470218243
12885,0.5006345993353112
12886,0.16808320152002842
12887,0.5533058982700011
12891,0.49430744236779356
12892,0.7860062040176831
12894,0.3889213448451909
12897,0.7308192107671945
12899,0.578010875985993
12901,0.3015438210313355
12903,0.2811424679038994
12906,0.4290125288602965
12909,0.4916004042041225
12910,0.20360057338040224
12911,0.27841098572342715
12913,0.1530605968433641
12915,0.5949244974908438
12916,0.6008502436438687
12917,0.6568578776980404
12919,0.44015384072677155
12923,0.9791254801206852
12924,0.2211757481622591
12928,0.7342354602609613
12929,0.66756737778771
12933,0.7925745387436711
12935,0.1564797607645812
12936,0.5565041385765012
12938,0.5793191616022313
12939,0.873201178259492
12940,0.7215063962063247
12943,0.3247544231069065
12944,0.8149098243374258
12948,0.6640065983712056
12950,0.16143959720817058
12951,0.5201875986588871
12952,0.8941527090112573
12954,0.2510982435294198
12956,0.7066863198535221
12961,0.374957734959524
12964,0.2615793157697705
12966,0.4028520515165268
12967,0.17776193598996748
12968,0.8420458981997206
12970,0.15344565532873136
12971,0.5634285977295306
12977,0.337661237830657
12980,0.8295301164014551
12983,0.46507039573395764
12984,0.24823655510668166
12986,0.17610908195665995
12987,0.45182486521855675
12989,0.4500846071950488
12991,0.8849001616485793
12993,0.5906036800857495
12997,0.5522327829353986
12999,0.5984477447363777
13008,0.5001658302253047
13009,0.05688240244388993
13011,0.5271734596823157
13013,0.2452059563109064
13016,0.9983500339387975
13017,0.749917034792144
13018,0.7842310228850762
13019,0.63464104912084
13020,0.19809549048204794
13023,0.15563776775525956
13026,0.7182629722382574
13029,0.3691036909550087
13030,0.4660809981088353
13031,0.6308681601207298
13032,0.16004324755352187
13034,0.7411243380099324
13035,0.6020041481429605
13036,0.2794928998353812
13037,0.2676166792700461
13039,0.10001933317488701
13042,0.6136713806584361
13044,0.6920030363350979
13045,0.6351040471766742
13049,0.6257887440176934
13051,0.5744957249448923
13052,0.36118870269902703
13053,0.9017115031773539
13055,0.22119759113552023
13058,0.4241817238466197
13060,0.7264594190221308
13061,0.7848058861052812
13064,0.546452947977902
13068,0.5557483143625555
13076,0.8439639562053992
13079,0.23921908430199418
13084,0.8382539418794878
13087,0.6684025838461267
13089,0.4539806575990437
13090,0.8364701365013483
13091,0.39612643442449136
13093,0.48660679761578096
13098,0.8240269087472972
13100,0.034135577582264556
13101,0.8772181014150605
13103,0.791874003438659
13106,0.4517935227934303
13107,0.9346679716119557
13108,0.11573994371058323
13109,0.6231775945525269
13110,0.7998519191942275
13111,0.6117545873730623
13115,0.41425211647278626
13117,0.6665327070014145
13120,0.6944179557458491
13121,0.07400157850304563
13122,0.3739977093894139
13123,0.8815699709190927
13124,0.7856329095309256
13125,0.9267571601481501
13126,0.5677016551704289
13128,0.7855535463183141
13130,0.457861685920906
13132,0.474165559606954
13135,0.24864921695370445
13136,0.9816088716998445
13138,0.2506964261447358
13139,0.4443213812670573
13140,0.819256001888967
13141,0.804220300011626
13142,0.4715572666924447
13143,0.7273017539382679
13148,0.08950242129584633
13151,0.2481278914930566
13153,0.3879866013952305
13156,0.9677106105609312
13157,0.2548181919279029
13158,0.47678980015699796
13159,0.14284653839476674
13165,0.22149021847246267
13166,0.2714075487190913
13167,0.8465021145000653
13170,0.360274434778342
13175,0.790962029864812
13176,0.6611703472296562
13177,0.49472140553611565
13179,0.8944116342242642
13181,0.310372337461285
13182,0.5935097451084625
13184,0.19626160383880353
13185,0.24803209699915565
13186,0.6544616832842667
13187,0.8284842940916776
13188,0.5685630051732609
13189,0.4406495426172689
13191,0.14612260895859885
13195,0.14087400733180722
13196,0.3573557963006913
13198,0.8744139513249398
13199,0.2243043988033422
13200,0.7020676612254702
13201,0.6628371194295849
13203,0.7802427283759885
13206,0.7140433878127936
13209,0.2004029813742036
13210,0.7819203497489033
13213,0.5313110848253048
13214,0.6786517242202623
13218,0.20821326068554802
13219,0.7789304460466242
13221,0.6062516189135677
13226,0.3235539380947138
13227,0.22153961961760102
13229,0.07466468017486953
13230,0.056732923413826755
13231,0.19680658674562634
13236,0.11072503505266736
13237,0.4251760412780247
13238,0.7870207045144308
13240,0.2461782587308302
13241,0.2989296068117671
13243,0.7963989616073432
13245,0.5798363484940338
13247,0.13944204094761317
13250,0.25961116408026197
13252,0.21355434271898094
13259,0.354096845802291
13260,0.8294587267514258
13261,0.4519903549880883
13262,0.5473496613134556
13263,0.43351813995141203
13267,0.373127671483637
13273,0.3256478004656893
13275,0.5266791811410324
13276,0.15205642712091821
13280,0.5637958912372439
13281,0.6160219432375978
13284,0.44742258139963287
13285,0.3935797055504433
13286,0.6551237619209229
13289,0.7965297103070273
13290,0.7727424822206453
13295,0.7025994023302445
13298,0.2767611546440558
13299,0.47224222711861347
13300,0.7178132226633094
13302,0.8191694418219031
13303,0.25194752003156196
13306,0.5968412938251115
13307,0.42898525082442834
13309,0.7640641846034187
13310,0.6047377083862424
13312,0.22850178304040275
13319,0.13543524533413553
13320,0.5697694419004217
13321,0.39087882093533965
13330,0.061934225928060846
13332,0.5966948379611144
13334,0.6292392398733611
13336,0.5548076218885938
13337,0.62812634310747
13340,0.7948582415358717
13341,0.36044934404747825
13342,0.9149048765712084
13343,0.7023848377729779
13346,0.13219141268504
13347,0.886272845006999
13352,0.9535377061153547
13353,0.6267150607529318
13354,0.6107355530543533
13355,0.54494315178569
13362,0.1779184858736646
13364,0.39699269093369305
13366,0.12700122000554098
13368,0.3617884879660817
13370,0.29034327543356225
13371,0.5626844504933611
13373,0.6897208067469671
13375,0.42972292030661174
13377,0.22229192425966474
13382,0.696953659332939
13383,0.3935773553875464
13385,0.08016610263232701
13390,0.4741175582646992
13391,0.77665138230744
13393,0.8265328125933163
13397,0.7233488356576315
13398,0.10069183262389769
13402,0.8857126354965481
13403,0.5296133142011059
13405,0.6865339579307107
13409,0.2904636277146813
13411,0.6326563662003403
13412,0.31160281474549495
13422,0.62063451920607
13423,0.6201025268587486
13425,0.7229402968705252
13426,0.5284695344813054
13427,0.3473595907159891
13428,0.7605393768677396
13432,0.48974876928043737
13436,0.19197054360677726
13438,0.5140741161293465
13440,0.43903442461029013
13443,0.2117693026396587
13444,0.08181996082689343
13447,0.20411458894729018
13448,0.10199637522918105
13451,0.9330865214172587
13452,0.4208335451513928
13454,0.24854435622053697
13455,0.20359482475561452
13460,0.4473763188221244
13461,0.5805844049013186
13462,0.08642258737060055
13464,0.35983528216968713
13467,0.5483146302340953
13469,0.7270248630785894
13470,0.045254588517679425
13471,0.40442948373619747
13472,0.8973483008156186
13477,0.9583868108735115
13478,0.8840980238258325
13479,0.23699352594018944
13482,0.5342599037024419
13484,0.2043869286483983
13485,0.609786570349146
13486,0.684565507991127
13488,0.3193558585672689
13489,0.4788679870885018
13492,0.18233321067685254
13493,0.27670538452852567
13494,0.6455369212016803
13495,0.7747245132694806
13496,0.5249320469894448
13497,0.42357506216982554
13500,0.8493030840596777
13501,0.2022644348357642
13507,0.8172465027059016
13509,0.7747836899011383
13510,0.32260994265140286
13512,0.6666352708133525
13514,0.558912621717628
13515,0.3731438064794139
13517,0.178104348335551
13522,0.15470187882750622
13523,0.4300623474418106
13524,0.8373928766894133
13525,0.598093135725527
13526,0.3308992845295536
13528,0.3515877380810479
13533,0.9243797775849987
13534,0.46690585701585896
13535,0.7680200256272721
13539,0.31600438004602277
13540,0.5443760781194084
13542,0.7965328311718032
13543,0.3604216013698719
13544,0.44570210227452317
13547,0.5327920439946103
13549,0.23255373670285048
13552,0.755248463207772
13555,0.3558065883558646
13556,0.7616518500527576
13558,0.5965530701097564
13566,0.5028216108238087
13569,0.4692747323556168
13570,0.6749871289952045
13571,0.5932385383035936
13572,0.6171104959277777
13573,0.5969972234997077
13574,0.2503307631841367
13579,0.13726369563512683
13587,0.6644331209703205
13588,0.7585011198792124
13590,0.39664280313206346
13591,0.44533083644981963
13592,0.46006727124101876
13594,0.6856825116918691
13598,0.486375151089084
13600,0.4684716664476436
13601,0.42322317545289423
13604,0.5997335312281113
13605,0.09391321215471979
13607,0.5682418180496115
13609,0.37890978667133696
13610,0.5219767226397356
13611,0.13231784701881724
13614,0.8385999978307728
13621,0.53675026911526
13623,0.47200670171716314
13625,0.6625632201804151
13626,0.44814456946335973
13630,0.2821210009852205
13631,0.40318473909165786
13633,0.14228813031979567
13634,0.8090786560968628
13636,0.575987483985266
13637,0.6856212832895051
13639,0.666216838164987
13640,0.5442050685035102
13641,0.27740359887781896
13643,0.1690851420928585
13645,0.4102502323817612
13646,0.45454482259411677
13647,0.4048705368864771
13648,0.703406455638831
13655,0.2009668327189644
13657,0.2031988257182733
13658,0.35446621848288695
13659,0.7813615675235617
13660,0.5169966852821938
13661,0.3430436548274446
13662,0.851313031747441
13664,0.5560084238215495
13665,0.8698168338619698
13667,0.31051143705985385
13668,0.5065773905188106
13671,0.4780120559883717
13672,0.5877345241063293
13673,0.12611329797816584
13674,0.567986153603339
13675,0.1394696365511277
13676,0.5930436870513937
13677,0.21874136141557682
13678,0.5386864277758873
13679,0.6958761779448112
13681,0.39862009105552154
13683,0.6840894945237865
13684,0.862736080112964
13685,0.37207959755234604
13686,0.5660696723753506
13693,0.2881749723504403
13694,0.47215831905881434
13695,0.40068172299455684
13698,0.7773168077265727
13699,0.7699645771372828
13700,0.3115668233801721
13702,0.6119386374949569
13705,0.19835791995843058
13706,0.1549112522042315
13707,0.5123075696881547
13708,0.7453555461471979
13710,0.2808829410263816
13712,0.9121864161218394
13714,0.06529993721077325
13715,0.356700041145339
13717,0.3748056338942946
13718,0.2865238361325003
13724,0.5959486129125363
13725,0.2522348362734203
13728,0.2816566073654402
13730,0.7578870272266502
13732,0.43241686890838305
13733,0.34242479967831696
13736,0.2515626628406119
13737,0.5360680946810806
13743,0.010109320528298793
13744,0.16143958693034555
13745,0.4139969379140761
13748,0.33775792966163326
13750,0.37509143494221736
13764,0.3644655843062143
13765,0.5885791504938915
13767,0.16666586294331398
13768,0.7593629869946185
13769,0.30291121784101366
13770,0.914841855898373
13773,0.6727956232496518
13774,0.13786748197215185
13777,0.49598243975522605
13778,0.803263863233683
13779,0.5133583303085121
13780,0.29279092808039925
13784,0.42198521053224164
13788,0.6159965968410053
13796,0.633301290441502
13798,0.6637711195471212
13801,0.2790066545760934
13802,0.3484012072989324
13804,0.24157383966443188
13806,0.19208258737656875
13808,0.9526090611538458
13809,0.3995575580539956
13812,0.8645302265912838
13813,0.14216974444574507
13814,0.9400460902903786
13815,0.21338516332150312
13816,0.6536071623572492
13817,0.0735862574522013
13819,0.8964119882379419
13820,0.43151978873415087
13821,0.8016642908921322
13823,0.9476496625126865
13824,0.43399558414701445
13825,0.17842366588581757
13826,0.5048419896538436
13828,0.4759474617345722
13830,0.5143751670041776
13831,0.7642916964088607
13834,0.37725287531620966
13835,0.9833955540640282
13836,0.7113384703764773
13837,0.8490796625550697
13838,0.7853170865517196
13842,0.19540846808823337
13844,0.36830530261563943
13847,0.13668200993740479
13849,0.21115922984029126
13851,0.874610669575406
13854,0.5984275535866573
13855,0.533152667714211
13856,0.027473539102262752
13859,0.3707541473229875
13866,0.7417967018000151
13867,0.29181545157498284
13868,0.4073804762800868
13871,0.6434663133821188
13872,0.5952427764774597
13874,0.07604297300933724
13876,0.6113420592305163
13878,0.8431341122507579
13882,0.6977453368312038
13886,0.42020314557845967
13887,0.948250386638937
13891,0.47224689035040135
13893,0.7733957424506466
13897,0.7700898465529279
13901,0.7022430567479109
13902,0.7962618341028743
13906,0.4143373071247435
13908,0.5751025064533851
13909,0.9401954428656878
13910,0.6556211558508084
13912,0.4684774629191744
13913,0.8085215922191699
13915,0.2233345541239058
13916,0.10121446264994635
13918,0.29581730846792326
13920,0.7903905929456897
13923,0.7408054232468817
13924,0.7472458464540923
13926,0.7616869086657089
13937,0.5286921610159173
13938,0.27660378927426216
13939,0.647730909718009
13940,0.442253784799914
13941,0.9608993930713977
13942,0.13461740657764731
13943,0.3881941739311959
13945,0.5131642457694325
13950,0.7736959270376327
13951,0.32225903563807906
13952,0.8054112263364656
13953,0.7030641684337898
13954,0.6148803847814374
13955,0.6057069701048761
13957,0.13043013720200675
13959,0.3836180028837839
13960,0.5440644801958304
13965,0.1957535870991068
13966,0.847050317215896
13974,0.2988526186439565
13975,0.5051569929745524
13977,0.36615265061301777
13978,0.31545684903147503
13979,0.5096596387682821
13982,0.7712701388152062
13986,0.8433068297021448
13988,0.08648618423139466
13990,0.6476540897925308
13995,0.8490021426276856
13997,0.7848659454830937
14001,0.9831842964584313
14002,0.4628678751120986
14006,0.6303049695289225
14008,0.7222333849924447
14010,0.4807156646918231
14011,0.19906046951123593
14013,0.4171057725780583
14014,0.31644050964573583
14016,0.278036924392027
14020,0.5780012124983102
14021,0.3273610311735057
14023,0.7622072582596594
14026,0.3581554149822366
14028,0.5073593109722264
14029,0.929985147213476
14032,0.21021503649384535
14033,0.29617175134369317
14035,0.6792598730587253
14036,0.14374309975883817
14039,0.6634111777923466
14040,0.20642710985655824
14041,0.3956523529797457
14042,0.6238198375855709
14044,0.06490721113507994
14052,0.692125756833607
14054,0.467773222131742
14056,0.82457654748462
14061,0.3630672373232365
14062,0.5351053260515405
14064,0.6225375910761378
14065,0.8150265581220685
14066,0.6412093569789611
14068,0.32830686339718557
14076,0.41182610250547774
14077,0.38271085828801804
14081,0.6175082682301161
14083,0.33648894838375915
14085,0.7153892105077685
14086,0.3339868097340007
14087,0.8785027601627636
14096,0.23557791494497374
14097,0.4942676765904657
14100,0.7452707592008988
14101,0.4925969690218921
14103,0.4035933334686022
14104,0.3284776100543829
14105,0.07857295550989829
14106,0.5365928955775986
14107,0.7657953115071873
14110,0.29693775329364935
14112,0.25011632384951565
14116,0.770473458989067
14120,0.8689815892977537
14122,0.15983126631571395
14124,0.7795607713977877
14125,0.8329470525799985
14126,0.7342313624127196
14127,0.6644470870898216
14128,0.7101703187965149
14130,0.1490441798502081
14133,0.9286497685867643
14136,0.3134337190880632
14137,0.9716589428096144
14138,0.2985341674966403
14139,0.5662718022291767
14140,0.5078265093862768
14141,0.3760765933805474
14143,0.551511052538685
14144,0.2889640073420113
14147,0.7055679865745257
14148,0.6194824231489712
14151,0.9216633582826685
14154,0.7871776396644165
14157,0.29524774442270546
14161,0.7110044814411545
14163,0.40016336055390594
14166,0.31137140124450585
14167,0.6163180944796748
14168,0.30102564197496395
14169,0.9381501688139738
14170,0.24395528148706638
14171,0.6495148369711083
14172,0.18952190044017803
14173,0.20535723287816496
14174,0.09617407332654558
14175,0.481398450560822
14177,0.25392018985628345
14178,0.44234801585829275
14179,0.13241368269626314
14181,0.21010871770271541
14182,0.8923772450637437
14183,0.6911450826144226
14184,0.857757303524533
14186,0.10462960631853077
14187,0.04388273152272823
14188,0.5303835740494411
14190,0.7746823071087465
14193,0.15697917683763685
14195,0.5346954644152145
14197,0.8081903014318484
14198,0.6584625703481817
14200,0.25057481611965327
14202,0.06107201798574284
14210,0.7509941681371759
14211,0.04531442211484356
14212,0.5924818417359833
14215,0.4006159006188752
14216,0.4947397388850482
14217,0.5730048593760751
14218,0.886917062924465
14222,0.14190899037542382
14223,0.8760377587339822
14224,0.5827113268353264
14229,0.5250707367146537
14230,0.5414382674186411
14233,0.209134400877955
14235,0.8675084323707741
14237,0.24807366499956576
14240,0.3928383931358495
14241,0.8588750689277406
14242,0.5895841936937518
14244,0.9577248221880142
14245,0.06277366560260125
14246,0.49128016852243367
14247,0.3183871683730686
14248,0.5404347763583555
14250,0.6776546117682888
14251,0.867639037026544
14252,0.8381196498921182
14254,0.45890022356290233
14255,0.6935134830524918
14257,0.14702658255011525
14260,0.8091776594861482
14262,0.6528002718970561
14265,0.05296452024747191
14266,0.6657879526911734
14267,0.9166967083368888
14269,0.4565190310175263
14273,0.5884004440431003
14274,0.4889043363740292
14275,0.7302326158227543
14276,0.6299886340438348
14277,0.3005917703108045
14278,0.06795117057253165
14279,0.3516727611366953
14282,0.5329981927558444
14283,0.5654065947517869
14284,0.09510180258792986
14287,0.49185117344951246
14291,0.8792612570765779
14292,0.09685699461691212
14294,0.055961076616643256
14300,0.6590090510397253
14301,0.4803208671719106
14303,0.21444045481262713
14306,0.5835620758393683
14308,0.044029488931866076
14309,0.5792706990436607
14310,0.7586612682974452
14313,0.324074369205192
14314,0.14877115810406805
14315,0.40802503355895886
14316,0.16853918805088636
14319,0.751939527968783
14320,0.44298846187859015
14321,0.30044137402002613
14323,0.4739751364639784
14324,0.8148064172852818
14329,0.5082219570342738
14332,0.09826758030950392
14333,0.7622047677736605
14338,0.4114955656361921
14339,0.8065851565009269
14340,0.3403526791407728
14341,0.37938069699860677
14342,0.1579116574939752
14344,0.1940199323747604
14346,0.327085882993526
14348,0.4975929580830487
14352,0.26339269757036327
14354,0.5823540133780813
14355,0.7273592990676598
14358,0.6036996179765699
14359,0.5844251750071423
14360,0.49992588459307835
14361,0.719415994681856
14362,0.4304176436193216
14364,0.9053707677894917
14365,0.23081101965171477
14369,0.21588094674695094
14370,0.9602509485369712
14373,0.31600525899584236
14374,0.7889284422953273
14376,0.7342758780103585
14378,0.09067491785908278
14380,0.6543526692329479
14381,0.5379723601852234
14384,0.7521509251588742
14387,0.5237834284759881
14389,0.20358645007581852
14391,0.2892626458696204
14394,0.8074188053362442
14395,0.7032642334687481
14396,0.592831763348257
14398,0.37012423728451266
14399,0.26210830791831413
14402,0.27203497520047676
14405,0.4280313185320888
14408,0.5047018217778431
14409,0.4489050178143993
14410,0.3379556350907274
14411,0.20528387624181224
14412,0.549435685809974
14413,0.7592705922392718
14414,0.718031794467882
14416,0.3937204532054439
14421,0.43264483599745646
14422,0.7781994437353384
14423,0.8078994349729712
14424,0.04742817829414863
14425,0.1461719044122146
14426,0.35237097074743373
14427,0.7649724757808486
14430,0.9202129400426475
14432,0.41407579239385056
14435,0.019044356896870947
14436,0.42502802158925385
14438,0.9642883475665293
14439,0.8374507154455174
14440,0.39336118213681565
14442,0.3133501493504597
14443,0.8771183346918362
14444,0.3938813406487762
14449,0.43758424941504626
14450,0.09699552938182932
14456,0.3876818706599704
14457,0.12244245997761088
14458,0.7663545413827736
14460,0.504444946390454
14464,0.591679945507263
14465,0.8547791208657465
14466,0.3151663009205479
14467,0.14201803454313933
14469,0.713173677170048
14473,0.8996734263149481
14476,0.620241871794752
14477,0.7911965449129702
14479,0.9377170318648531
14480,0.7223924404983039
14482,0.17258632265269527
14483,0.8494721307808322
14484,0.456768440427282
14485,0.19431617788191047
14486,0.03849159589217294
14487,0.9327513839908383
14489,0.4578823632123476
14490,0.29196859011009396
14492,0.5564333809432916
14494,0.9091674351488107
14501,0.7213051563741555
14505,0.4980912330487668
14509,0.3040523839964081
14511,0.23486015670606325
14513,0.1984403054246939
14518,0.1907342364449883
14523,0.14520809817205335
14524,0.6936430375467366
14525,0.42704916494178236
14527,0.03293927524494865
14528,0.2218468496363878
14530,0.7809634992009533
14535,0.6444567624944467
14536,0.25948649010113434
14538,0.8088601511843241
14542,0.6788242944085418
14543,0.778462783423068
14544,0.5088098090999057
14545,0.5564792005175386
14547,0.8842263546061676
14548,0.5191140792290077
14550,0.15377355294619505
14553,0.7130040639534736
14554,0.41911976404190965
14556,0.5943518740196523
14557,0.9515541569904186
14558,0.16987800449736698
14562,0.8091969057317671
14570,0.299683901378285
14574,0.602742305851438
14575,0.8633658466020893
14577,0.16628910068089334
14579,0.25519038739440175
14580,0.2721209639529311
14581,0.46192796426598587
14582,0.9380681147661513
14585,0.42486752910084846
14586,0.6076245847344451
14591,0.42166402493899435
14595,0.4834724441633339
14598,0.9584952787339164
14599,0.5841878629905706
14601,0.23023625995117109
14602,0.21570917355535169
14608,0.6686960591532399
14609,0.6929226534615538
14611,0.7607211156898482
14612,0.730058751071376
14614,0.3930656680595355
14617,0.6692410932325289
14619,0.47014409590629624
14620,0.6489800929849817
14622,0.5556120073098856
14625,0.31858250352385564
14626,0.8402202250148466
14632,0.3677721223833301
14637,0.7438648154120477
14638,0.7169204834303632
14640,0.7306991246845423
14641,0.5108477417156283
14643,0.7239674423108784
14644,0.04215852938087281
14645,0.5276081212034583
14647,0.8933981290415827
14649,0.4866331678588642
14651,0.6556553793964357
14654,0.15920102817930193
14656,0.5799110980192898
14657,0.44805698898372015
14658,0.4194586661545409
14659,0.7938432633434791
14660,0.7669157254426188
14662,0.6161070227149651
14668,0.4450928107336516
14672,0.44425078696213993
14673,0.12612253380013508
14674,0.3954695990654251
14675,0.30816863721180315
14676,0.44280354195389116
14679,0.4134352523285489
14681,0.5890323085921574
14688,0.7915324792381989
14689,0.21258440862826322
14690,0.558815331920616
14691,0.3938969598111202
14692,0.36086161916706255
14694,0.21761851095064508
14695,0.46557593446413337
14697,0.8282866317970665
14700,0.5656722092649517
14702,0.3119604021694252
14705,0.2585211024150856
14711,0.45965195790001584
14712,0.13278151018416298
14715,0.6105041330453093
14717,0.19835765021811502
14718,0.6720179136889717
14720,0.7038849001517624
14724,0.5513742740625049
14725,0.8234428672014537
14729,0.0830160085279307
14730,0.6755604703431284
14733,0.9348680939775718
14734,0.3106607198952915
14735,0.2543484777327817
14738,0.6747735784291437
14741,0.28990668543167886
14743,0.5650920899045926
14744,0.7585507977657389
14746,0.5718302276910687
14747,0.5575994075254973
14748,0.6651306366737457
14751,0.8270357016339297
14752,0.661341098782033
14755,0.02770886921955337
14756,0.8276710415749076
14759,0.6722631629506712
14760,0.6877662965358209
14762,0.28667428597513006
14764,0.4149131430679731
14767,0.8022457613307764
14771,0.1762294498250585
14772,0.3849826848709932
14773,0.2916844558914409
14774,0.6722752176805556
14777,0.9114429159808233
14780,0.6602758637431
14781,0.6132962235907268
14785,0.9820775958283482
14786,0.6660826240891908
14790,0.7141615669954979
14791,0.3746354028366717
14796,0.20628329891282135
14797,0.798740492641618
14798,0.3146796342508654
14804,0.4412774686394647
14806,0.4023507215336777
14809,0.3884272129130383
14811,0.49510789297473834
14813,0.5571897336466277
14814,0.4030375807777822
14815,0.3709228838443994
14817,0.5335714138394854
14818,0.5748784612177886
14820,0.12447691617305849
14822,0.36442209337820125
14824,0.1461629111823399
14827,0.699913989922767
14830,0.2683678483940477
14831,0.32154845320355807
14836,0.3704838994713218
14837,0.04199548379093568
14840,0.3988986126255589
14842,0.03668109552461267
14845,0.10836114679440531
14846,0.5290183904955978
14848,0.707448500313452
14849,0.2851991292532257
14850,0.7751337933901736
14854,0.765811974424426
14856,0.4069709908066271
14858,0.6207460708395346
14859,0.48065067968700226
14860,0.12664679794026687
14861,0.2884337716029082
14864,0.6270298909187579
14865,0.6078196845057298
14866,0.697995285182348
14867,0.38870746576354004
14868,0.13654393173651466
14870,0.3557683996493934
14871,0.4576575970696374
14872,0.49050923814429226
14873,0.01645891622071065
14874,0.6123051062392276
14875,0.6143730376359137
14876,0.9640073435719203
14877,0.8774979006542779
14878,0.8599918878382118
14879,0.5350794924534891
14882,0.45171699734181026
14883,0.25636505790766834
14886,0.29746386388148927
14888,0.23880646297487088
14890,0.37923213738904016
14893,0.32436087710783845
14894,0.8027042045806204
14900,0.8001560655946288
14901,0.5521072663558311
14902,0.6776684930527413
14904,0.9500989571523523
14908,0.22663900958858615
14909,0.317977792969434
14910,0.7724100365264491
14911,0.7469569728817854
14913,0.5584810461737436
14914,0.6838646145188138
14916,0.218326443724127
14920,0.903399615039383
14921,0.17363002587763507
14924,0.9685659028114523
14925,0.49808859924810217
14926,0.40755079429304303
14927,0.5671783226449749
14931,0.570637973426015
14934,0.522121144405333
14935,0.5835035511296465
14936,0.010151869785653798
14939,0.6860192752344688
14940,0.28109023505401937
14941,0.7294153136499876
14942,0.11747400585225319
14943,0.42591646218666185
14945,0.8292069618018346
14947,0.5365315297341839
14949,0.5988107719834268
14951,0.6447601011950804
14954,0.07012482658389786
14956,0.9775871749306431
14958,0.20068376167355537
14960,0.9076540324922153
14962,0.2795390054505904
14964,0.25052395643109626
14966,0.8504236544940325
14968,0.22572757389367354
14969,0.7192300157427854
14970,0.24279209565717388
14972,0.7688441131188295
14976,0.5680052418310122
14977,0.6126571842339854
14979,0.5284414713680766
14980,0.18862496376875887
14981,0.1587589967975341
14982,0.4649931308666598
14983,0.4236053493583686
14984,0.5537650122880672
14986,0.4003125421670282
14990,0.2630313202253563
14994,0.3851816049595695
14995,0.7725162904742249
14999,0.7432763046183852
15000,0.8662705669235455
15001,0.7720954862702659
15003,0.2756508273354756
15005,0.6341666955060521
15008,0.7954162750827595
15009,0.6980584417235015
15010,0.7513782913505451
15013,0.35870798385705976
15014,0.19206917269883553
15015,0.39749382900202446
15016,0.5327697756298112
15017,0.37192910931095774
15022,0.4787673674507913
15023,0.35016141161825637
15025,0.8616896226093526
15026,0.18054639054854735
15027,0.6962619233057455
15028,0.1715098399576454
15032,0.4626953263349928
15035,0.6187684025833454
15036,0.48300383804486
15037,0.23498298279212562
15038,0.18878252146454552
15039,0.6821853717158907
15041,0.8332358080679176
15043,0.08982848596490643
15046,0.7630269039642877
15048,0.7392777197597981
15055,0.4147631073349135
15057,0.20032882549320033
15059,0.5352751416991693
15060,0.21565706263656398
15064,0.42187975310364045
15065,0.7621748050828595
15067,0.9495020788082639
15070,0.5366409926583715
15073,0.9205956032704659
15075,0.3246547232616497
15078,0.5318276557842753
15079,0.10336564723040183
15080,0.41104655249538197
15085,0.6288192865004646
15086,0.505020384872235
15087,0.029937657782827885
15088,0.20217560787091363
15091,0.20528011367025364
15096,0.24740762862101728
15097,0.8779423491027544
15099,0.41766566678128775
15102,0.4306707557579092
15105,0.7954963842544621
15112,0.34627192360669484
15113,0.3233068865350656
15114,0.5608937418217639
15115,0.5351972272077533
15117,0.6958964274496526
15125,0.5115405018887117
15126,0.4010676884749033
15127,0.3269248395942941
15136,0.6097511276088996
15139,0.11463250553221781
15141,0.7196876345489617
15143,0.5769830430575033
15145,0.564904393379544
15148,0.44532830339750606
15151,0.8271819016113124
15152,0.678388724710206
15153,0.32295368485820997
15154,0.45575754121377726
15155,0.17602631058049226
15162,0.37394223934565524
15163,0.2451092461785505
15164,0.11690455725504363
15169,0.4641146682868103
15170,0.8071759970335776
15175,0.5438963141497938
15178,0.6198131788884813
15183,0.1976637408725937
15184,0.7081832746130131
15186,0.27130338420901057
15188,0.7963981976243036
15193,0.6788062538121453
15196,0.2900400034777412
15198,0.41877646990963696
15199,0.43079467036997793
15200,0.41850633722589453
15202,0.5120664949011531
15206,0.5001075311720539
15207,0.4421760180866157
15213,0.8483445904442593
15214,0.7810546690163052
15215,0.9022858738539357
15216,0.27766143178890873
15218,0.0752518664449751
15219,0.40253907413978945
15221,0.7328230836563688
15222,0.2172321944096203
15224,0.9738411149459916
15226,0.5093532452935099
15227,0.6140548227965297
15228,0.12416060932774385
15229,0.5917061065792463
15230,0.35676336875230236
15231,0.7172847024572425
15232,0.8141618079907703
15233,0.5882928678817497
15238,0.02565107990862647
15249,0.5707054275547017
15250,0.7175481538864453
15251,0.3214354164600411
15252,0.25182339330846903
15256,0.6494680702322082
15259,0.13657081954236377
15262,0.33813942750271814
15263,0.6048060465799764
15264,0.21298371096180613
15266,0.2780349551749188
15268,0.2377866048258189
15270,0.8576024775576595
15271,0.8177044216960979
15277,0.8255094831714908
15279,0.18060239598555758
15280,0.4750673032215814
15287,0.823364167580525
15291,0.17836840989044803
15292,0.6801605480414235
15294,0.2661706652111202
15295,0.4778765456444062
15296,0.559949461594313
15298,0.17524304352880007
15299,0.5988948703938275
15300,0.5898622456692191
15301,0.6001345115027351
15302,0.05865409926054598
15303,0.5033761350047263
15306,0.6251234751210257
15307,0.4793410721427858
15311,0.4797704218896825
15312,0.5237640049461505
15315,0.9136537075937792
15316,0.8221029398010565
15317,0.21657747690883244
15325,0.5676593555966053
15326,0.4746457764149798
15328,0.35052476995029824
15330,0.2863673440990971
15333,0.03291792848085855
15337,0.42280521634602836
15339,0.4419067363774148
15341,0.37497978666671955
15343,0.9356690876045043
15344,0.9365657903310908
15345,0.6447528709843076
15348,0.08108273651775079
15349,0.6045245030231432
15352,0.5019093256158838
15353,0.7829251840578931
15356,0.2135126939491781
15358,0.24898165770154015
15359,0.6859760278684103
15365,0.3556674581316829
15367,0.17964797625971607
15369,0.6266477214817162
15371,0.6348663999933393
15372,0.23887824350256828
15373,0.6272174318576522
15374,0.29474824493682644
15376,0.2984493888294256
15377,0.7540105233614545
15378,0.6254025028949856
15379,0.6366252386818384
15380,0.8516085325275805
15385,0.8009232678613991
15387,0.4970015176277585
15388,0.39323816860932664
15389,0.7939876661068676
15391,0.4171107595162316
15392,0.7167310912493214
15394,0.40760241750195647
15395,0.3620807531005871
15396,0.4294186521750717
15397,0.6548764102865018
15400,0.3530750622661004
15401,0.7916338780302659
15404,0.42693455596579294
15406,0.14553384272659076
15407,0.5740648363622425
15410,0.5326348549801542
15412,0.12136752215074093
15413,0.3724562873499984
15414,0.4370909304125024
15415,0.3827026233138495
15417,0.7983461822944036
15418,0.4138076834798642
15419,0.023482351745718614
15423,0.34216800277427706
15424,0.15911012594152252
15425,0.6450804762674709
15429,0.7555908617084799
15430,0.37187149738779335
15432,0.8677237482073289
15433,0.6147776268818423
15434,0.5224842488694136
15435,0.8416850948574852
15440,0.40292206667086145
15444,0.6552231479703153
15445,0.7559653371977881
15446,0.7105205131771735
15447,0.9604914990642154
15448,0.7953795817412311
15450,0.1460998941033431
15451,0.46469562187558616
15453,0.11392964078172006
15455,0.8816147044586782
15458,0.5376962417942989
15460,0.32078173096487744
15461,0.8010583177435092
15463,0.2051092893385399
15464,0.5031338591173735
15469,0.43194383862338237
15470,0.7371725704698547
15471,0.30452911178930103
15477,0.28676130458172633
15480,0.9246365181748475
15484,0.7997028294011561
15485,0.2803561030775015
15486,0.5253114990031298
15487,0.7637332466299291
15488,0.7748646343238121
15489,0.3592978142778565
15491,0.7799847506590218
15494,0.4251523819765539
15497,0.1891985792320444
15502,0.8811594580924722
15504,0.3113067347829723
15507,0.36451650365712257
15510,0.8722874437842552
15511,0.4427594972319348
15516,0.46831586923583896
15523,0.33356755797227494
15524,0.989146545023581
15526,0.6308862277320482
15527,0.5543632870400954
15529,0.2728929988877412
15532,0.569115830499728
15533,0.8228825080656844
15534,0.10499491322875912
15536,0.4818023597556752
15541,0.2908228199917571
15542,0.35687407200447263
15544,0.839966336001005
15545,0.26129127565908067
15546,0.7688110227113955
15548,0.4676881398558299
15549,0.5859490383199001
15550,0.4797517342447913
15551,0.38109626326972895
15552,0.41494133126792365
15553,0.17710205973354357
15554,0.2940662586870575
15555,0.619731699150142
15557,0.669406184579624
15558,0.30553123545784194
15559,0.9521109974493358
15561,0.309751117925314
15562,0.3277343783840471
15565,0.3632670229816233
15566,0.037730363751740464
15567,0.27779035775843325
15568,0.27116979356475746
15569,0.19615793787804958
15575,0.19271400713048342
15578,0.34360237060175874
15579,0.6362712215907425
15584,0.4824104604194056
15590,0.7138117543407054
15593,0.2792876534749215
15594,0.6945972856428008
15595,0.13910248850737617
15597,0.6346489750823896
15598,0.4124430852742325
15600,0.11675764894736436
15608,0.15038859447302957
15609,0.2436789406824423
15611,0.6173311179062889
15612,0.2555850500008463
15614,0.597551148654746
15616,0.37714605560114806
15619,0.3777962964766566
15624,0.18150540268269105
15626,0.7247796724465615
15629,0.6952883615910013
15635,0.5951421885959964
15637,0.9214539543416179
15640,0.3839398838115115
15641,0.30589084888665286
15642,0.7556162652910263
15643,0.578764393911058
15645,0.19657177309209609
15648,0.3237843953584357
15649,0.7597675735106659
15653,0.44810973429458895
15654,0.653426919811087
15655,0.41759899260087135
15660,0.7536863885208083
15661,0.12955174743207476
15664,0.8650236712918946
15665,0.3246177625961752
15668,0.26666884191426754
15670,0.7523024430899833
15671,0.5817120932536531
15675,0.35981849821797207
15676,0.5129419409044619
15683,0.15534053920390575
15684,0.6425250263550085
15685,0.7695418793607415
15686,0.6858563738953315
15688,0.519799214383161
15690,0.543473660683748
15692,0.4558373429226804
15693,0.6911703627394512
15698,0.43180770398458435
15700,0.6726252948538521
15702,0.20839409534787923
15703,0.6664839291738713
15705,0.1775448909973612
15707,0.8178269907203758
15708,0.9000378178480263
15710,0.5636799584915285
15715,0.5912474122050144
15717,0.3239716952324933
15718,0.5537063969031474
15723,0.31104821196363397
15726,0.3855715367959744
15728,0.9219919631226473
15729,0.5197224527851477
15731,0.7518062164864904
15732,0.7637293809946859
15733,0.8819465395000948
15734,0.916905738796191
15735,0.7194506945317012
15736,0.7224220454216617
15737,0.62370880981709
15738,0.8868578771860909
15739,0.06523935143050646
15740,0.5542050818618336
15741,0.6260104971756228
15742,0.9694002526624808
15745,0.7872557137871435
15746,0.7996908096124723
15748,0.6243165134666492
15751,0.620519145506121
15752,0.004102864618261454
15755,0.9737839849750297
15759,0.2927832622593881
15762,0.4125090512185614
15763,0.7158597394662357
15767,0.6259997022506174
15770,0.6807388859734566
15773,0.47853529842297154
15774,0.7246514118613163
15775,0.7431141085927616
15776,0.8123246531306565
15777,0.3878277371658884
15778,0.9648383024233059
15780,0.03830105715720707
15781,0.7195468599472733
15786,0.7640596841697805
15788,0.7683668517660374
15789,0.34653731856039616
15792,0.866121562504712
15795,0.91293844434903
15797,0.3314529120148224
15799,0.8344917021330511
15800,0.15670494619399541
15804,0.1609438670426071
15806,0.08805594954865227
15808,0.8352198532472453
15809,0.6281855770489715
15811,0.7238898524348941
15813,0.424163512902073
15817,0.641010450763889
15819,0.09188471881631334
15821,0.4919027023893716
15825,0.732307290293812
15827,0.7156634076622973
15828,0.7824767537860169
15829,0.2068051810106186
15830,0.19520723336194337
15831,0.969853752146209
15832,0.8202161439607971
15836,0.7164208715012209
15839,0.24134957115920283
15840,0.8858777488728682
15841,0.4991086923426465
15842,0.6370112724673312
15843,0.8113251073765794
15844,0.7786507786574115
15846,0.8022959088122277
15849,0.01406775677331111
15851,0.18937393912090006
15852,0.7953663869620239
15855,0.40282665686658203
15857,0.6078706632476382
15858,0.53393250922768
15859,0.7771275165058623
15860,0.3904959916244261
15861,0.8962462044425344
15866,0.7116349135194444
15867,0.45048358462629995
15870,0.9101764610603481
15876,0.9105203417457005
15878,0.45846654375549406
15887,0.2880632564596383
15889,0.6566057893869891
15890,0.061681945703760954
15892,0.3295529513227961
15894,0.5361136142101536
15897,0.9163821170728094
15899,0.46341220075401685
15901,0.2719964318026609
15905,0.5997206296302061
15910,0.29440218846366184
15913,0.16321462714689672
15915,0.2867223325621985
15916,0.2799372538612294
15924,0.641805264307291
15926,0.6527981789004104
15927,0.42858548029423654
15932,0.4283035724284227
15935,0.4987450325772252
15936,0.9625407851289043
15937,0.4503395167248702
15940,0.6321917857822673
15941,0.6002345518645875
15942,0.33405863483419207
15953,0.22288922140024267
15954,0.23144438059774586
15955,0.34840915092311026
15956,0.21536865469291708
15958,0.42507297650870146
15961,0.43482568426607615
15962,0.44507072795377417
15963,0.7303171580805518
15965,0.49183776415895875
15967,0.26123077319703414
15968,0.21738271242921312
15970,0.49198841685191536
15972,0.7693949618443764
15973,0.26953738206080147
15976,0.20155006172811576
15978,0.4632801906674593
15982,0.5981420514130997
15983,0.923832327694078
15990,0.14212212537654415
15994,0.5205253833518516
15996,0.9590144265594588
15997,0.28578816805403484
15998,0.2685479471693855
15999,0.8322838840801473
16003,0.06798816896172748
16005,0.84706003941368
16006,0.3223414963483129
16007,0.8325056414958307
16008,0.621874732301363
16010,0.7172606583962055
16012,0.6541072483492617
16014,0.08680333906163815
16015,0.06186138714534997
16016,0.30679578099098365
16017,0.49601437722361913
16018,0.8670912200576195
16021,0.2804256702055465
16024,0.6502587502732401
16026,0.08121836147026287
16027,0.15391995428432279
16033,0.6741763832204666
16034,0.20769375195038683
16036,0.4711886002766752
16038,0.24139851843830742
16040,0.7836332088067652
16042,0.597675174576262
16043,0.4202743819450775
16044,0.25767743949114413
16045,0.6859116474921549
16049,0.8280273567827571
16051,0.4622256282811329
16053,0.26452793138559627
16055,0.9460024653735568
16061,0.816825690889636
16062,0.3061589261875134
16063,0.3027617739307799
16064,0.12591838325144938
16065,0.7269166539842107
16066,0.27954474429928516
16067,0.659979471784147
16071,0.42898351760646763
16072,0.8683618775896531
16077,0.9131334949616186
16079,0.34204761901272185
16080,0.48695957722645267
16081,0.5174840955444934
16082,0.9761594083117757
16085,0.28864490782959357
16086,0.7258810371733427
16087,0.4554175807735222
16089,0.2865357472863239
16095,0.4625572790763224
16098,0.6039365680031202
16099,0.541807390486849
16100,0.561377189691514
16101,0.1849070723416343
16104,0.48622821167254326
16105,0.7553960066179385
16107,0.23606874482488832
16110,0.7234502631307604
16112,0.1310079046992093
16114,0.8952371939304877
16115,0.17122462028880478
16116,0.5454420649008521
16117,0.7588481006910105
16120,0.4915394517809571
16123,0.9175881536593237
16124,0.43898801972303514
16126,0.3156792140229247
16127,0.8433896681014657
16128,0.3687803749208723
16130,0.23423382106830992
16131,0.16921485501501327
16132,0.8273216834793745
16133,0.7259353084910567
16134,0.030009029014231012
16135,0.7833564844334915
16137,0.3395713675323395
16139,0.6812601759079031
16141,0.4690456665575604
16142,0.45661258843169905
16143,0.7509596212364147
16145,0.6168371185396861
16147,0.6848097183154149
16150,0.6290051166668684
16158,0.21959513886135046
16160,0.8415444400837938
16162,0.5767086733647248
16164,0.17873665752218465
16165,0.4396550664104074
16167,0.448584582496623
16170,0.20457198920429226
16171,0.3561431859876603
16172,0.2437929922487221
16174,0.7897019398851198
16175,0.7869965040001268
16176,0.602775104452405
16177,0.3980794563892246
16179,0.69709616344964
16185,0.8342145221726056
16186,0.4336410995512558
16189,0.03671685767835937
16192,0.5085678715001833
16193,0.4082452139996526
16195,0.3104030674424808
16199,0.7287404109078659
16201,0.5553755979711499
16203,0.9060037951908321
16204,0.15982982628267595
16205,0.6516343309822081
16208,0.45316805708167157
16209,0.4511789284089161
16212,0.18635274120429696
16213,0.6789699720562252
16215,0.5329642295995743
16218,0.437453565655393
16220,0.6727488251389662
16224,0.6540273552146783
16225,0.4144721786285795
16228,0.7960712689518008
16232,0.4199208934574499
16234,0.9408958385806464
16236,0.6929483722042211
16242,0.8222851203501621
16245,0.8421938090153102
16248,0.4404959119963129
16251,0.48803315757990273
16253,0.04046189230951425
16254,0.9412184042343785
16256,0.5268295619944547
16260,0.46018560931102176
16261,0.8241782686354706
16263,0.4648754754044947
16264,0.6726614566214346
16265,0.6545062470901284
16266,0.4216211769115262
16267,0.8230912443285568
16268,0.5187694754294686
16272,0.4092020122452464
16274,0.8704006476519712
16276,0.5929116250529815
16277,0.7668912451316132
16278,0.8527802971410431
16280,0.31867852037803407
16281,0.9271533256784472
16284,0.2930559084923351
16288,0.7964003100095403
16289,0.5857933104615006
16292,0.935638576939564
16297,0.397174108073726
16298,0.5345703793573824
16302,0.31083590732608807
16303,0.6920684011802442
16304,0.5718334498131674
16305,0.7261975631654726
16309,0.2573620854331284
16315,0.5540240308145615
16317,0.7497776995075499
16318,0.32707363788492744
16319,0.14502642626378057
16321,0.5419091284919567
16323,0.986875045153136
16324,0.8372332689654308
16325,0.4346015318422597
16329,0.19707797342498345
16331,0.5196578832014005
16332,0.7684240906838121
16333,0.45747142688262366
16334,0.9329646195523268
16335,0.12280485441685107
16336,0.6689682181688539
16337,0.806552448416099
16338,0.195673029000176
16339,0.4850105357996585
16340,0.5314328454642555
16341,0.4318245281281031
16342,0.20095721173115352
16343,0.25667453919687955
16344,0.40822920932901335
16346,0.09733393089562145
16349,0.3920067574980527
16351,0.17374807996832853
16353,0.1893345256797093
16357,0.5763830618680972
16358,0.3169548330608208
16362,0.7492165372635667
16363,0.5062022754651866
16364,0.6238077936158551
16366,0.6157939370341242
16368,0.8359042207141015
16369,0.4655051851889052
16374,0.4901912164974817
16376,0.6038173808732861
16377,0.4822615808592219
16378,0.702733781899865
16380,0.66851994622182
16382,0.12121361163893724
16384,0.8743715092767231
16386,0.2641223034902483
16387,0.45292482991662003
16388,0.2907756104743874
16391,0.2638357418581638
16392,0.597249935009447
16395,0.3525302477367018
16396,0.9289003862973195
16397,0.1201330811180738
16398,0.7989733449228715
16400,0.957162899625874
16406,0.12064330251316638
16409,0.9888449294552045
16410,0.6225864085799566
16411,0.6925386878165902
16412,0.27457583840800553
16413,0.400549126779461
16414,0.23454103630294593
16421,0.47918098453201513
16423,0.6055574886292012
16424,0.20559303234676102
16425,0.2806614884066616
16426,0.6181975691739899
16429,0.4610066316537894
16431,0.18791272968986422
16435,0.701192777920525
16437,0.8963529197712261
16439,0.6031568961041408
16440,0.4497085248045836
16443,0.509907274415797
16446,0.6533566799133071
16447,0.34036244573716723
16449,0.4656050237631446
16450,0.407012973873822
16451,0.23449627582225777
16452,0.3656816048989765
16454,0.45141647576764016
16457,0.43075723123075516
16458,0.8089680055119463
16459,0.7573349454867289
16463,0.16491945195481036
16464,0.7785916058068645
16466,0.8337198266506068
16469,0.8199707050842183
16471,0.28558307611151407
16472,0.3679533522063842
16473,0.3313470617155487
16474,0.7871526446876003
16478,0.7143787632227715
16479,0.587798717043004
16480,0.10028933266390719
16481,0.20400656345590507
16482,0.8839216733301193
16483,0.8120528312579708
16484,0.482628548064417
16485,0.31848895902943875
16486,0.5643247299640773
16487,0.37902568101872036
16489,0.7588495393986381
16490,0.8645324569050492
16493,0.29813130529192267
16501,0.6680870702687004
16502,0.6174867456415795
16505,0.6871824918200751
16508,0.6005912872515257
16510,0.4228943247146589
16513,0.4367886940444529
16515,0.6305805430841289
16516,0.5961494654742725
16520,0.7786347960465995
16521,0.8378109601480946
16522,0.23994001100832138
16523,0.7104216180055275
16524,0.7923393066747103
16527,0.4969266811181135
16537,0.34802004732963004
16539,0.20177990194448842
16540,0.22026956612156545
16541,0.7126566305480475
16542,0.48300658090244203
16545,0.09358298094296809
16547,0.5788126462178396
16548,0.43777262519199894
16549,0.23613312280899298
16550,0.5674780336629193
16552,0.27999293836158684
16554,0.6624992749739623
16560,0.4847162370297453
16561,0.8977228262007438
16564,0.8720084140920995
16565,0.5272834875984148
16566,0.6806108589484303
16568,0.6746662695370771
16569,0.29472043772280765
16571,0.2002030585841175
16572,0.3526832145915809
16573,0.300656414804645
16578,0.3538564829020737
16579,0.8139198247337024
16580,0.5917336023336371
16581,0.8639994957560467
16583,0.4374884721413456
16587,0.43870704882806844
16588,0.30523731862512393
16589,0.42173973679416604
16592,0.05137318827002348
16594,0.03886537749001474
16595,0.7486589164462433
16597,0.4644607427613638
16598,0.7987306514955111
16600,0.5917096279532648
16601,0.5566188434405377
16602,0.16212246932073018
16603,0.5655159087790724
16606,0.8519044709554725
16607,0.12822688186004166
16610,0.3331281692768203
16613,0.4508881218487779
16617,0.5603568913149369
16619,0.5804748614077219
16620,0.5688605713475925
16621,0.5079556163772743
16623,0.2662485721726029
16624,0.7499986412805529
16625,0.8479112274223494
16628,0.2785917456192893
16629,0.6319411918997716
16632,0.41569321383783436
16635,0.7161186367423381
16636,0.2459464212704125
16637,0.10783778144227835
16639,0.8233724057680006
16641,0.25020719217326987
16645,0.5182208280420257
16647,0.24672369286478626
16648,0.43225453726325097
16650,0.8753635887548428
16653,0.8674799120793337
16654,0.23235436765762443
16656,0.341023788704203
16657,0.14746292537393926
16658,0.4650990897329289
16662,0.4235861023415328
16663,0.8294467331761665
16667,0.13014889429755663
16668,0.6976340694163646
16672,0.7127175191255285
16673,0.5538712962063531
16675,0.38043649175174266
16677,0.030815486689782554
16683,0.5469113871447778
16685,0.38787786921170947
16686,0.9645513189504816
16688,0.20265879331844563
16691,0.3238656348710634
16696,0.5935319753549734
16699,0.9359303545413563
16704,0.9016475047660618
16705,0.5074203297414673
16707,0.7229332339736472
16711,0.6522249662912234
16713,0.8904417269627217
16718,0.6521022991859258
16720,0.05729714013210101
16729,0.2846607592950923
16730,0.7473539752274324
16735,0.7173648487038364
16736,0.785462751236497
16737,0.775994999309982
16738,0.7395609015194086
16740,0.38677454262325145
16745,0.3431435153219761
16746,0.27294466384911154
16748,0.8822914595356267
16749,0.48853260098041906
16750,0.3201784569668251
16753,0.9033404465090759
16756,0.24968027210749805
16757,0.7053285524595694
16764,0.5746718704934715
16768,0.7253585298008671
16769,0.7059109985277856
16771,0.7319815687450658
16773,0.6427241645118303
16774,0.6396227737281249
16776,0.5882678179413515
16778,0.4895632442304252
16781,0.5281439558674146
16782,0.3381762482453498
16784,0.4271432462103413
16786,0.49005297885717436
16787,0.271737922745129
16790,0.8133625634235904
16791,0.5718955250215022
16793,0.48433884221297874
16794,0.057584318040710535
16795,0.6754367029049243
16796,0.0902105775285947
16797,0.7016664462590876
16798,0.5072317703007525
16800,0.33898819256566576
16801,0.19849964110144622
16802,0.647432490313341
16804,0.4925457234126689
16806,0.583522861281789
16807,0.8703944901080738
16808,0.11865714661624216
16809,0.7672910136812489
16811,0.4378991541705966
16812,0.31820222806057386
16817,0.5879762780457155
16822,0.5878953679541314
16823,0.3277099116797277
16824,0.3578398913073095
16825,0.5279161695475498
16827,0.5549923375450833
16829,0.49591142315348086
16830,0.8008984839906913
16831,0.5441332077670481
16832,0.3795990900422742
16834,0.5460360391369035
16838,0.9316792999755419
16840,0.9368539169105413
16843,0.6914220829816038
16844,0.5643771061070502
16845,0.5766936138190594
16846,0.2658093967413646
16849,0.8250777028156989
16850,0.039882787165026315
16851,0.5720793317695386
16855,0.4712042973150919
16856,0.43371544609710144
16857,0.3549005308350186
16858,0.5888034582954808
16860,0.3740082997417232
16861,0.6511585842110477
16863,0.20046410806023202
16864,0.3454655026375029
16865,0.7507474310707357
16868,0.8291206224080018
16869,0.370462870412923
16870,0.6425945387438746
16872,0.5188352268354405
16875,0.5033517318772912
16876,0.6802921170134335
16879,0.12686034423668777
16881,0.2592609153919404
16882,0.06477404959184599
16883,0.8162463374371627
16887,0.8264680398660371
16896,0.5751469463153513
16898,0.9259116575409931
16899,0.7676089236649672
16901,0.8325823468009663
16903,0.1495997651122031
16905,0.57665769034438
16906,0.5690959070268262
16914,0.7390295284717513
16916,0.6407068777718329
16917,0.2547480014049152
16918,0.12402623311461988
16920,0.6090551058826124
16924,0.6488819670180603
16925,0.7601024494177178
16928,0.6948031359425593
16930,0.8906641840231481
16931,0.6363082758664732
16936,0.5581136767420507
16937,0.775611542442061
16939,0.2916923322123888
16942,0.661619283984213
16943,0.4933380532246699
16949,0.5734277394950132
16956,0.69818044046391
16957,0.8130211673959672
16960,0.403374331077725
16963,0.5146962648174661
16965,0.8087312922063439
16966,0.11289722469656652
16969,0.6161124374949567
16971,0.34122146018608246
16972,0.5597349494353688
16973,0.7150163022212643
16974,0.8070265460457263
16975,0.7216949324203727
16976,0.9597987153073334
16979,0.08032942181446828
16980,0.20093660548631753
16983,0.9549750079316325
16985,0.20286813033355464
16986,0.30882901542239294
16988,0.11391303619140013
16989,0.48879956852503154
16990,0.4935065462841558
16992,0.8546088930820731
16993,0.524482786383077
17003,0.6988821233007239
17004,0.9296754020174982
17007,0.11146543286379147
17008,0.6103830286322813
17013,0.10433991125184784
17017,0.8612008132487182
17026,0.6794808649084385
17028,0.2511247058543167
17029,0.19251798923967545
17034,0.2593760025525779
17037,0.8600012696364185
17038,0.5963316478452175
17039,0.11467703013271081
17041,0.6643033232412915
17042,0.44398324439125825
17048,0.7954874159343114
17049,0.8633778728794937
17051,0.5171792492147171
17053,0.791850169907103
17055,0.17484550246217398
17059,0.5755648501201582
17061,0.13680283519963143
17064,0.3432496206082927
17066,0.7364062259369589
17073,0.11646993924997218
17074,0.5204964415097464
17076,0.24269200911804809
17077,0.3343921123801751
17079,0.3842412131772895
17080,0.7720471623958327
17082,0.6102340124005072
17083,0.14440069149721393
17084,0.41620378428444904
17089,0.11914596509231558
17090,0.7291804671531251
17091,0.4634297987831426
17092,0.33724800729475124
17093,0.8129189741096814
17094,0.6842910484556098
17097,0.29790913261376994
17099,0.47517190605594894
17100,0.6832328049586891
17102,0.8918969723769361
17103,0.6228367351792947
17104,0.8921951437501411
17105,0.3426235666379133
17109,0.8029954905860939
17110,0.36962449137742365
17113,0.9344625109494499
17117,0.8596390457647621
17118,0.1486688959949001
17119,0.4534672998349549
17121,0.8970663246552938
17122,0.9229612956484334
17124,0.773172325876369
17125,0.6244612256307966
17126,0.6817720191884483
17127,0.4216747745769547
17132,0.4211085310055113
17133,0.4481615984012261
17134,0.9034465089921202
17135,0.1310875390922953
17136,0.5367367655350385
17137,0.3109814883824839
17138,0.48632418541276257
17139,0.7786217308211777
17141,0.4054797561511882
17143,0.6821361947769964
17145,0.2668691840846093
17146,0.7193819067249521
17147,0.7264063598196289
17148,0.9001512963164808
17149,0.6948782263325622
17151,0.090585161925479
17153,0.82138551516447
17154,0.5715876898903423
17155,0.35915580897908533
17156,0.4662273582692853
17158,0.11239155339760369
17160,0.1665573033670098
17162,0.9205947433357308
17168,0.4892484758644357
17169,0.5231006876967128
17170,0.8142219470276219
17171,0.9013212909063271
17175,0.8832608838787037
17176,0.3550676132479564
17177,0.6028932785309167
17178,0.9102366671558932
17179,0.5728726179576321
17180,0.40489007202620747
17181,0.06971657242036723
17183,0.24360250096046226
17184,0.06701432037971386
17185,0.5076756044874712
17187,0.6222498701511316
17188,0.16107467569599082
17189,0.43864645054926604
17190,0.5587872463352076
17193,0.4621797770228495
17194,0.32946863803308746
17195,0.49417330624090944
17198,0.6612491326085044
17199,0.7002289704684387
17201,0.12473407819878655
17203,0.1312672943851059
17204,0.5082011551857181
17205,0.3971467050991175
17206,0.252843013430037
17207,0.3811509404972896
17208,0.723519782558402
17211,0.6290438496906163
17212,0.3253541324482034
17214,0.7795415333080189
17215,0.23453689885879977
17219,0.9413175501771699
17220,0.7916828992985082
17222,0.6664363832580753
17224,0.5035467910606598
17227,0.557109380072562
17229,0.7750067083361606
17230,0.5051480598311449
17231,0.1917230047611221
17232,0.691800232993576
17234,0.8481673154737851
17236,0.20297619123062902
17240,0.12152092089616394
17242,0.6317524457706188
17250,0.26889040838911515
17252,0.7753610302858286
17255,0.8390468454270356
17259,0.11740215856394154
17262,0.8526535065777734
17263,0.3439204637500745
17265,0.030288473280712023
17266,0.5941647139223737
17271,0.8649490635315874
17273,0.7003930243424284
17274,0.7898778794930814
17275,0.653584236441383
17276,0.7081072548483784
17279,0.8029346319431753
17280,0.8613343618723975
17282,0.46892851225342613
17283,0.9068783107683396
17286,0.7124870245231204
17289,0.9111706767874743
17291,0.5306320561232579
17294,0.08073779558854018
17296,0.7858523824146931
17297,0.7778226875377365
17303,0.6323568345530253
17304,0.8354054093690493
17305,0.48115295899883737
17306,0.35628133889909963
17307,0.7826823700809069
17309,0.44797861825073904
17311,0.5540455677388043
17312,0.6847332503906408
17316,0.8157247857075635
17318,0.337450249060367
17324,0.3786883430912407
17326,0.24788734097506265
17330,0.07249413309733617
17332,0.5972904314682398
17333,0.2845526769471236
17334,0.16578862936322628
17336,0.8201038930013123
17337,0.802423842119382
17342,0.5832064830652864
17345,0.3072723359720039
17346,0.20617712352267134
17347,0.9368024366827127
17348,0.5950017753774863
17349,0.7073627549575117
17351,0.19747993553776585
17352,0.9778134689178631
17357,0.3114073250516277
17360,0.47582881284698086
17365,0.07678768344419107
17369,0.806638306152183
17371,0.6644997296843047
17372,0.5285251641695061
17374,0.7182448991247534
17376,0.43522608030223214
17378,0.25436232790040914
17381,0.4909411021999363
17382,0.08434711511004526
17384,0.4677697859968354
17385,0.4122785043318431
17386,0.8287801310223997
17387,0.6713213589083841
17388,0.10012268919641162
17389,0.7569133650314874
17391,0.2614123583109706
17394,0.3064224832073083
17395,0.5859565073874158
17396,0.5700412655091903
17397,0.7973907360504002
17402,0.4912912494730599
17403,0.04371942453920882
17404,0.17813565675834134
17405,0.4897943121899892
17407,0.9415993710542164
17408,0.8884597837085791
17409,0.7227578131088084
17412,0.6446838968854479
17415,0.12394708426205164
17416,0.40836647475092436
17418,0.4818273560593738
17420,0.7000409303299846
17421,0.6184779026584686
17424,0.290385345330498
17427,0.5101097342203149
17429,0.9632381769778243
17431,0.47083923888464074
17432,0.03690501738372968
17433,0.25338105537597605
17434,0.1361737266304207
17435,0.3197369985912104
17436,0.6488363553181296
17438,0.13757913491005339
17439,0.22671110762467517
17441,0.38717940365704695
17442,0.45180660591366484
17443,0.7946978449710853
17446,0.7096413404383346
17447,0.141970505199096
17448,0.36825618930566273
17449,0.7846325998049947
17453,0.4827512157017389
17455,0.4158862368547453
17456,0.531826368848985
17457,0.7185852014513914
17458,0.08192240967880876
17459,0.6133706605555405
17460,0.4579092081338254
17461,0.5491080196615697
17462,0.6617594699985789
17464,0.39534965843010844
17465,0.2500125688339061
17467,0.5352471976755507
17468,0.06220987024366478
17470,0.19747263722915032
17474,0.17338018064100263
17475,0.19552596121744825
17476,0.2533323524525235
17477,0.7699433066647338
17479,0.21065857707266886
17482,0.6379077329059162
17483,0.923917139336548
17484,0.2522034933245907
17485,0.3741937205262849
17486,0.6149166836142103
17488,0.18907105589626483
17491,0.6532602381560615
17496,0.2668250627246949
17500,0.2734147450704331
17501,0.04674005573760222
17503,0.44302465457633683
17505,0.6386249778028303
17506,0.35285914317965916
17508,0.19521656364923465
17511,0.6461867972996742
17514,0.6333431965875638
17519,0.2627018693475504
17522,0.4230778003522918
17523,0.35955448443993376
17526,0.7037572641648591
17527,0.43340236270305144
17528,0.7645526684015163
17532,0.5730229609852798
17537,0.790560004145925
17538,0.9032060956862682
17539,0.05694803062469609
17540,0.6266872062194904
17541,0.4838334030079715
17542,0.9594626314934898
17543,0.17567879101374398
17544,0.8009729376947574
17548,0.6353702125689623
17551,0.43838742614347576
17553,0.8598163662612041
17555,0.6659468129394797
17557,0.5356773267989254
17558,0.2905195136098233
17559,0.8485606836311267
17565,0.8391106900163678
17566,0.6447988452011926
17568,0.31057450689152466
17569,0.5870857303144765
17570,0.7808660383335001
17576,0.386376967800545
17577,0.5484502190890829
17578,0.11936689057507463
17579,0.3227771906245869
17580,0.5162046173301071
17582,0.5829583951456544
17584,0.7930860034461208
17587,0.8423970083692308
17590,0.7771916077396769
17591,0.2409539304208583
17594,0.8763203008758974
17596,0.6445460619169974
17599,0.4724435272086052
17601,0.8101413999059482
17605,0.41291392938649296
17607,0.5643862764718108
17608,0.37242199760129807
17611,0.7113513277515943
17612,0.2212079808103755
17613,0.08267398797187338
17614,0.7814026629556745
17623,0.5987004505355976
17625,0.6789620447497563
17627,0.18292200524561955
17629,0.8144021335924493
17631,0.4509477356327737
17635,0.6792128331455864
17638,0.5942425591121615
17640,0.9442687483079715
17641,0.35495376672519446
17644,0.4038457161522991
17645,0.6381530339279067
17650,0.3437729251636212
17652,0.7417284694038948
17655,0.33683086596541895
17658,0.7331403685609619
17660,0.9666608110565208
17661,0.14805681750985408
17662,0.4204104272772079
17664,0.727122258566647
17667,0.34332503963403344
17668,0.16431034930535793
17674,0.731669417660366
17675,0.4090825971041301
17676,0.5643460609236332
17677,0.1299285064278465
17678,0.3958076883099342
17679,0.6837393558864303
17682,0.794249454237031
17683,0.3681879390187057
17685,0.05822388245773543
17689,0.5771966393303254
17690,0.5229588991338611
17694,0.5005033922824588
17697,0.0917597340131938
17698,0.6679416339394756
17699,0.13112945220740685
17700,0.0626203733941878
17701,0.9420399224661475
17705,0.3021883037698155
17707,0.27053283648975557
17708,0.17661962516877794
17712,0.36556422894266777
17713,0.6896585561599997
17714,0.12196831767460434
17717,0.78697197399811
17718,0.46633947838092676
17720,0.5326413633721832
17722,0.09988224554907928
17723,0.6582916559397418
17724,0.5818871366048272
17727,0.6286556974473659
17728,0.3808451719312971
17731,0.1768095204943916
17732,0.5639501287031596
17734,0.466534225623225
17737,0.9972979594744333
17738,0.12664940487985818
17740,0.9299011446053328
17744,0.3634317745420412
17745,0.3622021434256482
17748,0.6916773278987992
17751,0.734469209542894
17752,0.5914380469734816
17753,0.6518844886416888
17754,0.12677941640685372
17755,0.704078385949541
17756,0.396899070310142
17757,0.7455787987677678
17758,0.5148835136830829
17760,0.6685513215233904
17761,0.46296950321801306
17767,0.15804659599530577
17768,0.8536276976973434
17773,0.7696406858386404
17774,0.9328217203004304
17775,0.5812332036369152
17777,0.583428324272393
17782,0.17884470815782405
17783,0.8892829133455922
17785,0.6315414527585093
17786,0.8560649155092268
17789,0.27686528023973284
17790,0.9506734013978343
17791,0.9402355071387057
17793,0.508748698881568
17796,0.1928989100809561
17799,0.7387001968029117
17800,0.6737886236505134
17803,0.3316695185827736
17806,0.875011884429565
17810,0.9266624956934466
17813,0.292587416827754
17814,0.5126964454943531
17815,0.20812035815447663
17817,0.5320989322328404
17821,0.7786396478722849
17824,0.3166396858873783
17827,0.5074828298086711
17828,0.3302234121115589
17834,0.8610297996800327
17836,0.5572509142735217
17837,0.5621317629376182
17838,0.64321912158194
17842,0.4092338693801575
17846,0.6294020024528669
17847,0.20915859145608384
17850,0.061262770853931885
17855,0.3761926834594679
17857,0.12491515927072964
17860,0.19706921607355732
17862,0.3128543691666799
17866,0.7078436100543991
17867,0.4156391587643712
17868,0.2679711987121147
17871,0.5731967221202637
17874,0.22096059240481433
17879,0.8123264467409669
17880,0.7168070932894381
17885,0.07609333064037738
17887,0.3728264647762601
17891,0.46724273190869403
17892,0.9115575083157492
17893,0.909223419552437
17896,0.4566939975482638
17897,0.5036342233656199
17898,0.7348468247825818
17900,0.8657237072046265
17906,0.587161785270496
17907,0.36616708320216446
17908,0.67480800253702
17909,0.6876176774917213
17910,0.5896462471650752
17911,0.6621468716728743
17912,0.15852732424660726
17913,0.524176132292175
17915,0.873192203737501
17916,0.7307272344640706
17918,0.4790388801769386
17921,0.8865970706032393
17925,0.4237459560781378
17932,0.2166687807845792
17935,0.7760651682101952
17936,0.31008812761820287
17940,0.5592167560433505
17941,0.6664070460504609
17942,0.7421733154534621
17945,0.3069646463251298
17947,0.1497011176165664
17948,0.4092287950812482
17949,0.8178988941570128
17952,0.3981642291094397
17953,0.22676346093532626
17955,0.6733445811620276
17958,0.7717364765110374
17960,0.7848884108057544
17961,0.19390003226869126
17963,0.40735199960732116
17964,0.1676284622725061
17965,0.19776921059281224
17967,0.6320583757560104
17969,0.6641839647628408
17970,0.14876761571027103
17971,0.8627938449440334
17973,0.6394061961688879
17974,0.277373025289159
17975,0.3364547919903257
17977,0.20315362304554618
17978,0.4601144659561446
17980,0.7772894070526307
17981,0.17749649171384208
17983,0.8292595822582303
17986,0.16795055841903853
17987,0.382011945811583
17988,0.5004957808240852
17989,0.7410361328274904
17992,0.6359622628910915
17997,0.21936923482510037
18003,0.3611964438675026
18005,0.902551248557657
18006,0.7806089682355273
18007,0.7585402563844852
18009,0.7952651934405724
18010,0.5301370511911796
18015,0.2059748900148845
18017,0.39193340054212666
18018,0.24084731124294576
18019,0.8324234099126862
18021,0.5026183163470987
18022,0.2763298456471386
18023,0.27712588054988385
18024,0.34745347706519025
18025,0.056405398831571085
18026,0.3093893854221657
18028,0.19709029105592502
18029,0.7043151037290155
18030,0.21237414589414547
18031,0.7043401024684234
18032,0.7578776136207804
18033,0.4445945334111687
18036,0.8467881666061714
18037,0.28178215994333544
18038,0.5060187683512769
18039,0.3301313257855969
18043,0.35507811299700726
18048,0.37901234599692785
18049,0.46299971348615193
18052,0.7629553992573045
18057,0.20545518654931
18062,0.7530443388155195
18065,0.3315332106152995
18067,0.2926673003233291
18068,0.13793376734971255
18070,0.3002461062766816
18071,0.6426169579984226
18073,0.6832968605456373
18076,0.519684677387814
18077,0.6687612128098002
18079,0.83208151129876
18081,0.8439102036944879
18082,0.3788894485222783
18085,0.372595839594835
18086,0.5051914474269801
18088,0.33020847669282644
18091,0.8296752553578449
18092,0.736365534518794
18093,0.11691835316499054
18095,0.11337362714722922
18096,0.346125055550142
18099,0.5367236062576135
18103,0.11856939365213386
18108,0.11584270046188261
18109,0.7619847545708403
18110,0.5262105611199039
18111,0.8107984435642832
18113,0.12823077161349009
18117,0.6061765987784046
18120,0.4383637268412004
18121,0.5721042909568501
18122,0.6704051815634218
18123,0.0830139237849167
18127,0.5434237442912894
18128,0.6348534097946203
18129,0.39957198830895096
18131,0.808421822356324
18132,0.8375361065273923
18133,0.6381161288962296
18134,0.24470499731248635
18139,0.49474452755493487
18142,0.1651602008308429
18143,0.4018900314996629
18146,0.29531159788651556
18148,0.5322154425668075
18154,0.8337564691172177
18156,0.7224092711314177
18157,0.22339775871318338
18163,0.7384501912069596
18164,0.6841532773056629
18165,0.3666069685309233
18167,0.5617276900414526
18170,0.6218080712519694
18174,0.7723971035958036
18176,0.8209182488240553
18177,0.9337215742372494
18180,0.9018243824890614
18182,0.49033444274592675
18184,0.25866702199861685
18187,0.1810453247102399
18189,0.3017705495894131
18191,0.7174259031581743
18192,0.039245156280964075
18194,0.5200485051675957
18196,0.28779222715273317
18197,0.8137296522646753
18199,0.31587811703870555
18201,0.3971497221811957
18202,0.42983663582144194
18203,0.4350150808181447
18208,0.6354683051473543
18209,0.43691256130842804
18210,0.6269864934246764
18214,0.8427400563365328
18215,0.4299989402862689
18219,0.28054893334870257
18222,0.8702416729184731
18223,0.247089513116034
18226,0.6653605110880001
18227,0.5434229382491759
18229,0.0581974341873154
18231,0.43391749036874494
18232,0.591803844250134
18236,0.6071271511817643
18238,0.49117865482870865
18240,0.16701850640047589
18241,0.8737354387919117
18243,0.6414149842571645
18247,0.6874978934126762
18250,0.17272689005545314
18253,0.1364549542980566
18254,0.620687133808543
18255,0.524648351589006
18257,0.731096993728091
18259,0.7565227882238602
18260,0.738377735395768
18261,0.3066759471791066
18262,0.10981803806766305
18263,0.5363047541782996
18268,0.7385510090120784
18271,0.3004615492285809
18272,0.7821391807131761
18273,0.303270549401115
18280,0.8289757775570465
18281,0.786541187277312
18282,0.5881257567214381
18285,0.13875694937395291
18286,0.4970599802069883
18289,0.8539043956074293
18292,0.43481156634029916
18293,0.7828762952857675
18296,0.8290273889796078
18301,0.6233833840325275
18302,0.7158518672423
18303,0.3696733060361495
18305,0.12684529908735503
18307,0.5272989190465966
18309,0.7802694873166461
18312,0.7969988631172881
18314,0.5641961668613348
18316,0.31096805725341453
18318,0.6933636714307256
18325,0.1844284664606244
18326,0.2685587986963978
18327,0.40386780133967487
18329,0.6119838756580596
18332,0.961631680866036
18335,0.1474329667274902
18336,0.8245503758102067
18337,0.045755249938873865
18338,0.9110164233073926
18340,0.5801928719810662
18341,0.7393824370896642
18342,0.705086348054356
18343,0.8603267786931874
18344,0.6636199240972481
18346,0.44076907803149573
18347,0.5550470049655455
18348,0.8881509346863201
18351,0.3251900679273762
18352,0.1819983101788088
18355,0.21534772798923243
18357,0.2047380346510212
18360,0.5590134223334055
18365,0.1329731985593838
18366,0.42089818535230944
18367,0.3936340435062772
18368,0.693682567075043
18369,0.6089971559602156
18371,0.36929377611670183
18376,0.648711282271122
18382,0.6408414053190206
18383,0.5257490850571506
18384,0.4902623229340817
18385,0.7741821495107603
18387,0.5715920826468214
18389,0.8100970244979556
18390,0.4945701823958317
18391,0.4511796347376268
18393,0.5182664356262714
18394,0.2990829805088517
18397,0.25902169715859236
18398,0.8869673045849968
18399,0.31345605466740945
18400,0.39040087898043374
18401,0.7444890606947684
18402,0.7585613566961228
18403,0.8335157531346061
18406,0.9107380897290304
18407,0.762899535587073
18409,0.9382574278616098
18411,0.510111658981
18413,0.18635336204911565
18414,0.5732304069798332
18416,0.2614583182450696
18417,0.6421692584159455
18418,0.7025713782009233
18420,0.7653049824317679
18421,0.6352873417663331
18422,0.5325609376056231
18424,0.9019612605496946
18425,0.1532656902821828
18427,0.49705184217948284
18428,0.23237302056511558
18430,0.462754024789492
18432,0.5741176971703057
18434,0.1941733698042483
18435,0.9676177068344617
18437,0.18174204834800858
18439,0.6302944071920783
18441,0.6401511591398589
18443,0.8054379936969375
18444,0.5854294629060488
18445,0.5165299931611596
18448,0.34128460006905015
18449,0.4608785361859866
18451,0.4395056438578725
18453,0.20290635737879162
18458,0.6772627740106364
18462,0.3889518542785739
18463,0.5198657463503048
18465,0.40530804681972754
18468,0.6800405084977614
18473,0.6952123037622013
18474,0.3417072358216101
18475,0.8757383196512234
18477,0.8033302149786715
18478,0.7394130842137339
18481,0.8525722105491291
18482,0.8882429476620634
18483,0.32000506637215187
18490,0.8211349559137491
18493,0.5364284092601976
18494,0.665667619255455
18498,0.35647320496429624
18501,0.7927093883565157
18503,0.8574054999676074
18504,0.07113599389073946
18505,0.6252101907309551
18507,0.43649821946569967
18508,0.8635289884292716
18512,0.6226522689440877
18513,0.2821033105550196
18516,0.47363992063276517
18517,0.6887942530284418
18525,0.4844944563516941
18528,0.6917674482038246
18531,0.5970681023458111
18535,0.6767861298809025
18544,0.44655133274557157
18546,0.3186210245589832
18548,0.8645573322583012
18551,0.46282260375440004
18553,0.3450612293943252
18554,0.11987971919370435
18558,0.9149689838042072
18559,0.5187238802666857
18561,0.8269827840940086
18562,0.2725788611949984
18564,0.7064517233848346
18565,0.3111707984806125
18566,0.6657384442348718
18568,0.3167196385674104
18569,0.7455374138202805
18570,0.8744097164806259
18572,0.4620258178056166
18573,0.7411293812674038
18580,0.39732498685278234
18581,0.8782376616228693
18584,0.5783293415453816
18585,0.4628627991969059
18587,0.23514105177884356
18590,0.6559264202665618
18591,0.3731158013937909
18593,0.2517192145531884
18594,0.86041343766525
18596,0.37884536681924147
18598,0.12006255186705822
18599,0.19434255672849826
18600,0.5175464776000407
18603,0.8579724260278234
18606,0.18427550466770423
18609,0.6094954915347641
18612,0.9474736340188118
18614,0.8016944016650663
18616,0.7165708738320195
18617,0.6194284434868045
18619,0.90920292938172
18621,0.24323508936189692
18625,0.44620512900307796
18627,0.8278544005578914
18629,0.44047751508607935
18636,0.6257729180472715
18638,0.7175779471914192
18639,0.8919656666666594
18642,0.1589485065775175
18643,0.08431412003370217
18644,0.527370189520643
18646,0.23659841073676732
18648,0.5547622931758146
18650,0.8218380236882558
18651,0.5896094892072018
18652,0.5879658813458245
18655,0.5143888921956427
18656,0.4655543376809774
18659,0.2838970388068212
18660,0.7085083308793476
18661,0.3456512050224996
18662,0.8813403603081235
18666,0.6414524282387766
18671,0.8501933902805859
18672,0.8780555846464952
18673,0.20311979924840812
18675,0.8250152126883811
18676,0.6977097603783923
18677,0.8098464930520287
18682,0.546084271025762
18685,0.5609352106737354
18686,0.18288085107697902
18687,0.9595486844706307
18690,0.9556526963571329
18693,0.641834324973318
18695,0.3639251897709735
18699,0.3302061425556113
18700,0.7565492436797067
18702,0.3143943569918443
18703,0.6703075916704283
18706,0.8981156961971871
18708,0.6710482843383301
18709,0.13687015620399084
18710,0.705345808518394
18712,0.8944527406951248
18713,0.39230166955194945
18714,0.20220596779757127
18715,0.9749489577265468
18717,0.11764499688604392
18718,0.1460734587447474
18720,0.7683335564506192
18721,0.7286219636254516
18723,0.606107661118114
18725,0.5027595390269128
18726,0.6869123356743758
18728,0.36193676207993214
18730,0.4631966116048776
18731,0.33700239626536765
18732,0.7732318916376372
18734,0.9090245614056841
18736,0.32801621676213505
18737,0.6299788979440137
18738,0.5869577210482273
18739,0.22852521649515237
18740,0.5119160726661616
18742,0.20445683504386686
18746,0.7685614233304111
18748,0.3950234176181578
18750,0.3694556241063977
18751,0.7692773260796526
18752,0.27480621484123346
18753,0.14975001554392137
18755,0.049097624938568035
18756,0.131566562273038
18757,0.6948848621436345
18758,0.7996779341480106
18761,0.2629495960419687
18762,0.282783272749216
18766,0.3107301394246483
18767,0.7799469652464306
18768,0.35830255919048715
18769,0.6102185535513348
18770,0.09874056800295507
18772,0.293138187359254
18774,0.4965505188734291
18775,0.10551234506113477
18776,0.7108546941277274
18777,0.616194669737194
18779,0.7387028117752062
18780,0.4344603597899963
18784,0.17601591098212668
18788,0.1730531767949436
18790,0.3745843662203734
18791,0.36434112251313017
18792,0.33760122921190033
18793,0.5948458355243224
18795,0.1871964368854098
18797,0.36936336850141993
18798,0.5012758830517184
18799,0.9376005773929696
18803,0.7799246500464323
18805,0.76482340052123
18806,0.4455873868707873
18808,0.8793683980927234
18810,0.6916537200356121
18811,0.40372388732046566
18812,0.9032868432154906
18813,0.43235085075108376
18818,0.652981881789803
18820,0.9157916228696907
18821,0.29867206898232984
18822,0.9226295731645807
18823,0.5844852930175237
18824,0.4201282410231191
18828,0.366906944935221
18829,0.13237773584592696
18832,0.925833740493126
18833,0.7127287436714445
18834,0.22048131421677217
18837,0.5659455748599224
18838,0.2641732492594853
18839,0.8030523733809943
18842,0.2645186308354355
18849,0.7293101447807548
18850,0.256008089880067
18852,0.6724655738316274
18857,0.08137012030090432
18858,0.7723746215934698
18860,0.7806480668970447
18861,0.607602384172363
18865,0.4306228446892948
18866,0.62684054766833
18868,0.5889241032606015
18874,0.892646464284033
18875,0.3855053046951023
18878,0.776690456777606
18879,0.36486544464508625
18882,0.6271461584704304
18883,0.4244294375050178
18885,0.05997362226928733
18887,0.6654417260401768
18890,0.7716973914653338
18892,0.7315160335950367
18894,0.8552180167069315
18895,0.4339577362224002
18898,0.8986001908247048
18900,0.514500460153689
18901,0.16791110599492787
18902,0.3788244046478544
18905,0.8402893521310414
18907,0.8135823456997078
18908,0.33274628341857077
18911,0.5155470847269774
18913,0.5536202343722864
18914,0.7223150904317577
18917,0.4026582148775333
18920,0.6548916978980941
18922,0.5758934117051543
18923,0.637233667389692
18924,0.5518587206077628
18925,0.20334110060343094
18926,0.5149182222049746
18927,0.788261038699872
18928,0.26530802591589847
18931,0.5591558727215654
18934,0.3771584092288015
18936,0.6026778052699018
18938,0.31231988744577
18941,0.20302993640525732
18942,0.36166422646548774
18950,0.517110808140918
18953,0.6978066377552237
18954,0.5089730838291608
18956,0.3667512688409512
18958,0.483441984646216
18959,0.4595314441145012
18960,0.5333702569380614
18961,0.764730295725124
18964,0.3041726392655665
18965,0.8263295120131404
18966,0.49332665254056507
18969,0.2734206928908737
18970,0.5668625747343824
18978,0.9096157639929376
18979,0.6481131298568715
18980,0.33692600502314796
18983,0.12284759919085052
18986,0.2101265128920348
18987,0.05698470044522098
18993,0.6677716139475215
18994,0.7152149546315936
18999,0.8238110212015534
19004,0.757873428367199
19006,0.3318539436983555
19007,0.7274680469821584
19008,0.2260010617796678
19010,0.5167606012353148
19018,0.7715313074144976
19021,0.837282635887633
19022,0.525369938986677
19027,0.7720529634481472
19028,0.3085315987398189
19031,0.5907424690372106
19038,0.36384120628517147
19041,0.26451270209128863
19042,0.60756550140132
19045,0.5462086479049513
19046,0.9242389702006265
19050,0.10916218852624905
19052,0.3610984131307196
19053,0.32439336096313653
19055,0.9152518339233966
19057,0.8630409717269382
19058,0.8779713572309432
19061,0.3922944309018549
19063,0.13340904777773588
19064,0.538056075688591
19065,0.38168280260442367
19067,0.5329268483559952
19068,0.688304146942009
19069,0.41977345970005703
19070,0.3089372613693907
19071,0.7174143749383777
19075,0.37565845226131395
19076,0.29645339578950786
19080,0.12745097925497695
19081,0.6232641337330467
19083,0.11308021795456134
19085,0.1866204812828859
19086,0.9088359891331373
19087,0.6427135606957785
19088,0.933918450911246
19089,0.3498253389811898
19090,0.3705515552291067
19091,0.4064083020393494
19095,0.510078855620085
19096,0.313244278206926
19097,0.7472680406807359
19101,0.1983945735700252
19102,0.43493768718720055
19104,0.0748573479697914
19105,0.27032801019231817
19108,0.20483311178219205
19109,0.15285811356354445
19112,0.7443156347128483
19115,0.787786468586606
19117,0.8720698302678603
19118,0.06449491280449608
19119,0.14608726312839823
19120,0.8973810942976533
19124,0.8289902873659172
19126,0.15677801723348797
19127,0.30095219054721456
19133,0.579726434890092
19134,0.5393504481131883
19136,0.6255123333216618
19137,0.23242742080172238
19138,0.3902684351349283
19141,0.27204632497983283
19142,0.7329130409059287
19146,0.27581731155068057
19147,0.5852829110542461
19149,0.4354769360501781
19150,0.650824357442746
19153,0.7514642337739651
19154,0.08618375643705498
19155,0.4437914938287823
19156,0.34951186078132973
19157,0.9160253061838213
19158,0.5614013146900475
19162,0.7216498601047494
19164,0.09148790236942626
19165,0.533132016259548
19166,0.051234070451834715
19167,0.39704570949794565
19168,0.7852402299225094
19172,0.6639535926269813
19173,0.19316919782181413
19174,0.6746411290225034
19175,0.8881803360177695
19176,0.7089479919988427
19180,0.8311094154810501
19182,0.11700276218516022
19184,0.2679246405876748
19185,0.31145848034412815
19186,0.9312973613857726
19187,0.27007144558889595
19190,0.2965679487378908
19192,0.6143070756166761
19194,0.26484635504189474
19196,0.7923891103261068
19200,0.36657549510620735
19203,0.2734161562464267
19204,0.9502413296552737
19205,0.3809092598041814
19207,0.08243034362147286
19212,0.7471241844134061
19213,0.6316564903098192
19218,0.48246091573912575
19223,0.7773760813088253
19228,0.6048844440810394
19229,0.8576359914715119
19231,0.8555480519332306
19232,0.7041546317901349
19236,0.8716514161278688
19238,0.3089163390052433
19239,0.4149436931154388
19241,0.5388281369351845
19242,0.8875331539773391
19243,0.5726461613964011
19246,0.5464560960107068
19247,0.7688148476512993
19248,0.23192297901606201
19249,0.7692496990334817
19250,0.7195066327578159
19251,0.6536108991593345
19253,0.40872237692962626
19256,0.6494587306212015
19258,0.5157927801091924
19259,0.6951621790078003
19260,0.5947745350148996
19261,0.342524390337775
19262,0.8662094004119482
19264,0.3002931210080501
19267,0.6156063601783474
19270,0.40398549036376347
19271,0.7699107059484059
19272,0.9386190904567623
19275,0.32001233429395826
19279,0.3271581094402446
19281,0.7285850249844162
19287,0.09182613692321284
19289,0.7079743030709426
19290,0.08642059889323424
19291,0.49470186538595523
19292,0.6697511205168564
19297,0.794403733370558
19299,0.8075964588652547
19300,0.4448880796715471
19302,0.2942094533987785
19303,0.7491682363359657
19305,0.3307424700152594
19306,0.41756268033758953
19307,0.8751962160845498
19309,0.4554438985627116
19313,0.7865441636812254
19314,0.5873138233215001
19316,0.8093667778218858
19319,0.15789162537513107
19326,0.7204158919992563
19327,0.8228789216299023
19328,0.6318236940952172
19331,0.7087817945974663
19333,0.8018644915371904
19337,0.6589961370928781
19338,0.5346839954912116
19339,0.3000350076657351
19345,0.7768441350675039
19347,0.3895885645173099
19348,0.26258628782086774
19349,0.30059628517762066
19350,0.20433065398676323
19353,0.11699686101608749
19354,0.16501353581386413
19356,0.5246192506319364
19357,0.8685271089375813
19358,0.6424683685284306
19359,0.014657502159682256
19361,0.6119767452895449
19362,0.6846189007572376
19363,0.553811965690141
19364,0.6385703195802422
19365,0.5064611198420714
19366,0.7912372354532291
19367,0.21128048790298046
19372,0.6091986569093636
19373,0.8833127668118248
19374,0.16630718135274236
19375,0.7492536954537468
19376,0.8191792415521916
19377,0.6154524311323374
19378,0.3889470026164821
19383,0.6672786828858989
19384,0.48058727566058607
19385,0.6669855371471671
19388,0.6475927181413008
19390,0.9941214891474963
19392,0.830084165086211
19393,0.4009666438288385
19396,0.4368824198449221
19397,0.2142578894461702
19398,0.8649775270152138
19399,0.7637812066564995
19400,0.61489415821183
19402,0.3670407334316186
19404,0.13199390001708158
19406,0.09599887533140469
19407,0.43665775859609296
19408,0.21467776696990312
19409,0.3583563303106609
19411,0.8076910567351445
19413,0.6463352914236908
19416,0.7907859798112132
19418,0.7810018161900861
19420,0.3565252350749105
19421,0.3293764200467984
19422,0.6951072787504482
19429,0.6303949233278625
19430,0.45631186524897566
19432,0.596902370338752
19433,0.07051760025142667
19435,0.6680716771498729
19436,0.7215119579152727
19437,0.700608883167819
19439,0.13491794333531534
19440,0.4508360925263454
19442,0.3615375730291339
19444,0.04817977402252426
19458,0.1371798100200012
19459,0.9235757887607859
19461,0.24385006771089685
19463,0.3513611199078271
19466,0.41371559277868636
19468,0.4851852613310079
19470,0.43919741811582524
19471,0.16547974650271946
19472,0.6334919763795546
19475,0.6722542455575443
19476,0.643661178968957
19481,0.24292322870178557
19485,0.7947655470118687
19489,0.865567226852104
19490,0.5124047012430604
19492,0.3946038298962891
19495,0.10073694117090636
19496,0.28693891866501237
19498,0.8245751575684823
19503,0.7982822230489657
19505,0.8260464174380258
19507,0.31058113244379276
19509,0.6144680065152898
19511,0.9324468161957797
19512,0.2306535815442792
19517,0.7079260496840738
19520,0.7680306740619794
19524,0.6015564535697726
19528,0.7587795165941785
19529,0.7596844266114328
19533,0.4282376258594428
19534,0.3418926768599166
19538,0.6663646425896785
19539,0.4556261353106666
19540,0.6545096557509854
19543,0.7611247448450834
19544,0.8165581307463168
19545,0.581243659098605
19546,0.600127600304219
19547,0.654754106706722
19549,0.7541142595793835
19552,0.2425890994662231
19553,0.5167077770357281
19554,0.12433734638263495
19557,0.6626096319403926
19560,0.6845133214402626
19563,0.41477851907011215
19565,0.7552451398617579
19567,0.30056002069877935
19570,0.7977653075110728
19571,0.20878645473246324
19573,0.6791216735725782
19577,0.6671916087616728
19579,0.6253909532608009
19584,0.6002840228080901
19585,0.4149572324087481
19586,0.8037531420967909
19587,0.7705353720666512
19588,0.3027918026362126
19589,0.45033891204653237
19590,0.15809796057307737
19591,0.7129518832875976
19597,0.7482094421546087
19598,0.28509757943732894
19599,0.8984164448334665
19600,0.3896494104696006
19609,0.9994501420919553
19610,0.8398157646879496
19614,0.8601284665768865
19615,0.34329424542604553
19616,0.07254954693477798
19620,0.5208953541054391
19622,0.668060627987539
19625,0.26606105440031436
19627,0.8211658881824445
19628,0.38175134883392353
19631,0.47146256519911073
19633,0.8507283828155212
19635,0.12392571149087353
19637,0.31905853764007014
19639,0.26791238989568267
19640,0.8415731956273881
19641,0.7555861767358661
19644,0.8160554399003771
19645,0.15805879337051915
19648,0.7317582822053699
19649,0.8415530929996962
19654,0.6420033593264548
19656,0.6677461850525575
19660,0.27901420660531207
19661,0.8071546303320943
19662,0.4009490911195088
19665,0.4203398916563159
19666,0.3157812051790866
19667,0.6753801730049471
19669,0.5899757145321768
19671,0.15010870821372987
19672,0.5916657193055666
19675,0.3752296663505626
19682,0.1679542939537886
19684,0.13627062550994437
19685,0.6273206330215214
19688,0.13172862704339033
19690,0.8234701836985728
19695,0.24452618211462973
19696,0.17514077060043387
19697,0.44201265004915796
19701,0.8216401508697824
19702,0.55916779979881
19706,0.6464997344236084
19718,0.40644923588456
19719,0.41467030167044827
19720,0.8576785983913762
19722,0.5522005068132277
19731,0.7615086867762008
19732,0.09691161448899611
19733,0.7424744737967479
19734,0.13532392636605384
19741,0.19987729802691653
19749,0.19311828167438336
19751,0.7581801829859588
19753,0.9104865398901975
19755,0.7917300940794831
19763,0.38280527234595396
19764,0.40741736851778615
19768,0.23298182539882864
19769,0.6494945286842406
19771,0.2619403848772572
19772,0.45700958303641626
19775,0.27399765073453075
19776,0.15842730308605427
19777,0.17288336269429794
19779,0.7459858483043581
19784,0.5997925824602278
19786,0.8559977719568926
19788,0.7638498628151223
19789,0.4571319348424672
19791,0.1139185333595839
19796,0.3435487596883592
19797,0.18719685574390163
19799,0.7428322507563614
19800,0.8155230862562728
19801,0.33925568427683683
19802,0.43816322252154105
19803,0.3196566893451459
19804,0.8786124072484939
19807,0.4984579498186144
19814,0.32744692610863735
19816,0.21198834004398937
19818,0.38939541976706815
19820,0.8060848033281276
19821,0.1334742542779153
19822,0.5479884375246425
19823,0.0932764165532367
19824,0.4233113683215593
19825,0.4291527715026203
19827,0.400001913440631
19831,0.8019317909369346
19832,0.31186943974669024
19834,0.8039854090406884
19835,0.0670457016687473
19837,0.29539558472450395
19839,0.9213959511697349
19842,0.32505824640151765
19843,0.4402463385587794
19845,0.8077134175690905
19847,0.21070557659706413
19848,0.5227337291811556
19850,0.5509506813981508
19855,0.3772217306014967
19860,0.5976417011801166
19862,0.9511609368370738
19863,0.6796152207528191
19867,0.44769772986686784
19871,0.43496609447581525
19872,0.48495198268371104
19873,0.8145885371630708
19874,0.2615439456794398
19875,0.4527714279743871
19878,0.8894217105147617
19880,0.5951463713622411
19885,0.8579618956325726
19886,0.12774664544541114
19887,0.5328648906058033
19888,0.5155502919238971
19889,0.6071078042866627
19893,0.5564717188458109
19894,0.6051370348023062
19901,0.630251983713523
19902,0.43588718171472585
19905,0.6679195941543185
19909,0.34550038429111973
19914,0.8853038719796114
19916,0.25246644969543164
19917,0.8396477707854144
19919,0.19273173741200947
19921,0.8042699798559505
19922,0.35765197065087345
19923,0.024320520636202395
19924,0.1919484124168275
19925,0.2767370181730824
19926,0.29564994314696225
19927,0.21566496104561975
19932,0.8901085554492283
19934,0.37438532883357334
19935,0.6697596599512006
19938,0.9759439334823837
19939,0.501585750192882
19942,0.7029416132471161
19943,0.726229915186211
19944,0.40410983353977825
19946,0.18418071298725347
19948,0.5034382873184743
19949,0.8235039271791198
19951,0.6562532572265395
19953,0.7262580955352637
19954,0.5943614882090862
19958,0.4039784072543825
19959,0.7172298823265925
19961,0.1630492513912965
19962,0.6026108996134544
19964,0.430478955954555
19965,0.813045967560391
19967,0.2861723008750995
19968,0.26667028654959446
19971,0.7511521542787725
19974,0.6865378644291809
19975,0.14120559650187475
19979,0.3955793463898475
19980,0.8729444546233984
19986,0.4945529864755434
19988,0.7598898223004809
19990,0.6856483522884163
19995,0.6732700967910537
19996,0.2604232925513786
19997,0.9848241437026172
19998,0.4784055468073259
20003,0.24216825197852607
20007,0.30073751205715615
20008,0.1742312707546053
20010,0.7855121597559254
20011,0.660722257611807
20012,0.2276609699718118
20013,0.5674779243978055
20014,0.5975519397038337
20016,0.4330899390258698
20017,0.7031280349441806
20018,0.17709090105493283
20019,0.6209336765278183
20022,0.3552231341612107
20024,0.3390360729937623
20025,0.47345402699362815
20027,0.5125683370683247
20028,0.7720394611953414
20029,0.6105974812483055
20031,0.4508287720526536
20034,0.6538866661462256
20036,0.8441068745920957
20038,0.8462375127492033
20039,0.4483138510812475
20041,0.974337575057883
20043,0.4781044898420604
20045,0.8205052758170482
20047,0.16493258845606706
20048,0.3724455507928532
20050,0.8196971110847993
20051,0.22678383692965084
20055,0.5399272334811294
20056,0.4265167537062587
20058,0.7655506971434552
20062,0.935804656645937
20065,0.46893976167267953
20067,0.7324388963894477
20071,0.686022370384293
20072,0.12998294309535408
20078,0.5423214147147997
20080,0.2752299169466722
20081,0.5186540667141715
20083,0.08917570244352728
20088,0.8245302027705335
20089,0.49513068242819036
20091,0.3193641609472983
20092,0.3489047871604089
20100,0.7398034476718812
20103,0.4125963137465841
20116,0.8544237260528794
20118,0.2752583299119763
20121,0.2333767624807295
20123,0.7473710272479761
20124,0.6480343474407783
20125,0.754682979597717
20126,0.4046654231743042
20127,0.3791730744310611
20128,0.49894756593698053
20129,0.4640764551441048
20131,0.1922865659095142
20132,0.4304380530661383
20141,0.6467987101553873
20142,0.42888446686117343
20143,0.8140040773323121
20144,0.7562122678463958
20145,0.505037008917351
20146,0.7187441289204709
20147,0.7663018273273117
20148,0.2587698669161513
20149,0.7656895895465228
20154,0.3602334325190312
20155,0.39522854881782815
20163,0.7063585091188372
20164,0.6319499884694275
20165,0.5722083061187345
20167,0.19287578125692093
20169,0.6896035294551572
20171,0.6045122982602947
20174,0.6055008701233774
20178,0.500540394326067
20179,0.4841784062488424
20181,0.13081295866490125
20184,0.9130082331736659
20190,0.12640429554291413
20191,0.6054084180425353
20192,0.5991181698855272
20193,0.40390891612929014
20196,0.3987587836255908
20201,0.8765832411986866
20206,0.7412064666774794
20208,0.3667676495570611
20209,0.1388044381385401
20211,0.6210765372368621
20212,0.5644983935369936
20216,0.6007637796339996
20217,0.6538192661738688
20219,0.6279789667199253
20221,0.6010455618970676
20222,0.7689068098999685
20223,0.6328589793214079
20224,0.19309506247114644
20225,0.5593044860546975
20226,0.6339810589505207
20231,0.5879223216346768
20233,0.2228648187755926
20235,0.3703208896796841
20237,0.9054963208569355
20239,0.6256146580860452
20241,0.36653397136264404
20243,0.12871160183360356
20244,0.9908257200308132
20245,0.8154316659647819
20246,0.6762869756736553
20250,0.42477117807921905
20252,0.6474314991557908
20253,0.6081820288129579
20254,0.6999796436454626
20259,0.4100466778616711
20264,0.17538254140934534
20266,0.2596021063788105
20268,0.8837817923955054
20270,0.6716272857069157
20274,0.17269720516662584
20276,0.35958904637196804
20277,0.3991465740707742
20280,0.2578255933323729
20284,0.8641924902618843
20288,0.6905088898615758
20289,0.5569016524166339
20290,0.5206039966239971
20291,0.6336877040202922
20292,0.17164870321086617
20293,0.4330736742469886
20296,0.8572283903862511
20297,0.8759825953464033
20298,0.600310852171274
20299,0.4321095279894838
20301,0.7934987011277512
20304,0.12745850515015192
20305,0.6487487247573024
20306,0.23678007746333263
20307,0.4712346998189412
20309,0.7016033771568125
20310,0.17846863006276503
20311,0.3963570754339885
20316,0.4711126112612291
20317,0.8491311652796438
20318,0.43115538214823085
20321,0.5084169236793046
20322,0.395199163228429
20323,0.8921635101315762
20324,0.5039238585582606
20325,0.3705597424849814
20328,0.1941014683622714
20329,0.3232612399590799
20333,0.5498016184644477
20335,0.48794254741817306
20336,0.521329129069501
20337,0.13901639144026123
20340,0.594832573905043
20342,0.11418208913565711
20343,0.8493290857411236
20344,0.7450343449371899
20345,0.2913824983469965
20346,0.15685237343707653
20347,0.15605512495876822
20349,0.580121215518803
20351,0.023411558394561417
20352,0.6487360661661795
20353,0.1567185197698815
20355,0.4184910346200813
20358,0.2781656481192538
20361,0.3573471581674516
20362,0.6965151590691061
20363,0.3545357840507651
20364,0.16152284226284433
20365,0.8425803683017206
20366,0.28512725653077964
20367,0.23341754828305045
20368,0.6421630165479661
20369,0.5497338532543009
20370,0.19718940602111615
20371,0.6539539085416902
20373,0.48665895709606394
20376,0.17879342177651927
20377,0.6226018176883886
20378,0.2940840207864482
20380,0.4295229624552843
20384,0.2770317124728686
20385,0.562359210822394
20386,0.8829002339023199
20387,0.3640973182022748
20389,0.6002748213623851
20390,0.6506646736794958
20391,0.7217985315199895
20392,0.39505394339458433
20393,0.7126396424578957
20394,0.3344419176122879
20396,0.6954184719854543
20398,0.4282021773712118
20402,0.8320196143929034
20403,0.8029379478216626
20404,0.7674713868932975
20408,0.47031448955472405
20412,0.4144935582792897
20413,0.09749521685351162
20414,0.8728368146089942
20420,0.7155083247196613
20421,0.7749532524260695
20423,0.3934485914428471
20425,0.8216073444481583
20426,0.6301513099253387
20428,0.8062340187574678
20431,0.5213306608838963
20432,0.3556060991276698
20433,0.8305643927006419
20435,0.5469721156167784
20436,0.1858012547577547
20439,0.33090954501560776
20441,0.46446939335760623
20442,0.8705039624071522
20443,0.6701929614423221
20444,0.40440251164692603
20445,0.49972890451898433
20449,0.3311018556805165
20450,0.6045483912750457
20453,0.6146543491399642
20455,0.19367035247494427
20456,0.648594091724166
20457,0.6525202766561609
20458,0.251417373560883
20459,0.3428716995061208
20460,0.09776410802023332
20461,0.5219632512017046
20463,0.6135750981008821
20464,0.686016273559135
20465,0.32992655418391864
20467,0.6666334443300538
20468,0.5692279557182955
20470,0.7223561319682009
20471,0.6699619062359126
20474,0.20146727243399834
20475,0.4360216618183621
20476,0.3761913965004743
20478,0.22293942630318142
20480,0.7909524070132894
20482,0.7211373124985261
20484,0.2870247283545951
20485,0.8689374683930903
20486,0.1630205690129984
20488,0.7517962023117007
20491,0.6233808103068593
20492,0.5383471648982123
20493,0.3000531589786242
20496,0.6292346770782208
20498,0.41861321269945784
20499,0.7255609422599328
20501,0.63574343243544
20502,0.28089583764197873
20506,0.4625767923938454
20508,0.2163186144705756
20509,0.39946789391121074
20514,0.8417284390538138
20518,0.4513117045529475
20519,0.1531096815751222
20520,0.4239186488611358
20521,0.885594258539328
20523,0.5487741583484909
20524,0.16774045547977973
20525,0.876310636350417
20529,0.721732977845907
20535,0.6215885286701642
20537,0.5098956850127918
20538,0.8495493495642982
20539,0.8892684701942549
20546,0.13959811647476064
20547,0.34781042979620325
20548,0.8609531669694928
20550,0.6235506645902078
20552,0.252932475834307
20553,0.6585855517125137
20554,0.7537691386325769
20555,0.8165392411403326
20557,0.8982156538404356
20559,0.8325623800340539
20563,0.12614326253361846
20564,0.3762735634497717
20568,0.22371073665165406
20570,0.5335387968351115
20571,0.8598673867427411
20580,0.2642255852463865
20584,0.8088813967300986
20585,0.5433865333464148
20586,0.427876047620467
20590,0.23079351503296444
20591,0.5246136718497658
20593,0.6202704253691534
20594,0.5588396002133477
20598,0.47748331813847944
20599,0.5346040790978633
20600,0.6452202837172323
20601,0.6372477600238557
20603,0.4201083929305436
20604,0.2721771755217199
20606,0.2683654061545749
20607,0.7313400001754533
20608,0.4121034669684064
20609,0.7075595794970768
20611,0.779531033775526
20612,0.8775605462852402
20614,0.34393494070817227
20615,0.5316186529335507
20616,0.5818630670818111
20617,0.09024616065560825
20618,0.21450346676546997
20619,0.7223906209212437
20620,0.41661276669683334
20622,0.513637671006642
20623,0.27553763748919424
20625,0.8157278105066617
20626,0.4976385026025616
20630,0.6182371721183392
20631,0.8378524893085063
20632,0.2789566736632144
20633,0.7530672315012161
20635,0.4288495803502178
20636,0.7787425298797337
20637,0.32940137523723306
20639,0.6416030543261653
20640,0.5880182596477886
20642,0.8373854357173156
20643,0.3698129424467569
20644,0.22279261628651487
20645,0.3703449226241849
20646,0.3809953630064962
20651,0.8394203412841501
20654,0.7638883664376399
20655,0.05716039737329418
20660,0.6753680952327231
20662,0.5166176634747718
20664,0.2645480990438047
20665,0.2366668910377842
20667,0.5607036081525654
20669,0.628862477460423
20670,0.8577629218060797
20671,0.6009137506355022
20672,0.6370663309066263
20673,0.6086807560360173
20675,0.9328975798421175
20679,0.8764804623821589
20680,0.20771817439875923
20681,0.34827648526388955
20685,0.6837097760003329
20686,0.8652766845920318
20687,0.15833336282676772
20689,0.34695941882568004
20690,0.5065761483156287
20692,0.4480507243610558
20695,0.24206139542928223
20701,0.9191507211425176
20703,0.6610385014444474
20704,0.2763699914043881
20709,0.5820055440828207
20711,0.6783451740277271
20713,0.6727626651723857
20714,0.3172456702775841
20716,0.5238139888295882
20719,0.7657271218377372
20720,0.18818276161877368
20721,0.006130661334968917
20726,0.4568047033944838
20728,0.7166709473705485
20730,0.3537124762689806
20731,0.5159425010093276
20732,0.862649879627498
20733,0.27599027925607506
20734,0.7505094598701283
20735,0.786470789090823
20736,0.4333985944782168
20737,0.3364060851189175
20738,0.44912882871143395
20739,0.9179959082477563
20740,0.8879153395423812
20741,0.5813938491201698
20742,0.044525054613782526
20743,0.19568591898488064
20744,0.8450999148417183
20747,0.7864576109623824
20748,0.32651817455740945
20752,0.8234020024853741
20756,0.3355713726559643
20758,0.4446958515789268
20759,0.45389430294436106
20760,0.13515382853195115
20761,0.5245453592596908
20763,0.7744307157433141
20769,0.26924500311038824
20770,0.8725733123656461
20772,0.6923348126170423
20774,0.05891197123661347
20775,0.7697375823670144
20776,0.6238208197110211
20778,0.8700810268737087
20780,0.5799324298419672
20782,0.9200801208692408
20783,0.301021224077179
20785,0.7984039449425918
20788,0.5598374895015045
20791,0.4139653300725453
20792,0.8751062384786304
20795,0.23781997904407365
20796,0.5405649834124914
20797,0.24459973053015524
20798,0.8191101267960641
20801,0.19435472718312927
20803,0.5703129841732876
20804,0.4034536006077392
20806,0.7916930927143199
20807,0.36557741253522164
20811,0.5213599673546678
20813,0.8391390436210029
20814,0.7589147523247618
20816,0.3778307795219456
20817,0.41371870733257604
20818,0.7679402401062365
20819,0.4975900719290944
20822,0.22960545187918552
20827,0.3364653119943445
20830,0.39311268402957406
20831,0.7963084011245622
20832,0.36197500231031826
20833,0.6439007087921113
20835,0.4986554666695931
20836,0.18522723706001246
20837,0.2653033715314629
20840,0.5378459825169225
20841,0.9134133569617611
20848,0.6719060378818621
20849,0.28652972218170253
20851,0.6021889906446699
20852,0.5011346652229615
20857,0.3583331872903922
20858,0.445707393505601
20861,0.36322614275612736
20862,0.7827396472239969
20863,0.4506822802063259
20864,0.38054753287057785
20866,0.6861875107714823
20867,0.9322111653424325
20869,0.25853318316929946
20870,0.8091218162360468
20871,0.34479631522582227
20872,0.278396281247438
20873,0.554809337083795
20876,0.24641412351636383
20879,0.212096113409423
20880,0.6299438209682848
20881,0.6361843099333516
20882,0.5296722483541102
20883,0.7161292076902233
20885,0.7971818730847897
20888,0.30915970204102944
20889,0.8957505817842549
20891,0.49188763595347607
20892,0.2561942397378639
20893,0.11369481229516372
20894,0.4456753633075291
20900,0.2459363884514585
20901,0.6706417216427437
20902,0.4144591551220676
20904,0.8168363323036861
20905,0.8390494679747922
20907,0.0862042225396967
20909,0.41490269349316855
20911,0.9091372525614785
20913,0.5244571514355514
20914,0.6094178814680133
20918,0.6667269324235721
20919,0.2015429383926562
20921,0.14319739561431657
20922,0.2951394989672538
20923,0.3310663707441947
20924,0.4508635350720988
20927,0.3944415697848134
20928,0.22851941316427654
20929,0.8583472572176117
20930,0.808535265035104
20931,0.5167974859733415
20932,0.25068389206902186
20933,0.18518371615515586
20934,0.5043060435105501
20939,0.40573641878258127
20943,0.09171245674627687
20944,0.7095473482230977
20949,0.4459115234355108
20951,0.7228831782089926
20952,0.1473482909057131
20953,0.7434106416866081
20958,0.7302422056122487
20959,0.9116534243800591
20964,0.6420195486627213
20966,0.768811657170893
20967,0.1873562855990143
20969,0.5708924557321207
20970,0.22699499858976524
20971,0.26486689655590895
20974,0.12398362124912372
20976,0.16143683692961638
20977,0.46211078874795225
20978,0.3440885586717388
20980,0.47746312231670834
20988,0.6114707253456857
20989,0.14846478612900904
20990,0.8044548019127514
20993,0.2608066165186199
20995,0.5127068974658318
20997,0.9014911723018244
21001,0.19335533082950057
21003,0.5323715653302684
21005,0.7943379068872872
21006,0.4091618051121614
21008,0.22332217102297824
21009,0.8815246881150586
21010,0.5970696843026395
21016,0.277945746821331
21020,0.6878088605338893
21022,0.611127642730618
21025,0.12979770705630542
21027,0.4761730910478488
21029,0.3546895866135984
21031,0.5790965379074459
21032,0.47922230431634266
21033,0.3643172102133823
21034,0.5011826937052497
21037,0.6036482605689786
21040,0.7945165858654045
21042,0.9650918699719372
21047,0.7429283820236843
21051,0.8534391172251996
21054,0.2998990704640281
21055,0.5152531903399282
21056,0.29866810375299163
21058,0.42041125874247104
21060,0.7510797109539665
21061,0.5187179081046321
21062,0.4959300713026664
21064,0.6031072424010451
21065,0.06441036156287534
21067,0.32176742782297846
21070,0.7489395431219532
21074,0.3125602066498613
21075,0.6431415006700275
21077,0.11242049765544727
21081,0.2859234699773681
21084,0.388571673048069
21086,0.02640996873660124
21087,0.6841503441664674
21088,0.5550275394296847
21090,0.3178606687332277
21091,0.5470280527696534
21092,0.3509726805034669
21093,0.7557511654152849
21096,0.3406313498171007
21098,0.23711650274420762
21101,0.921849601100188
21106,0.44075816901757014
21107,0.4552217760228457
21108,0.6652904091605496
21110,0.5572377823457442
21112,0.619102833824372
21114,0.13994382097216476
21116,0.579292434321574
21118,0.638561636991335
21121,0.8771278159979924
21122,0.8317704082733535
21127,0.6696307646952488
21129,0.9226273147743157
21130,0.8221363410507866
21131,0.7631068569542511
21132,0.3244843995650416
21133,0.12425964474871924
21134,0.8111349502756152
21137,0.8238043089211041
21138,0.48414821771181754
21145,0.868255094585772
21147,0.19274870961553447
21148,0.4033893743500331
21149,0.27480386900944015
21151,0.8815734810477983
21152,0.4779718710904494
21154,0.9486791143668827
21155,0.19078688132164143
21157,0.4707596146795666
21159,0.5265061820997305
21160,0.8881263926527135
21161,0.6601936144801471
21162,0.5147563277475851
21163,0.7190063191731949
21164,0.20594886660684103
21166,0.8261778204638717
21167,0.2466983734554497
21171,0.5242650317465265
21173,0.7097659621443743
21174,0.15453968815078126
21178,0.3692301501853664
21180,0.5449486200309588
21184,0.34971305029266775
21186,0.5406263011745169
21187,0.4615696683008534
21189,0.7581919711565033
21191,0.20797213250561186
21192,0.5723554812484167
21195,0.5336932679975008
21198,0.48942946907624096
21200,0.8959773155960382
21203,0.8439837821285817
21204,0.4261347028990522
21206,0.6039292751627726
21207,0.598439637670085
21208,0.14264315446811202
21209,0.6832371035113423
21210,0.6472228139986408
21212,0.35900755287209557
21215,0.3614380861869616
21216,0.35123876023179174
21217,0.023322306117498845
21218,0.15985376218845454
21220,0.9163577259649242
21222,0.6104702212129011
21225,0.5497011521789616
21226,0.7042797897096837
21229,0.13716924921587553
21231,0.45022798850159684
21232,0.6499576467014218
21235,0.7657952925012722
21237,0.40182745604511816
21239,0.8351585409068988
21243,0.06600599081367896
21244,0.572435375267255
21245,0.9567035698582215
21250,0.6931361478730877
21251,0.5259945402384075
21254,0.3505081715219162
21255,0.5315063536044361
21256,0.9068151249794324
21257,0.44095244391998806
21258,0.6089470702401605
21259,0.08796266353408973
21260,0.43171560414669957
21261,0.4486363427667534
21262,0.5749150171199016
21263,0.5606394844295978
21267,0.799197019924645
21269,0.32427938246666244
21275,0.8349793926508913
21276,0.5962222684012773
21278,0.8019943921558317
21279,0.229410511146149
21282,0.16855578501336718
21283,0.5677076608723434
21284,0.1359791452097517
21286,0.48316826885822384
21297,0.4285229145630265
21298,0.49130462146472664
21300,0.8551295854215037
21302,0.4141255674827514
21304,0.5047170033593174
21309,0.5704315289100141
21313,0.2619245363218448
21317,0.7416389883288422
21320,0.4674527247639186
21322,0.6450214370846323
21323,0.7523169302983819
21324,0.7965372947957016
21325,0.6732353574608547
21327,0.3673427518945885
21328,0.4083135705969838
21334,0.549231177299081
21335,0.841044577444124
21337,0.4060784053020221
21338,0.9394256032754771
21341,0.3268453805918517
21342,0.25845326283730347
21344,0.8873977096135276
21349,0.18449613482127822
21350,0.7619315216015742
21351,0.5981382081059061
21354,0.9577697391377351
21355,0.47343542061149946
21356,0.2818575755374317
21357,0.6398325503347321
21358,0.11576017964596234
21360,0.8799309468316489
21361,0.9068348031895743
21363,0.48559615910120746
21365,0.652676154631835
21366,0.7530763858977607
21368,0.3909968566516946
21369,0.6495258985332196
21372,0.5756802281708091
21375,0.8120884810430955
21376,0.8856436545185561
21381,0.9316144602500943
21384,0.7779625991680198
21385,0.08761793154409096
21386,0.24415572687541506
21389,0.533729971624476
21390,0.2552612623959081
21394,0.4003451633551995
21395,0.43189938005868506
21398,0.5799698438801385
21400,0.9061187601142725
21401,0.7832977112605484
21402,0.21855209819489946
21405,0.8926254431695178
21406,0.5136368175603738
21410,0.4156645896261262
21411,0.5578114313302152
21413,0.9472839412739302
21414,0.6788211362500317
21417,0.2720473063485064
21419,0.14486996022861198
21420,0.3831475622917996
21421,0.6710778673794175
21424,0.7298922351412539
21425,0.42561193048171264
21429,0.21650842665139775
21430,0.8937665594052966
21432,0.29067636228618093
21433,0.0477278183779688
21434,0.05337507338178669
21435,0.7257781127519428
21440,0.3052112645679374
21441,0.4144665629406634
21444,0.7531667546351963
21450,0.9401216111980215
21452,0.14110991116544547
21454,0.43041024368510006
21456,0.1748431367517705
21458,0.60618411120057
21459,0.8805939931823674
21461,0.7984233825328096
21462,0.4968243939197086
21467,0.5116613162155411
21470,0.3123171085200406
21471,0.6248691610850533
21474,0.6092995535600233
21476,0.7779628159140621
21477,0.5232069965812094
21481,0.17505661929476785
21483,0.773360893682646
21484,0.32292100018849274
21485,0.3290913974439358
21490,0.8518611039194162
21491,0.7850349897709922
21492,0.44523276929863354
21494,0.5271399878832513
21495,0.8637834137518726
21496,0.22804733936519028
21497,0.7007088831687105
21498,0.3443459961332732
21500,0.7500700652269681
21501,0.5595618561516266
21502,0.9002226505612254
21504,0.5625915364977038
21509,0.2553587059972025
21510,0.7063290858558899
21514,0.46706206829312447
21517,0.6320482648668082
21519,0.10510448959457945
21524,0.8738662337575992
21525,0.45454713058493107
21526,0.8583695735066682
21527,0.7810420226812257
21528,0.5812179751057858
21531,0.2188117960787838
21532,0.2956886321265367
21536,0.39573411326435676
21539,0.5012030338688451
21541,0.806092505621441
21545,0.22078361737878585
21546,0.2617537483140931
21547,0.14047517895914077
21552,0.3237065822111773
21555,0.7794354234087757
21556,0.6393828799552974
21559,0.7243560820523208
21561,0.872080077309019
21563,0.8371537547266515
21564,0.17645086718492867
21566,0.6512192153194438
21567,0.15807368496084673
21568,0.7221744745856087
21569,0.034863062515680936
21572,0.7138006869093414
21573,0.6840402711768033
21574,0.637908776682192
21575,0.39643307046966925
21576,0.45828735819577254
21579,0.7302500840150579
21583,0.12260696964887573
21584,0.6224015349853131
21585,0.857046039027688
21586,0.5042820553441528
21588,0.6169800441339639
21589,0.09295218309095217
21592,0.414898639972003
21594,0.766947112683737
21595,0.6214636576916301
21596,0.7384303184620248
21599,0.8503797187770783
21600,0.7522370938010335
21601,0.3274818985754625
21603,0.4577248163216898
21605,0.9249721705741748
21606,0.7013037068413202
21607,0.9674339160992836
21609,0.8647562046804088
21615,0.1841691373598139
21617,0.12665505629252863
21619,0.37410698580619495
21620,0.274670936871737
21621,0.19953251832086671
21622,0.7935252825067068
21623,0.1443721878133624
21624,0.69907951836426
21625,0.4204974651907117
21626,0.7546821421755319
21627,0.6845639737535557
21628,0.6240471432512628
21629,0.0656710319958327
21630,0.8611229683000001
21631,0.8514722669803412
21632,0.2312613826164054
21633,0.36374906592130174
21637,0.25837885432498503
21638,0.5972162522427883
21639,0.9195872454436702
21640,0.14910902807962692
21645,0.4746232438391628
21646,0.4464686713310728
21647,0.2980097434314966
21650,0.5782027975494547
21653,0.8340841051976106
21654,0.21490376038115652
21655,0.32399640868484436
21657,0.3385195131591124
21658,0.782964046309438
21659,0.6574772493105988
21660,0.6307038544429052
21664,0.699169377567796
21665,0.6215156574538186
21676,0.38729976155549856
21677,0.3766385254378498
21683,0.19736562864965715
21685,0.32014808429496544
21686,0.7696196687142428
21688,0.45152233005347614
21689,0.4223646133854272
21697,0.4387557591385261
21700,0.5333182508520227
21701,0.6991800439419156
21704,0.09944894599544327
21705,0.38341741289489434
21708,0.7329785706433083
21715,0.932390704655959
21716,0.4050466351830032
21719,0.6284438134154968
21723,0.6863526320249745
21724,0.613234739375091
21731,0.636161385051163
21735,0.4353587631430865
21736,0.41990432753027934
21738,0.7648606416931621
21739,0.4380510435982252
21747,0.7633996558493525
21750,0.7590330199216135
21752,0.127016827905445
21753,0.2947422940516016
21754,0.5509716930871533
21755,0.07352254236718163
21757,0.7186274926384677
21758,0.18986508177648823
21760,0.7473053044035033
21762,0.6911636524819296
21764,0.813112522113417
21765,0.7291323492689353
21767,0.29209539741616153
21771,0.2341751006245523
21772,0.9278798041277513
21774,0.11312353036012004
21775,0.5391957916895614
21776,0.3015475828755857
21779,0.9623060389052077
21785,0.7034514891265008
21786,0.31054958268676963
21789,0.42183229122424387
21791,0.6467841243032101
21792,0.21548324910327313
21795,0.4616196643618561
21805,0.8148709542678582
21807,0.13397768791048528
21809,0.5996333074850076
21811,0.09567967859312353
21813,0.7073734037738393
21814,0.27497610739620565
21815,0.16013979093191527
21817,0.49396519454065074
21818,0.003003093287930312
21821,0.6495143996726015
21823,0.4636478976332858
21824,0.33953016245093126
21825,0.6729260029185304
21827,0.1649998736761311
21829,0.2858591960664417
21830,0.18827030357433377
21831,0.6810300690551744
21835,0.623599614278719
21837,0.6381543554451629
21840,0.8273411886430229
21841,0.26945745920507286
21842,0.8556036532611939
21843,0.40285741408414033
21844,0.5298277330227099
21845,0.5123844288915695
21846,0.4984383702897797
21848,0.5542142985879349
21849,0.24031513071044572
21850,0.6565468248889108
21851,0.9656340301956445
21852,0.61519787710774
21855,0.28560763348952023
21856,0.5093334750647421
21858,0.4846533188970921
21860,0.6870532814037523
21863,0.7277866645558092
21867,0.3730836642412512
21868,0.9397069779221457
21869,0.5121742347466742
21871,0.30123554508975614
21873,0.6168023350778151
21874,0.2540917620482304
21876,0.8345678928732904
21877,0.7627488175176248
21878,0.5292186985412657
21879,0.5513379217088374
21880,0.7161404882074868
21882,0.6177730557116415
21883,0.1203591663121632
21884,0.26982552789040826
21885,0.6748332708965602
21888,0.19957575785372364
21889,0.4983046883115246
21890,0.8908809004502117
21892,0.3281009493740232
21897,0.20056949788934209
21901,0.17086916772122732
21902,0.3078625781158164
21903,0.6130306757704594
21905,0.5429965965099685
21906,0.3615556771894177
21908,0.6653552418853228
21909,0.5718519036414509
21911,0.14786661755180225
21912,0.3075775044447587
21913,0.08474243172885416
21916,0.49134877650575187
21919,0.4569143084608172
21922,0.3747150700163179
21923,0.42358757893791776
21925,0.12220881728174539
21926,0.15486361876414703
21930,0.20590360430340113
21931,0.6214377682748023
21933,0.585055481916954
21936,0.6750016398299883
21938,0.2892805137939243
21941,0.8537587959511843
21942,0.7741827485077613
21944,0.5803612594343924
21945,0.7734057647989183
21946,0.3925799662102073
21947,0.7581953038652459
21951,0.3324682347228136
21952,0.08720260824127635
21953,0.1956703174024943
21961,0.31135589532711977
21965,0.37487952800559765
21968,0.7419280133399172
21970,0.23677701187446878
21971,0.4219767205673573
21972,0.1201985393955589
21980,0.9333417472497704
21986,0.49192989732603987
21987,0.6033493141402071
21988,0.3881655425424157
21991,0.8508619137175394
21993,0.7668340498564293
21995,0.23768086149714107
21996,0.6443056379767105
21997,0.8513982810660427
21998,0.07322015525487856
22000,0.23425931254186888
22002,0.7994434737521132
22005,0.7974551582226628
22006,0.4488876895314527
22010,0.7317587682013734
22013,0.8392449687281247
22015,0.3266573329818875
22017,0.385612764350364
22018,0.7210665109030663
22019,0.5090165311182536
22022,0.6446488356150791
22025,0.7530226312258748
22027,0.9092782676892995
22030,0.7484649082848793
22032,0.8281411700067011
22033,0.36147483420334336
22036,0.10164824844259027
22039,0.4351199845811109
22041,0.7924711892486526
22042,0.2459113663982732
22043,0.7935591450465309
22046,0.4010291322231393
22048,0.7345701940344909
22049,0.4313754389800799
22051,0.5799246564988054
22052,0.4648106654051862
22057,0.1380381945057591
22058,0.6538611289802362
22059,0.615395872193469
22060,0.9094098183919723
22063,0.7082499653214996
22065,0.7749276279977177
22067,0.6177512274658352
22068,0.4598530807047954
22074,0.4538393874146033
22076,0.5308556963470075
22085,0.3239196653256397
22086,0.8723704071738524
22087,0.9027234026473568
22088,0.6885655246552742
22090,0.6580052718512491
22092,0.271012553834697
22094,0.2687748942551371
22097,0.14691169452172145
22099,0.740417539447021
22100,0.41246512740577584
22101,0.6769984057084801
22102,0.6658153112400615
22103,0.75154640716819
22105,0.21455962245680427
22106,0.8015657948699427
22109,0.2578741962083026
22110,0.8534096968832229
22111,0.8251186797342498
22112,0.726579994236404
22114,0.7258134163109269
22116,0.45397203241710665
22117,0.8165649887552894
22118,0.30211246018601445
22120,0.42784939316189163
22121,0.5174717333986137
22122,0.8914369928278887
22123,0.518032109567717
22124,0.73308159555648
22126,0.4456286887319242
22129,0.5983760339036825
22130,0.6041702715916686
22131,0.8289534298482054
22133,0.36773299509594876
22135,0.8155005928237099
22138,0.7703889579160005
22142,0.7389125034951175
22143,0.3684636110778713
22145,0.6119984270122332
22146,0.9394207432356794
22147,0.5871043156591964
22148,0.8185291092741969
22149,0.4793589650597146
22150,0.32179582698333065
22151,0.5831253018300864
22152,0.6710286279134368
22155,0.7110067990491987
22156,0.4933231102830487
22158,0.6460775736063941
22161,0.6859823623604077
22163,0.07317016860246868
22164,0.408792739361553
22165,0.14007336418014904
22167,0.6972697732539572
22170,0.3203454326228494
22171,0.46927019048105834
22174,0.3661650650796687
22175,0.38748894500244924
22176,0.46107467002317454
22179,0.9435565554926802
22183,0.7623998367697408
22186,0.2884248698281375
22189,0.7996303391228252
22192,0.6386289338674916
22193,0.3007901963508782
22194,0.2022141775407869
22195,0.2920547810723206
22196,0.6393132886724379
22197,0.8193947059838339
22201,0.7504067103512894
22202,0.7015101582829383
22203,0.7449536943248496
22205,0.6249300706381273
22206,0.2565076675723695
22207,0.41233199076116067
22209,0.3603462347687202
22210,0.4309468153729215
22211,0.46668610367995234
22213,0.743789999069667
22218,0.30631955213245365
22219,0.4392124666928941
22220,0.5181162321553736
22223,0.4914509910148886
22224,0.8863935431669039
22225,0.915810812256484
22228,0.244549509717022
22231,0.08246897184810764
22233,0.45510722453945385
22235,0.6260909053738001
22240,0.2726785503784158
22242,0.7290446581314454
22243,0.37627949936057165
22245,0.08950181395262764
22246,0.7031955063934952
22248,0.6153866867979864
22252,0.41455170608202907
22254,0.44744344083882204
22255,0.7686431588463429
22256,0.8414232601117668
22258,0.4179168070879091
22259,0.19919169567272849
22260,0.6856494812394573
22263,0.8675949147922474
22264,0.9611986251150431
22265,0.43295445109518604
22267,0.34636755548149156
22270,0.15122454245451647
22271,0.48236189452835243
22272,0.5391724179349645
22273,0.17463224380482908
22274,0.6119714653801132
22277,0.3566087625287413
22279,0.18750493748293864
22280,0.9062042376174364
22281,0.08508502765737373
22282,0.6319317995436031
22283,0.39592521956578025
22289,0.8774254029583158
22292,0.17768502061877423
22293,0.7032813024369784
22294,0.5546263121480413
22296,0.7307979625159735
22298,0.3109559153960776
22299,0.7624620768785715
22300,0.5455494415672334
22301,0.5072711085969114
22302,0.03021980691428541
22303,0.3423348428525608
22305,0.2891868001238659
22306,0.18266047004345812
22307,0.22246368506864772
22308,0.19032187928162325
22309,0.5413982211059294
22310,0.45006691610163196
22312,0.8087614970143304
22313,0.6428356377780223
22317,0.28028740380327577
22318,0.25856898977886345
22319,0.491002581171901
22320,0.3795504388595453
22321,0.7947639170207399
22323,0.2896644429299702
22326,0.8726872969040445
22328,0.3271138065426733
22331,0.5632530200124458
22332,0.21811589924523722
22333,0.7426434413354486
22334,0.6279164994731193
22335,0.6554254920486997
22336,0.11139070698800976
22337,0.40969849219707943
22338,0.6945690926833511
22346,0.3150416263392043
22347,0.05058564906549627
22350,0.8685722039814103
22352,0.6742709194557578
22354,0.11730659252420252
22359,0.8487762732847115
22362,0.6541338761278421
22363,0.8326642425928731
22365,0.2528764898221524
22367,0.24481297897573884
22368,0.2507929384349815
22369,0.7324423387465105
22370,0.09610376313123936
22374,0.9726809338357294
22375,0.5397013797107009
22381,0.2974090521524114
22382,0.6020960782334038
22387,0.4452949050822889
22388,0.5769409291078278
22390,0.2346630475434366
22392,0.4088265954814446
22393,0.23827879618619321
22396,0.44116157641663784
22397,0.5547911668451964
22398,0.23705696531911466
22399,0.49359784198261203
22400,0.637578455429832
22401,0.7638194661880435
22402,0.04681574227385879
22406,0.7961162703051046
22411,0.5734278228048849
22412,0.6055522696532594
22417,0.31947236547653135
22423,0.16751819736722812
22425,0.8829299706571228
22429,0.3569421276399712
22432,0.6645434584194433
22434,0.668112883301382
22435,0.11723063061050515
22436,0.26185074985821566
22440,0.7608756707062436
22442,0.7931683581001925
22443,0.5837150680055855
22445,0.18560122888574507
22450,0.24297352212742623
22451,0.8092896664300583
22453,0.3485012851886337
22460,0.5105002493070578
22461,0.558701623103892
22464,0.2211994303977968
22467,0.7055822210303156
22470,0.21247089789180593
22471,0.35899210517514857
22473,0.1859935120100279
22475,0.9098196899931914
22476,0.11003692238630565
22477,0.4084647132878609
22478,0.5873553800326713
22480,0.8892863082790325
22481,0.5350286427842963
22482,0.13945095123734294
22483,0.7101201150712145
22484,0.8580994968674523
22487,0.9381454408752109
22488,0.906483896241245
22492,0.16493791002151817
22497,0.36811646702731216
22498,0.08757742463131314
22503,0.5472409495586392
22504,0.5971567947422309
22505,0.7300459953696768
22506,0.8428298371895695
22508,0.9257957583940271
22509,0.4815306168243337
22510,0.050279804797279365
22513,0.6658322992365472
22514,0.6493272304907661
22515,0.3289732576542825
22519,0.5543861707976513
22522,0.5863436036865817
22526,0.5465931000009698
22527,0.1518657845626966
22528,0.47597692269718583
22532,0.9746759850869082
22535,0.5778313356194931
22536,0.3615183194530056
22537,0.5573359466620893
22541,0.07854059688942798
22542,0.3296868018642244
22544,0.8875911467180188
22545,0.39540966833061464
22546,0.8994521545850449
22547,0.21156963297033557
22548,0.22751322886621836
22551,0.7264763546969888
22554,0.09355262455536373
22555,0.37814148127828767
22557,0.33052614153089244
22558,0.717324390506316
22560,0.9341962841047411
22561,0.09684972008013623
22563,0.39540030105657326
22564,0.7576963253014457
22565,0.409495712938872
22567,0.6889366163661718
22571,0.6087786881404424
22572,0.25541945327187493
22573,0.23540696553085347
22575,0.3596885740780809
22580,0.4592659368672363
22583,0.6566797969632572
22587,0.49168103415548997
22589,0.4598391504908757
22591,0.26571285060187333
22595,0.43449373696639626
22596,0.5137304375391325
22598,0.8197516242983195
22600,0.7406859436456616
22601,0.8028962958051717
22603,0.14432982462718535
22606,0.734568769945448
22607,0.3454218833480301
22612,0.7212455537455397
22614,0.835466121400689
22618,0.5850416714840134
22621,0.765390918995498
22622,0.23442016587432327
22623,0.4162147773121287
22624,0.16410876471258964
22626,0.05593008887072512
22628,0.16296057975340544
22629,0.7249386531590207
22633,0.23225419668123923
22636,0.14062106106682676
22638,0.5835045926651764
22639,0.5544875916115072
22640,0.33132742220606815
22643,0.8833269993427095
22646,0.6691964662926042
22651,0.781934772326438
22653,0.9070959751253108
22654,0.345726242608311
22655,0.4390879602407803
22657,0.46471473693860177
22660,0.7255235832761145
22662,0.02868005255412439
22669,0.639536024876895
22671,0.27327635137865264
22674,0.18052944506602311
22678,0.3973826364573471
22683,0.4090635177101011
22686,0.7316471336888195
22692,0.2912378563821815
22694,0.4963838086879464
22695,0.6986665470922752
22705,0.5644022764472837
22706,0.5380333887358774
22710,0.2483389798605564
22712,0.4835600193439694
22715,0.1726555237662272
22718,0.7165313831970714
22721,0.4615237717421062
22724,0.5211618559512816
22725,0.5128235164134815
22729,0.6435818541893196
22730,0.3445483532545745
22731,0.24398369388340133
22734,0.11555171019348356
22735,0.6542491421032786
22737,0.5415057948715197
22738,0.4719661241821734
22741,0.04155097381024437
22743,0.27275703009830427
22746,0.5522982672928684
22747,0.20880113905792674
22752,0.10899486428337066
22755,0.7374786097944631
22757,0.7031807601862371
22759,0.5361035790035985
22760,0.2078115206428467
22761,0.8082044562538047
22763,0.24646479823117973
22765,0.20002424745912123
22766,0.7444222061397593
22768,0.5090004948749178
22770,0.37113834204808777
22771,0.3206386530033441
22775,0.6556361707356329
22776,0.2838499828625707
22777,0.7920484911296561
22780,0.5735587464678673
22783,0.5313316452030628
22784,0.25982205097209365
22786,0.3165354170700039
22787,0.49531215776950505
22795,0.680059586857843
22796,0.5210520426650284
22797,0.9818853331570793
22798,0.7762695299557556
22799,0.7622367738617658
22800,0.22374866330320034
22802,0.10908548061293816
22803,0.8084098119694152
22807,0.15395426908534532
22808,0.8421748745892718
22810,0.6597164788967743
22811,0.6629805881321449
22812,0.5520586970822489
22816,0.3718988549777223
22819,0.7607762021764294
22820,0.39141835965731203
22821,0.5908551865101461
22826,0.18104337713484708
22827,0.7263502080405791
22832,0.17404959808627166
22833,0.13784958259352226
22836,0.27176628827364163
22840,0.4220967218528158
22846,0.41780460647391554
22847,0.8368450255563903
22849,0.4417740385094714
22851,0.6604494122233716
22852,0.2806640132227548
22853,0.5892098401091901
22854,0.9934767746735653
22856,0.3219287683059548
22858,0.07445033300142723
22859,0.5993355957760684
22863,0.5733420923655876
22864,0.3644256518567883
22865,0.8135509003995903
22867,0.2145078896468609
22868,0.9348988850268903
22869,0.9568545324128002
22872,0.2044073772372454
22877,0.3029118308672545
22878,0.19361761618905224
22879,0.5525110401200859
22880,0.12871486174163263
22881,0.05364365923630324
22884,0.35489257826799425
22885,0.12644089057729152
22886,0.5014315240495341
22887,0.3818093066763603
22889,0.10307705772680285
22891,0.8280425694005918
22892,0.5483631971793613
22894,0.39254853298527753
22895,0.12482843545085744
22896,0.12976199621073364
22899,0.5815723352777442
22900,0.7099143890053595
22901,0.10844173782221972
22903,0.6697762924114569
22904,0.614426794836397
22905,0.7083986117123432
22906,0.14412189290826596
22907,0.4535249167799698
22908,0.3978085947426477
22909,0.6236708016569407
22910,0.8046604467116266
22911,0.29635988455027684
22912,0.19933706455768868
22913,0.6389332947541895
22914,0.9452731633992664
22917,0.08633420378666762
22918,0.822866176362187
22921,0.379445327657535
22922,0.3050951014757491
22923,0.25570153891936936
22924,0.9564791324126322
22926,0.8140177141262139
22927,0.21064026327083415
22929,0.11844001404357642
22935,0.5759384295742598
22936,0.5253583871792269
22939,0.5305530915889104
22940,0.4805112565076064
22941,0.4814801136388165
22942,0.5752405348614766
22943,0.9059895188695173
22944,0.3241120623832386
22945,0.24418433598608985
22946,0.2781197131013101
22947,0.5776820219230561
22950,0.2685253032150905
22952,0.527204072731012
22954,0.12445330331307691
22956,0.6112911459394025
22957,0.4601152782552359
22958,0.3285450230031355
22961,0.5168829521387677
22962,0.7969449261392554
22966,0.19648792401580706
22967,0.2751889347450211
22970,0.6250128485816167
22971,0.6477098786184253
22973,0.22195008172181793
22975,0.8326909395637743
22976,0.2325534315473736
22979,0.2632599244840503
22981,0.29394683026768476
22984,0.4397785288934116
22985,0.35385478377073876
22987,0.8986329933614091
22988,0.19039827322349634
22991,0.7273835393299478
22994,0.4014644642226611
22995,0.828011826691609
22998,0.48607823684710844
22999,0.34195558614284677
23002,0.6329071054728993
23003,0.5282072886319233
23007,0.6081340007819553
23008,0.4773468755818946
23011,0.16308805426268774
23012,0.9396281309184588
23014,0.4619502607966723
23015,0.8208994405678341
23016,0.35774380209347906
23017,0.35795436233232625
23019,0.6835016357570459
23022,0.40821113384399527
23025,0.4801258563792479
23026,0.5624192520642655
23028,0.25706153034561446
23029,0.5705016913398884
23032,0.37210909472593906
23034,0.530962942469554
23035,0.8217906877709544
23037,0.9814511544615077
23038,0.7879042425752628
23041,0.33257411118009067
23044,0.7583669912700457
23046,0.2661440025309866
23048,0.7004671523151095
23050,0.1473421337003366
23051,0.6150079974638181
23058,0.47521020917941614
23059,0.47724596392288476
23061,0.8808388843556945
23062,0.5744296633030965
23065,0.9356167897578428
23066,0.14360828582576757
23069,0.24227462575301034
23070,0.26339622642334204
23071,0.2394961886531273
23072,0.25297691219019564
23074,0.3224109368109108
23077,0.5958213001558242
23081,0.8926313095945709
23083,0.8936373949750008
23084,0.571552756229757
23085,0.4078143683774511
23086,0.39602325472530153
23088,0.8281064576883037
23090,0.3080518235449474
23091,0.7516345418035868
23095,0.16743196252235476
23098,0.28673131077695335
23099,0.3999974405548343
23100,0.15035800748144765
23101,0.74160564326963
23102,0.7976777844714922
23104,0.7952859926348237
23106,0.5361372467781836
23107,0.7372545533580861
23108,0.37483651382303684
23109,0.27290542591811884
23110,0.38572328900990566
23111,0.6588452178583182
23112,0.4153245278846696
23113,0.27662021017922855
23114,0.43606815298197005
23116,0.4744811143877937
23117,0.49509419609734456
23119,0.5029981916171868
23120,0.4809633162216033
23122,0.04135353415234405
23123,0.3215609011175104
23131,0.1261551625748084
23133,0.2272424276785706
23135,0.09239841365681377
23136,0.5667149367169868
23138,0.43848096105280887
23140,0.1368339041506742
23141,0.5628979326070696
23142,0.7220240901542908
23147,0.7820800708634195
23148,0.3534610280785696
23153,0.15636170388229226
23154,0.7421439329045745
23156,0.7805002935775064
23157,0.7304018447706567
23158,0.5490485089420486
23159,0.5156430266835185
23160,0.4363650306937187
23162,0.7631796839747201
23166,0.5399836325074157
23167,0.3025693262191641
23168,0.6858439443884784
23170,0.6858026601347257
23171,0.4904252461950353
23175,0.7647714635012668
23178,0.41472867230725224
23184,0.3148358959605411
23187,0.13838267783300873
23192,0.23147922838921228
23194,0.8689921886993396
23196,0.5550923732041874
23197,0.058958476906087395
23199,0.2043832037096453
23203,0.6111931506858376
23204,0.8994582684319375
23205,0.768541271656917
23208,0.6620949048543867
23210,0.5251418715409143
23212,0.34770968010960096
23217,0.7399184299244002
23218,0.9282893138568034
23220,0.9005679940312099
23222,0.6795305330684922
23223,0.4114489039579523
23229,0.42336121798694204
23230,0.839683393503889
23233,0.4621587436302193
23236,0.6552574703517308
23238,0.8070018231629055
23239,0.23678466262378497
23242,0.0650324990912299
23243,0.118951444431862
23247,0.5856236432970402
23248,0.9285612868437164
23249,0.7876157809362978
23256,0.34363879606846837
23257,0.7952036263452955
23259,0.30080465228407
23261,0.7419546095952433
23267,0.33760244589146726
23271,0.8723384044949012
23272,0.8682922427298052
23273,0.4264667268911803
23276,0.621141720548356
23277,0.5810454397026376
23279,0.6695375077969502
23280,0.6630715358997907
23281,0.5062297059912866
23284,0.6575315026537006
23286,0.6369889313277541
23287,0.2911262796546148
23292,0.9710528338763533
23295,0.9066374839557657
23296,0.6080769062443598
23298,0.5051720952883193
23299,0.360617042500481
23300,0.6116284849647459
23301,0.8003698579723649
23302,0.843301678858782
23303,0.3155653806201782
23308,0.7820984174207232
23309,0.7740790419023148
23310,0.678920975837225
23311,0.7219171451601415
23312,0.9582630195960216
23315,0.3129526831885837
23316,0.7013306970141062
23317,0.32339749283472985
23318,0.35964078409449696
23320,0.7509619884116077
23321,0.19122428712951284
23323,0.8041206004281715
23324,0.25399205469106895
23325,0.5342594451017192
23326,0.9187674187820154
23327,0.20190469883678094
23328,0.7137629011863871
23330,0.5500192266538698
23333,0.5429561965708407
23338,0.48991780924188805
23339,0.39919347203724054
23340,0.44871668347612437
23341,0.44482060192183215
23342,0.9543207799598846
23346,0.8919907852590993
23347,0.7553583585220971
23348,0.7784111353993216
23350,0.9859738356441854
23351,0.030103195772367152
23352,0.5143684562020193
23355,0.11101433126953184
23357,0.6683890365460899
23358,0.19696730632853396
23360,0.4364683449745839
23363,0.9895778651411125
23367,0.8647970192488497
23368,0.6181538371292106
23369,0.35363030757930175
23370,0.7563766342639419
23375,0.9075354260589525
23376,0.3756472805697333
23378,0.025318766022058996
23379,0.20298644302507513
23380,0.36787424454746187
23382,0.8277657927898541
23385,0.8410549038293929
23386,0.5957362880856328
23388,0.5813990152227855
23389,0.2109481565527273
23390,0.4357529143945024
23391,0.8329857092662623
23393,0.3716232785875062
23394,0.5993333544065336
23395,0.88499617383825
23396,0.6966783497100287
23398,0.4725454674932787
23399,0.17024401773152226
23401,0.21883416009039774
23402,0.6021957712907885
23404,0.44143383218245047
23406,0.7503504824621028
23407,0.6546085640389339
23409,0.14392043310263372
23412,0.4220710566274147
23413,0.1361449195960059
23414,0.9899735371320628
23417,0.676415542393298
23422,0.6066002053668683
23423,0.3331843781481839
23425,0.6229583013365745
23427,0.25460950449072367
23428,0.40001041772943596
23429,0.6058242500369369
23430,0.5393752631933985
23431,0.9208904193268104
23433,0.9322471282205606
23434,0.37511461876835855
23436,0.4103306135733551
23437,0.8071204756387874
23438,0.49917234972216346
23440,0.26183604195848115
23442,0.7148121937984793
23443,0.7032214912164594
23444,0.4273031109277023
23445,0.7084056178127236
23447,0.5700861184149988
23450,0.6967538947595404
23451,0.8022774492246096
23453,0.08110246208274279
23454,0.04607753739901614
23457,0.775404962444639
23458,0.7882157734059688
23462,0.35048107935867295
23467,0.4189019437141083
23470,0.5847515697720188
23473,0.6248925106167189
23476,0.5750355200324494
23477,0.3082667562787823
23478,0.332079938364291
23480,0.27985157431899993
23481,0.4830130340285042
23484,0.4450355385242292
23487,0.6975763883064054
23488,0.8110662524573137
23490,0.2736620464581733
23493,0.7483805116189461
23496,0.32145569854180617
23499,0.4088785873401509
23500,0.7838184439937669
23501,0.3175899024810255
23502,0.95779654254794
23505,0.6654125752692471
23506,0.7266745980888594
23508,0.8099786685865086
23512,0.6134829784587038
23513,0.30288900954885967
23514,0.16479116897830598
23515,0.5069780371697857
23516,0.5965875825702804
23517,0.4041967628573807
23518,0.8225865003616729
23520,0.5800699373240404
23524,0.31272724946969155
23526,0.7587536168285195
23527,0.9375832261430239
23529,0.5394951867432867
23530,0.13903234831268518
23532,0.06925186729301251
23534,0.2530503197823337
23536,0.11269197119456506
23537,0.7593476141409499
23538,0.3149598949365306
23541,0.3537769203170165
23544,0.19757783386669514
23545,0.7403277678659633
23548,0.8572262176207572
23551,0.0906973407476711
23553,0.7488156779530729
23554,0.050330548244542944
23556,0.9248651109606482
23558,0.6313763327575316
23560,0.45911278703140496
23562,0.34734667707667105
23567,0.9122876569020488
23570,0.7090689655398869
23571,0.931773917898122
23572,0.8522577139676187
23574,0.10976483055648763
23575,0.40596952372036704
23577,0.30810927719919395
23578,0.21965363611102304
23579,0.2774219679886365
23581,0.6174008023562015
23582,0.5635530841609416
23583,0.44158051316716473
23584,0.8663017586957177
23586,0.4376975139648343
23589,0.2571817638134685
23593,0.6153932968472208
23595,0.12830191092439489
23596,0.13704896080550194
23598,0.8484102000989492
23601,0.7938701554638474
23603,0.35311521985906813
23604,0.516371382121138
23605,0.5252400725022291
23608,0.8553145288718796
23617,0.5643872593218462
23619,0.33360597058961616
23620,0.8903858279078651
23622,0.9584756754885068
23623,0.04761147582447022
23626,0.8248885493646161
23627,0.5102226633811678
23628,0.36328360414213745
23631,0.6902767506763978
23633,0.3291318028527591
23634,0.7174805016881282
23640,0.2515571258050507
23641,0.6189982709836895
23645,0.28283695654379726
23646,0.4934843997317472
23648,0.6312612396816366
23649,0.17548264352112342
23650,0.5093475984970609
23651,0.6600189072614002
23653,0.3808508309696963
23657,0.6872627364224744
23660,0.3156920346679842
23664,0.3024356496495373
23667,0.837441373496038
23669,0.20956901441773745
23672,0.594470942408588
23679,0.44425983043657624
23680,0.45328958150422505
23681,0.4153890758082975
23690,0.34274038664346207
23693,0.14384660201568372
23696,0.7426177387107196
23698,0.2877059540695428
23699,0.358050990973892
23704,0.5145544171223245
23705,0.7555454302584833
23710,0.18132916408218788
23713,0.4041737771723909
23715,0.8064240047546136
23717,0.7324930448328715
23718,0.8131855999606287
23722,0.17205913878767098
23724,0.4078851029592039
23725,0.19283477269679836
23726,0.15861055134134525
23730,0.6482477193957304
23734,0.6576085240824653
23736,0.7136686329432342
23737,0.4351325678606184
23738,0.25203972769504845
23739,0.27384106328191066
23741,0.15758416482888363
23743,0.031692396719058914
23746,0.14401438707274003
23747,0.021971843922002656
23749,0.1591635142971737
23750,0.39064511772505417
23751,0.4499254503665867
23754,0.12006544556774537
23756,0.7747304509631638
23760,0.958702620093546
23761,0.5523070674130421
23762,0.4800518310214054
23764,0.9892248428798139
23766,0.646481233600855
23767,0.6138037658906021
23768,0.91747425418039
23772,0.8285076111236176
23773,0.2234499969798586
23780,0.8037361826774361
23781,0.4987925701946186
23782,0.49577924988598815
23784,0.62679518982144
23787,0.5778552575207438
23788,0.7019415214211044
23789,0.7293848976514813
23791,0.8479857197772754
23793,0.2382417324275661
23795,0.6319144555001688
23796,0.05402458349877054
23797,0.06504961075500125
23798,0.5165508659433383
23799,0.5936932439542625
23800,0.2904298156871416
23801,0.4586154766258082
23803,0.8427416969866363
23804,0.4593818752294332
23805,0.46630384058649404
23806,0.517944560059989
23811,0.9153027326550638
23814,0.6361999810359491
23816,0.5339771761383253
23817,0.7785687450084345
23820,0.5010086647110013
23822,0.418112590094835
23823,0.3929700763710154
23824,0.3124464184250959
23825,0.6737524882114687
23826,0.5914612126468402
23828,0.3389885438149317
23829,0.38411420427694
23830,0.9173326543271452
23834,0.26966628423405514
23837,0.2093480761524343
23839,0.9005535839190745
23840,0.6749529617737497
23843,0.4110723620619197
23850,0.47960080637404223
23851,0.4407800940778246
23859,0.19351428333528264
23862,0.7610313757184902
23864,0.7080681263441985
23870,0.6693650668934318
23873,0.45075922268243546
23875,0.5957965935580677
23877,0.2833219975675056
23880,0.5068514044689235
23883,0.550597833457849
23884,0.3199774468137843
23887,0.18960103552577912
23888,0.6193387469633951
23889,0.6181564865997519
23890,0.9187181075366682
23891,0.7519599954348424
23895,0.7184190603939847
23896,0.6755547920202466
23897,0.37429655568682163
23900,0.5507063486072913
23902,0.9317385682555256
23903,0.2177727986338241
23904,0.49074754051555486
23909,0.5176800565891608
23912,0.7622961688531089
23914,0.33716864634860255
23916,0.5688417490464477
23917,0.6525980095485476
23920,0.7947379056241134
23921,0.7253817684696254
23922,0.7590723047113853
23923,0.6326993981849282
23928,0.5782386848080932
23931,0.39748945494635474
23934,0.8959693793368386
23935,0.13416081762459256
23937,0.43137150287923337
23938,0.6792285243996293
23939,0.7531314199837803
23941,0.5596313456983867
23942,0.7453253278139028
23944,0.9187585451083797
23946,0.30879418391461627
23947,0.4912832283774077
23948,0.612516120129341
23949,0.17019904425748789
23951,0.3753942660890924
23953,0.6685904037178435
23956,0.26740486375306227
23957,0.5604107603942483
23959,0.8101153898658836
23961,0.6318588102734314
23963,0.4265489188384699
23964,0.7396230392475422
23967,0.5742371252521815
23968,0.4365438078797517
23970,0.6983985890772563
23971,0.9419585168242258
23973,0.4472547724649619
23976,0.19385453733215993
23977,0.5701243906544926
23978,0.49842532063116823
23979,0.3230082710136135
23985,0.45867235809412404
23986,0.5453143164003995
23987,0.7902659186478614
23989,0.356156954363766
23990,0.525365278713136
23991,0.8063656013915824
23993,0.29259029657834407
23995,0.6895403024816292
23996,0.6780990141147537
23998,0.854172603181777
24000,0.5946077168532131
24005,0.5791197453763354
24008,0.8033059333951232
24009,0.8131456384989691
24012,0.28277807389424325
24013,0.7053262736166879
24015,0.7554764185759444
24016,0.15651695917154756
24019,0.12635168906314176
24020,0.6157302734220113
24021,0.32955333137946274
24022,0.16819346590155088
24025,0.7000523657415089
24028,0.2956211789076141
24029,0.2857367214081301
24030,0.7640763034340508
24034,0.33283725819808185
24035,0.39886346696137365
24037,0.8872597676135947
24038,0.23976673197364554
24039,0.9381894049168475
24043,0.4679130204402578
24044,0.3289817694580077
24046,0.17928392562434914
24048,0.11804617133176959
24049,0.8522077491991784
24050,0.5067619673393162
24053,0.32954417482965276
24054,0.08355148020386856
24055,0.9775606678961127
24057,0.880781208474814
24058,0.41720019654030915
24059,0.28713769590971755
24060,0.40706177839045643
24061,0.09318072526404562
24063,0.6098486534542282
24077,0.8022869888437656
24078,0.12933345914296612
24080,0.7152132254491207
24083,0.023665635040309836
24089,0.3166942931872365
24093,0.1832145948264614
24096,0.6722299094130808
24098,0.5702668060920969
24099,0.8212542264066752
24103,0.20875284417708323
24104,0.3208955988588899
24105,0.2056975836800603
24109,0.39677711046853703
24111,0.28915513739825194
24112,0.9330396238335538
24113,0.5462863801423388
24114,0.8303621948192509
24121,0.4524968687879545
24123,0.2972652529846206
24125,0.15838557850310417
24126,0.5703328488663879
24128,0.799738497441765
24129,0.8563480835890982
24130,0.13894702702648978
24134,0.7200461118654184
24135,0.501438523727871
24136,0.5103261716511458
24137,0.23662044560119078
24139,0.3991425547894325
24143,0.37856411884130303
24149,0.18806270980104428
24150,0.30474104480303527
24156,0.8207703093965233
24157,0.8515292925376217
24159,0.5741096418139264
24160,0.6626853531203972
24161,0.43595600643936877
24164,0.6122804255052637
24167,0.9026406584226322
24171,0.5522506999625945
24172,0.6029834518913424
24175,0.6229511576946786
24176,0.19264087908424873
24181,0.9160123230236901
24182,0.9166874904669465
24185,0.22179377653338153
24186,0.7666002732067279
24188,0.23436732978163086
24189,0.48588810513568453
24190,0.7012483000768868
24192,0.9526225483759017
24195,0.15550538451838897
24200,0.3096683928930936
24204,0.4405250465038257
24205,0.6706603417658589
24208,0.6174108312364447
24209,0.11325197662170576
24211,0.464058433824383
24213,0.7106800624971952
24214,0.2353155293746148
24215,0.33799809834195216
24218,0.606017670323637
24219,0.8020263662008916
24220,0.5738590220781464
24221,0.6025588245059346
24224,0.015971301537449294
24228,0.1681377043859717
24230,0.8114787417159428
24232,0.5451840975189367
24234,0.6854872321148344
24235,0.10637286688525238
24243,0.180153367625187
24245,0.7179696873322132
24247,0.8389477980769657
24248,0.9164256970499014
24249,0.8968874687051582
24253,0.48548563695993335
24255,0.7753872170807208
24256,0.6191072178185887
24257,0.471079893830855
24259,0.24772587622321765
24261,0.5605971072692357
24262,0.907714919301341
24266,0.09290015558534187
24270,0.7586138393013845
24272,0.8203235696441763
24273,0.7126464589450614
24275,0.8258388881993001
24279,0.480483855463352
24283,0.3965913728569942
24284,0.5598115209938707
24286,0.6313626232609756
24293,0.3401664131998401
24296,0.5066705901349954
24297,0.6843054827884747
24298,0.5087330324013267
24299,0.45305144233045797
24300,0.9002556850799353
24301,0.8774334211117965
24304,0.8558754859377798
24308,0.6645538180984119
24310,0.3090738139724128
24312,0.31241495184588314
24314,0.7543077086222766
24318,0.8240390895031464
24319,0.8092279086088966
24322,0.31177576227931597
24323,0.7235855137654963
24325,0.2664720237329656
24326,0.5969060310755294
24327,0.6525446835945334
24329,0.1574873558449899
24330,0.35255475024907446
24334,0.8861730326793872
24335,0.4342808957123092
24342,0.6308958308642247
24343,0.3083123109108607
24344,0.35947254343752905
24346,0.21066057209992783
24349,0.5884898003461179
24351,0.6697426118318313
24354,0.529291539132697
24355,0.030322853794799036
24359,0.44549326610163315
24360,0.6001783328782544
24363,0.5421963340342701
24364,0.8988970460714643
24366,0.5102312956114491
24367,0.8335410361958369
24368,0.7198733650332271
24369,0.22506960899031034
24370,0.7068361648477292
24371,0.4599962916595862
24372,0.03146662486043708
24373,0.12937118570384618
24374,0.27061557963889027
24378,0.4666904599239821
24379,0.33835045838542216
24380,0.8201466894314358
24381,0.4781696590448434
24383,0.23082646603204857
24385,0.4073041054668525
24386,0.5016268859663221
24389,0.8023816157699665
24393,0.6038423739611163
24395,0.2298418660474659
24396,0.5757042068143904
24397,0.28184708539742676
24399,0.07680851202646648
24400,0.3960144020559863
24402,0.31555180087350937
24404,0.11249391129688902
24405,0.6322667338963993
24410,0.5992903570758796
24411,0.2151252326985096
24413,0.770178945367082
24415,0.2609435337253778
24416,0.7239252704476711
24417,0.5291097085031636
24418,0.5959396733916588
24422,0.33598946971905647
24423,0.4971436338484103
24424,0.8955358210508952
24426,0.5252593013792854
24428,0.7852246182379482
24430,0.3482319900863636
24433,0.5040058137932885
24435,0.8279907571120827
24436,0.4526184951205343
24438,0.47067969759772416
24439,0.7190197267835452
24440,0.5999115623323866
24441,0.8282540789591569
24445,0.43403006382480286
24446,0.2251208029352943
24447,0.6466642989882331
24454,0.6547802270246077
24455,0.302248397304303
24456,0.641319233885611
24458,0.6516142531381252
24459,0.7823856263220194
24460,0.5808718540410841
24461,0.8615356470097298
24468,0.9743386659712973
24469,0.671860911354016
24471,0.9015899954140977
24474,0.5421256247004926
24475,0.2625514448499347
24480,0.36335211298982045
24481,0.18159696263799108
24482,0.5093224073185028
24483,0.46628249657950005
24485,0.12613516472248862
24488,0.6623205528505473
24489,0.11825850728223129
24490,0.5491562257762324
24491,0.5916181917088243
24492,0.5949616047527476
24497,0.7443204100309174
24499,0.39412420701005024
24500,0.5077554566744363
24501,0.10828526072888615
24502,0.12403919690774098
24503,0.5787172059239566
24504,0.4185240381476656
24509,0.4120222335684253
24511,0.4871993113918465
24515,0.7494911320228071
24518,0.7422108747135556
24520,0.3904443386454241
24525,0.831645642282064
24527,0.8479803086366042
24528,0.7057658191091954
24529,0.28692999028371247
24530,0.5694270266108629
24531,0.8822809793898053
24532,0.8911883010644988
24534,0.4236149428710918
24537,0.14467576621093417
24538,0.7351461301135093
24539,0.7589824825985542
24541,0.10665786393831414
24543,0.18851637163655202
24544,0.591083063123084
24545,0.35072178451310193
24547,0.6812735519489312
24548,0.548286987211677
24552,0.3848748225245029
24558,0.6265977461243805
24560,0.2596671649191346
24561,0.7849752704826912
24564,0.9921601743645362
24567,0.11561528589297497
24568,0.3346258219993732
24571,0.8205977069473952
24574,0.8100994453938573
24577,0.950905457272449
24579,0.9778840556671217
24581,0.580292932643645
24583,0.8832308997307563
24585,0.3350841893065347
24586,0.1276783921308801
24587,0.5192602250529545
24589,0.4536502297878752
24590,0.5940988009486589
24591,0.5660065627783045
24593,0.5047471107452138
24594,0.6952567226118362
24595,0.09428826138359242
24602,0.517632797381574
24604,0.6243153252608021
24610,0.7162337422015339
24613,0.39251526767511113
24614,0.0862938343178837
24616,0.49498175811852174
24617,0.7196621347119078
24618,0.16879950055305123
24619,0.808718093190081
24620,0.5894132605672973
24621,0.513407574260435
24622,0.6754276277887152
24625,0.5279357846261177
24626,0.05949980443382235
24628,0.040586448838485646
24631,0.5446680196625329
24632,0.4114791532202163
24634,0.4337815823735225
24638,0.3609602904681879
24639,0.9613572049873552
24643,0.6177175868635981
24648,0.4693783109251735
24650,0.08963195886298576
24652,0.6185871190685264
24653,0.08119529581014907
24654,0.3488992206971734
24656,0.22729616612162035
24660,0.5951133181537848
24663,0.6123418859766543
24664,0.5205292801374385
24669,0.5568354637822467
24670,0.7721456890988969
24671,0.1401484982366754
24672,0.7120717712217681
24673,0.2569545139038185
24675,0.783373473910094
24676,0.7137944784537488
24677,0.4299680701228918
24679,0.8908238507052161
24680,0.7159633815980143
24697,0.5230333322490732
24698,0.6424469412506514
24700,0.5563025547423355
24701,0.3274381194581299
24702,0.8141735568154468
24704,0.8070557874959741
24706,0.36757303706929445
24708,0.23075266343383263
24709,0.13291608815155379
24710,0.21861267729182
24711,0.4119662339013275
24715,0.44090540718254456
24719,0.14197082538045208
24722,0.17541306837152193
24723,0.819829181518254
24724,0.46990556870998235
24725,0.586469284450223
24726,0.6233047059544196
24727,0.5210378124381155
24730,0.6149062416428295
24733,0.3000711441399967
24735,0.6553008980773745
24736,0.7151668505841309
24739,0.23812253473254788
24742,0.7616208634756861
24743,0.09577089645081403
24744,0.30789494401747747
24746,0.7218847119577202
24747,0.9198616619883362
24748,0.020634048593783653
24749,0.1711725088320648
24751,0.14506310909445697
24758,0.6506248952888705
24759,0.22547173240262242
24763,0.5480870848941586
24766,0.4701552234847793
24769,0.23874091185873308
24770,0.4613175484545647
24772,0.8865134619208265
24773,0.5905702514640631
24774,0.6734117904719942
24775,0.1296702426262513
24776,0.7611139008333603
24778,0.5282351380585598
24780,0.6885563271427679
24781,0.370021505801856
24783,0.9199667642729128
24785,0.5349386897555856
24790,0.12748077232921717
24794,0.822286302916697
24795,0.5876709639596848
24799,0.3979669172028827
24802,0.7301245667031045
24804,0.39971156267973473
24805,0.7856616788689692
24806,0.41299157761129907
24807,0.5250031806557603
24810,0.984724855101659
24811,0.6499957315342964
24812,0.6883818310855704
24813,0.6995250954063201
24819,0.8527022854612594
24823,0.07651798103219946
24824,0.7359579797124423
24827,0.4191839378206253
24828,0.473085114472434
24831,0.787088148874403
24832,0.603029686841873
24834,0.5724191706584587
24835,0.3390062602716875
24838,0.5511582392809325
24840,0.18737874083831937
24842,0.26873863122171315
24843,0.9618864133615238
24844,0.5426913299329612
24845,0.703386091044728
24846,0.38731700367650124
24847,0.4693330282274666
24850,0.10859692966320898
24852,0.9252793238283635
24856,0.5488227540516655
24858,0.3467317616584172
24859,0.18243452576136415
24860,0.9071248495198362
24864,0.8300128827326606
24866,0.3703262088034894
24867,0.2944263766589958
24870,0.6729670495326875
24873,0.8563795599340068
24874,0.34103658914289486
24878,0.9250439394939249
24880,0.1521069837122892
24884,0.8597306940754971
24887,0.7144625144954799
24888,0.23309441885406582
24890,0.587357611470828
24897,0.40095212446682693
24898,0.758233604439828
24906,0.32044518094611824
24907,0.7624267007823614
24911,0.932899966704268
24914,0.08815484347232731
24916,0.40877968740225856
24917,0.4947876199603842
24918,0.6310374817877809
24919,0.5646206946755021
24920,0.2930048443836112
24921,0.14711858028250463
24923,0.780309193160615
24925,0.6825223555805121
24926,0.5112356391577069
24927,0.7661971992386164
24929,0.8249874010468116
24932,0.34358816360984523
24934,0.893911301619864
24935,0.46191382434223016
24938,0.2767738389099065
24944,0.3681022297839222
24946,0.9184242588577008
24947,0.9460179510549359
24948,0.3816875367430402
24949,0.6512595853634006
24951,0.7168849235818046
24953,0.500711725147851
24955,0.5587060268358269
24957,0.8284897788088762
24958,0.40364916202730144
24959,0.7983737604431459
24960,0.3550013756493503
24961,0.22053099643762938
24963,0.03510637985191415
24966,0.5806609233723348
24967,0.3613653110185664
24968,0.6271782349895512
24969,0.5563141080157821
24970,0.9024385519383014
24973,0.5140981562287666
24974,0.2945983044526103
24975,0.2656970998465384
24977,0.21684784532319065
24979,0.6034906369159619
24982,0.3374299417724921
24984,0.6748584974973413
24985,0.6140377446375272
24988,0.939596188503882
24989,0.5803429031445421
24990,0.46746583952076304
24994,0.7326074826796186
24996,0.8060887323242529
25002,0.955769125698891
25003,0.14238560040190065
25005,0.6731177252580552
25006,0.7042506510332786
25008,0.9486496946072259
25009,0.8729349671401928
25010,0.8885900949914366
25012,0.7334191560279325
25015,0.5808877770724503
25017,0.35063886097807
25018,0.7276779992665462
25021,0.9425961075540807
25024,0.7287405977424681
25026,0.4719567450528585
25031,0.7819849665131583
25032,0.33947354312580863
25036,0.3121497003699921
25037,0.3815895029976177
25039,0.826418790062549
25040,0.9047938708137697
25041,0.3233728342606847
25043,0.7313043011999484
25049,0.4456751363924217
25053,0.12596072170710607
25056,0.8001255404619803
25057,0.631599507706062
25062,0.3589993042478644
25063,0.2601475899072764
25064,0.1140792104068142
25065,0.3991583092772333
25067,0.4950074666865235
25068,0.649611457006003
25069,0.42263602140786005
25070,0.14572254768383033
25071,0.3561797829502302
25072,0.2732641756768789
25073,0.4827341105950831
25075,0.7583726687580385
25077,0.4422070058510583
25079,0.7612641575097737
25080,0.2944241792394596
25082,0.08085169088006755
25092,0.8785652299770212
25093,0.1849311934929608
25095,0.6038147243102654
25098,0.7387604962930084
25099,0.4355333791888817
25100,0.26845714936034515
25103,0.6717763865447147
25104,0.14251096571678293
25108,0.4817473762508933
25109,0.1263370041741291
25111,0.18584685304973503
25112,0.6118779394883532
25115,0.7943824157842302
25117,0.3819247099827456
25119,0.6615773588457435
25122,0.5745133877925582
25124,0.8150077898065006
25126,0.4200833831383891
25129,0.04171411043977616
25133,0.21045754369198588
25137,0.5915749173510424
25138,0.7386298036066126
25139,0.7729300729224743
25140,0.13100481178478715
25143,0.3086700247992024
25145,0.9811890162590138
25147,0.6691519619873489
25148,0.04331669795973624
25149,0.24856376564711263
25159,0.6124435303847228
25161,0.36911945996334616
25162,0.5644520070856356
25165,0.7650554447585113
25166,0.27654206973760864
25167,0.687927252052349
25168,0.44587480605590274
25170,0.751130873453685
25172,0.42217977661196354
25175,0.5752192087880753
25176,0.14183651103972472
25177,0.4889336709668512
25179,0.17257005643242224
25181,0.3377646776267962
25184,0.5475142896525242
25186,0.7868423985893422
25188,0.25142850056482235
25189,0.960717505497316
25190,0.22622645970351266
25192,0.7793052789151653
25194,0.9179603743679375
25195,0.8852339691773337
25198,0.9510310753337636
25200,0.23269342184421665
25201,0.12136535944512193
25202,0.8885952807890066
25203,0.19623150824292032
25209,0.906254484623305
25210,0.9144306172201203
25211,0.6842770752095044
25212,0.5756333202172945
25217,0.25950976961671196
25220,0.08382462084795061
25222,0.012848565645821408
25227,0.6611064840169155
25230,0.484747127966234
25231,0.21043465269008027
25232,0.5041466340404412
25233,0.5271405543728682
25234,0.5593228812862158
25237,0.5561687721970345
25238,0.38395432205004104
25239,0.5568403661028173
25240,0.24667711415944632
25242,0.40396614282799254
25244,0.012751432899763826
25245,0.30714333308154856
25246,0.6594055438966735
25250,0.21258668135445846
25251,0.5552072835061098
25253,0.5167283305288521
25254,0.8083437744150131
25259,0.6277467348295016
25262,0.5883377033778161
25264,0.7999807097359042
25265,0.5619760051970263
25270,0.6870695282292242
25271,0.7487859303051988
25273,0.9668472212150468
25278,0.10153463145630148
25280,0.3390771456588827
25283,0.13060920309477672
25284,0.16184608982987847
25286,0.36556526653092986
25287,0.2189324873497322
25288,0.884224076299631
25292,0.17738162327912507
25294,0.025528491570850055
25295,0.21250562108449514
25297,0.4293699708619525
25299,0.39692257764327277
25300,0.16544970190196176
25301,0.6476859942900789
25302,0.9748008188665431
25307,0.6339232545009795
25310,0.2788662656327372
25312,0.8525912715339881
25313,0.5672558980854
25317,0.48693773337781604
25321,0.8667737631863942
25322,0.7501414370189751
25324,0.062466274412036935
25325,0.41494243235945316
25326,0.7570966634783717
25328,0.14950486976050822
25329,0.21956809252212844
25331,0.3362420498826663
25333,0.6716935319574368
25336,0.7728000780053175
25337,0.37078405943133286
25340,0.09187277643890623
25342,0.9683742756582439
25343,0.4743400540943944
25344,0.7233481797702105
25345,0.2552592272477366
25346,0.8261991000478144
25348,0.5958707607274
25356,0.881814679949604
25357,0.31943050397496703
25359,0.33294709261982736
25360,0.02516669139379229
25361,0.7275970676802092
25363,0.7824192825377335
25364,0.9160168630684574
25365,0.12456045124605783
25366,0.61427076798305
25367,0.8257911149865454
25368,0.6521077862234641
25371,0.25203976341457407
25372,0.32428962437858905
25373,0.707771190787205
25374,0.41330911103190643
25377,0.7500599470163398
25378,0.13857843463548894
25379,0.8065490032402154
25380,0.4286599706406657
25381,0.45104033482824235
25382,0.34689332737711953
25383,0.5357387826628814
25385,0.4336871573113938
25389,0.17851121779982165
25390,0.7107334076377055
25392,0.6341050605790386
25393,0.6715623337453048
25394,0.3101587790638658
25395,0.49474855173988014
25398,0.8695925678390501
25402,0.28334758972973867
25403,0.4272378134864346
25404,0.8412350431664543
25405,0.19629633336214153
25408,0.14141725113073306
25409,0.6354350797194344
25412,0.5194909798544112
25414,0.3969169747961352
25416,0.6302920044536816
25419,0.8620618379741898
25421,0.14191929891353086
25422,0.18340205337583287
25425,0.48217474013897843
25428,0.5723563464629154
25432,0.8431336985624327
25434,0.43307564891208805
25435,0.4204580030896784
25436,0.7001661585381601
25440,0.4188855024312368
25444,0.21535780832692691
25446,0.6672985019520961
25448,0.9150724077887835
25450,0.2519194715602446
25451,0.8557835726597256
25452,0.8521850994539952
25453,0.2530134124476206
25457,0.9233553604446209
25458,0.6321446530484182
25460,0.44651285312709027
25461,0.9262381152845011
25462,0.706331924076445
25463,0.01658005655225201
25465,0.6813694895880629
25468,0.7554405482189793
25470,0.11519664322761676
25471,0.6727882317927928
25473,0.18301569427800812
25476,0.5324616755314504
25477,0.8593234050638051
25478,0.3424652153920204
25480,0.46595386368135805
25483,0.821402803329563
25484,0.5418214547495891
25485,0.3473303146246648
25486,0.47484956580095694
25488,0.645017306717566
25492,0.6654534775539764
25494,0.1658430959850608
25495,0.2856232029888086
25496,0.7340680124918704
25498,0.6403678034048342
25499,0.5001145519508459
25500,0.9142516303798116
25502,0.10145604396635652
25506,0.42363223834554925
25511,0.41068270033011783
25513,0.37451523639316153
25514,0.15175149388890305
25515,0.32704106867406674
25516,0.7900095482315821
25521,0.665675042071884
25522,0.26871687141902584
25527,0.547346311302083
25528,0.10508739133033151
25529,0.6450721493928059
25530,0.604902148508048
25532,0.8919294072108286
25535,0.6821587353174157
25537,0.30924934470544274
25542,0.2374346324727162
25543,0.7516261031066717
25546,0.1881521374171479
25547,0.5561676416092132
25548,0.7016238099851853
25549,0.6589943606328126
25554,0.7257254401189878
25556,0.5375308896005874
25557,0.5485849007878575
25558,0.2844436367443826
25560,0.6005925801382549
25566,0.4821869549070048
25567,0.4046968713162814
25570,0.5296204775549738
25575,0.35186334617868037
25576,0.7514644685594237
25580,0.27362545166278435
25582,0.6283672418359864
25583,0.4166122862704154
25587,0.3875393263327245
25588,0.43343672193905597
25589,0.327776128829045
25590,0.009053101909389774
25591,0.30097541371545133
25595,0.7966289288738654
25597,0.8452486466793243
25599,0.8595708713286992
25600,0.643551557153529
25602,0.6880635638003669
25603,0.7014273529297929
25605,0.3833291987002768
25606,0.5540310361929667
25608,0.20097994701735097
25610,0.6201962433149096
25611,0.5948008390361806
25612,0.20367810687060903
25615,0.10129694927231274
25618,0.868919332815232
25620,0.03747324278570892
25621,0.7583170456173218
25624,0.37464330550033914
25625,0.6033192760077641
25626,0.3703192771303257
25627,0.4429924375034006
25628,0.9291526361363271
25632,0.8823426032882277
25633,0.19167655049685264
25635,0.03268870435860046
25636,0.7367044758204297
25637,0.5133430227149763
25638,0.9693178677961531
25639,0.3573579993095678
25643,0.22953487899854083
25644,0.19225970627361144
25647,0.7540056033681937
25649,0.7787457855079508
25651,0.4126747087275236
25653,0.6400495130093223
25655,0.8876810560915513
25657,0.3770393992410852
25660,0.07402706528385301
25661,0.21838577063143996
25663,0.7398454415546479
25668,0.44334956308873785
25669,0.4101361909581519
25672,0.3631052729099071
25677,0.6368152031448957
25678,0.2818633676304024
25681,0.46354699966104024
25685,0.2067922255968451
25688,0.28097724586962725
25691,0.4100790829246827
25692,0.1988941291870319
25693,0.7265817571765852
25695,0.5970577136616114
25696,0.3967771434468816
25698,0.4560964736719653
25699,0.2559926802663099
25702,0.2437490688438643
25704,0.6634039860976914
25706,0.6100170443420289
25707,0.9317131473586224
25708,0.5584794300236798
25710,0.713038298887795
25711,0.6280096485156831
25713,0.853524955722902
25714,0.6425023986563477
25716,0.4533177252917769
25717,0.8682166210958014
25718,0.3982233652441557
25720,0.5434767512087304
25722,0.07944804199993415
25724,0.6474960037635109
25726,0.608332306870642
25727,0.5437915007814443
25729,0.6698377249222924
25731,0.86462482756591
25733,0.5178800195460096
25734,0.2619602078450905
25735,0.9006371490540707
25737,0.5387461070056575
25741,0.5745793980654762
25742,0.5362412797095762
25743,0.9499949894693472
25745,0.5780885519643146
25748,0.42177519218386406
25751,0.7340259674370417
25752,0.8889908699707211
25756,0.5390020582837443
25761,0.9635736393725317
25762,0.8442347797551875
25763,0.7169380045755547
25765,0.9775688282664752
25767,0.7336096139034205
25770,0.4673676666987856
25771,0.08108216025900336
25778,0.2316294383082629
25779,0.37498587299963804
25780,0.24353902918178305
25781,0.8931449134882362
25782,0.053916848196483694
25784,0.6550082515247118
25785,0.8256880758767466
25788,0.8203909082924065
25789,0.03256420918028185
25790,0.17680487370238476
25791,0.7155056851424768
25792,0.27648103465610835
25800,0.8884805952740086
25803,0.7526458914585593
25807,0.3708654002171112
25809,0.38061563842171947
25810,0.1815897803014509
25811,0.43146303292451005
25814,0.6486271800814449
25815,0.2408454464599773
25816,0.22546801885123097
25817,0.4796052217382358
25818,0.44298391642815693
25819,0.2805803712995805
25821,0.8801293157862905
25822,0.6804605545620904
25823,0.6909476750167608
25825,0.6148668424133533
25827,0.6016695672198756
25829,0.5833331553706574
25830,0.33488398284580634
25834,0.8313381525156776
25835,0.4867738547888302
25836,0.6250836841688581
25837,0.7147079122885958
25838,0.47353522754841315
25839,0.2613369542409297
25840,0.5414196305338
25846,0.5802634966251758
25847,0.19453230357615936
25848,0.2702030692544943
25852,0.7598664450385195
25854,0.9209193418689503
25857,0.9126860882999488
25860,0.414706096670991
25862,0.24593410893347895
25863,0.6771149526311468
25864,0.3534610172155947
25866,0.7657131279027124
25867,0.33427390395497014
25871,0.7467724352855846
25878,0.48366502259840416
25881,0.8741073396354646
25884,0.6509571067604885
25886,0.3295422097971318
25887,0.8511432443486865
25888,0.41458601855752164
25889,0.634150876299491
25891,0.7957596273743041
25892,0.4932933271850094
25895,0.44484690695772194
25898,0.655614658714668
25902,0.8139306973068335
25903,0.7352330455116375
25904,0.5003118024976895
25906,0.49636768240659435
25909,0.6739577515738675
25911,0.5902776912724375
25918,0.6964868051913113
25924,0.5352051264693599
25926,0.35068002919921987
25927,0.06893530144757722
25936,0.3281804503434274
25937,0.6127526792557637
25939,0.02390438681275312
25940,0.2620931996428323
25941,0.7321794357968313
25943,0.8736347109439901
25944,0.7917423362196202
25946,0.6158418801947718
25947,0.5706153550284293
25948,0.8421459444612026
25950,0.5309101177743856
25953,0.47868329982873925
25954,0.4265133425942304
25957,0.08781745077844874
25959,0.33495587335849025
25962,0.026596374542554757
25963,0.5648369090516148
25965,0.9343479507684688
25966,0.3202444055862283
25967,0.20584964858006521
25968,0.3990910629669878
25969,0.6738250491857416
25970,0.5675060689538795
25971,0.7302092508212421
25977,0.787562210305903
25978,0.45239281209601173
25980,0.49884337317019267
25981,0.921771361429302
25983,0.39079467730633577
25987,0.713229568285305
25988,0.4545346040880979
25990,0.5821177252083648
25991,0.9098975690211651
25992,0.5194135856383333
25993,0.31769599823586697
25999,0.6495082606155945
26001,0.32223845164518344
26003,0.8310584186008964
26004,0.2966138319551688
26006,0.803110752123219
26008,0.09510111391956926
26010,0.10907644409055413
26016,0.8184809294336755
26017,0.7083345451474752
26018,0.42541760096379283
26020,0.6608866626474967
26021,0.17043251856329214
26023,0.7142161105158876
26027,0.6130674830827849
26029,0.7517331362874925
26031,0.3280880071958175
26034,0.6275121923469386
26037,0.6479464198317682
26038,0.3688886041623043
26039,0.3281740645856207
26044,0.8702887234066149
26047,0.29846987721147
26048,0.5788501519898128
26049,0.7048684230834711
26051,0.4788484058777326
26054,0.5012635080524349
26055,0.33176871111823375
26056,0.8022283244492806
26057,0.6694644199367578
26061,0.03047546507343926
26062,0.8051398954704905
26063,0.5946709692148542
26064,0.7352163444244627
26067,0.08313139390384992
26068,0.8476880904216479
26069,0.3804524407720944
26070,0.2547179585835521
26071,0.553506279476568
26075,0.2548989785848646
26079,0.06495447451537609
26080,0.1167209560051101
26082,0.5325161924596827
26083,0.9675763043106217
26087,0.7372374687297094
26089,0.29147893315350704
26093,0.40444167936549824
26097,0.723094639744914
26098,0.16869659049870298
26105,0.44472643363387343
26108,0.283125656058392
26110,0.5150903550816905
26111,0.7748502043459651
26113,0.5991103157013028
26114,0.6813563789733162
26115,0.7187971048485281
26116,0.3432894123995092
26118,0.3610149542766701
26122,0.8008445943248623
26124,0.7124072439185387
26127,0.4415359116948257
26131,0.6420816811252192
26133,0.596188036535417
26134,0.5033891182380885
26138,0.7926980697635441
26141,0.7028992939920581
26142,0.12061685094441561
26143,0.27518081562557156
26145,0.5666327730366973
26146,0.43845281222602067
26148,0.18229350050811347
26149,0.28590230897094276
26153,0.9454024469187742
26154,0.8211557720906717
26155,0.22684357323865678
26156,0.5210800770843874
26160,0.5558031330233851
26162,0.6462474242049814
26163,0.6207216176923932
26170,0.30751758276413393
26171,0.6591724146428463
26172,0.4117607611818697
26173,0.20669000651695668
26174,0.12553890451237087
26176,0.6898385755941977
26180,0.6901966481102647
26182,0.9420759386780136
26183,0.5118537661879333
26184,0.3158537897600809
26186,0.6656420818587814
26188,0.8687797830848086
26190,0.7027215340347789
26191,0.1078839587939488
26192,0.19730173799863227
26194,0.12089663618577491
26197,0.5525946484649356
26198,0.39716223248744614
26199,0.5408509587508762
26204,0.5830911963609118
26205,0.483030910607357
26206,0.7585170822734336
26208,0.6107785697521867
26209,0.29460237433376657
26213,0.4305658532132063
26215,0.5900063166370336
26216,0.2557070193440218
26217,0.5428406934899477
26219,0.4136530154730565
26221,0.5186237226177536
26224,0.45103270958610514
26226,0.5136834267789926
26227,0.5201841404846218
26230,0.5996956191108939
26233,0.6537044396086306
26235,0.33372639254642245
26236,0.5109512038350053
26237,0.5252964850495695
26238,0.5263796852149999
26242,0.5845884417663965
26246,0.5087248637837521
26249,0.7040135457210306
26251,0.578931022410807
26253,0.9159072196474665
26254,0.7049994436294902
26255,0.6804851882979556
26256,0.4654248170722172
26258,0.05453465829092771
26259,0.8528393982390132
26261,0.3704816674398805
26262,0.44261354331557967
26264,0.6009169106152262
26266,0.7701317686650916
26267,0.77777735237585
26271,0.42306913557773085
26274,0.5509161934975361
26275,0.6731126955480106
26279,0.39664172340569004
26280,0.40720597406565157
26282,0.3807354021421895
26283,0.4490072061980602
26284,0.6268515796078598
26287,0.4339279971016634
26289,0.9364251223445619
26295,0.32094789050036926
26296,0.11702331405720653
26297,0.12453985058296733
26298,0.347042340420472
26299,0.06559921014410071
26300,0.3854047345476969
26302,0.7033526882092597
26303,0.30723796061914865
26305,0.42210188975232443
26307,0.6252797781387102
26308,0.2044119105538517
26310,0.4036899637149515
26311,0.32099464280689316
26312,0.9172683348969989
26318,0.44067268490258893
26326,0.5342083077698427
26328,0.6873052838239333
26329,0.486839878284204
26330,0.4793444115653644
26335,0.7670342340219816
26337,0.2615977289228212
26340,0.2718986863946767
26341,0.2621535607094382
26343,0.48716381504851386
26345,0.6146195854058732
26347,0.43408254848453703
26349,0.2745566414696161
26352,0.7867692050161805
26353,0.8480844960181241
26354,0.8426361947760872
26355,0.8631772785001933
26356,0.7709605340491832
26358,0.7275217270874896
26359,0.4054427613736704
26361,0.2230037008639948
26362,0.9046607948510607
26363,0.8374972639949462
26365,0.4169462440112677
26366,0.18978717334469158
26367,0.5168154886814929
26368,0.7419420173895798
26370,0.5099022486156737
26371,0.8056334625291394
26373,0.7908850144187278
26374,0.8398363614707373
26378,0.317040489465639
26380,0.30840615193318804
26381,0.6520365823383323
26382,0.19167131020121425
26383,0.3827738737708228
26384,0.7216446756359274
26385,0.23564507293959933
26387,0.34507754741413393
26389,0.35145209251523607
26393,0.8338946400636824
26395,0.7769284307465717
26399,0.1247207517178387
26402,0.7223235860198335
26405,0.6698066733457447
26406,0.4774321689009103
26407,0.4030367033544416
26410,0.346255623050872
26411,0.5424468090297594
26412,0.6360332318859242
26416,0.7520423429693449
26418,0.6042375104854673
26419,0.30493191756823645
26420,0.26546682264359717
26424,0.7553621985252668
26427,0.16237795025828194
26432,0.0721098283725902
26434,0.6858700046732561
26436,0.6814159793946862
26438,0.6904586984966024
26439,0.48535022386009014
26441,0.1937204267096859
26442,0.4516888312646718
26444,0.8593338355964725
26447,0.7743879682387987
26448,0.7457417474640317
26451,0.35935781237485476
26456,0.2674180297755499
26458,0.6667414086487846
26459,0.7558958446475399
26461,0.19093396501701984
26462,0.5859488417010259
26463,0.482117897542971
26466,0.25628727634069653
26467,0.27328214129443484
26469,0.43045315649674226
26470,0.6525148297454968
26476,0.4500421345472109
26479,0.4738497651143584
26481,0.570402453769761
26483,0.6309501050573474
26485,0.6928007619635048
26486,0.41587899921480237
26490,0.3885382079565442
26491,0.7059896511164258
26493,0.21880047858597065
26495,0.23194458941979626
26499,0.13028354537182352
26500,0.4450588056406746
26503,0.14016809806814684
26505,0.4787030642615818
26506,0.5430334057744117
26508,0.2461152540757156
26509,0.6121605811377263
26510,0.4231100955922974
26511,0.2571999556857347
26512,0.4867892914208535
26516,0.7109781021449272
26517,0.5524140063446209
26519,0.6450602136827838
26521,0.14653737415995483
26522,0.5441073424564851
26523,0.25118972306504644
26527,0.9071665372348451
26530,0.23865707395200378
26533,0.7491121781015899
26534,0.503549732572351
26535,0.7365217572739767
26536,0.13999766546457693
26540,0.5697357571433116
26541,0.5922707438125273
26543,0.29042512533573434
26546,0.8370454063974063
26552,0.5911559573030714
26556,0.3842177383864294
26557,0.8900183084364972
26559,0.06469187903086991
26560,0.6726574475448489
26561,0.3326387800679753
26564,0.6900750045862286
26566,0.2105032744175363
26568,0.929559028128503
26570,0.35450260005134154
26573,0.5254798580440538
26577,0.13853242393945783
26579,0.7880229275472009
26580,0.5586694223363127
26582,0.5754748060623006
26583,0.2939804647213944
26584,0.40450567198277787
26585,0.8944898847033138
26586,0.9120571678379119
26591,0.6518677925913924
26593,0.575066340551532
26596,0.24581319327200146
26597,0.6605318898325878
26598,0.51649540189865
26599,0.41456737415584677
26601,0.49874911717692466
26602,0.1225803163354479
26603,0.5946728679324795
26606,0.10294515946943894
26607,0.17249023530792987
26608,0.7950869249872854
26612,0.41899404208473773
26613,0.18101375727504834
26614,0.6255925074846397
26616,0.7340744080480689
26617,0.38272910983592157
26619,0.38338379120642024
26622,0.35636942849965225
26623,0.2849035844597318
26626,0.4790448939215827
26627,0.25408032564180383
26629,0.23896484105548074
26636,0.8183138541112941
26638,0.2046641288286084
26641,0.6040959950164243
26642,0.2816893838356026
26644,0.3967339307463207
26646,0.7421731238806667
26648,0.2516937966743399
26650,0.29548644646541794
26653,0.09861294802391256
26656,0.9433118628612496
26658,0.4152700247316861
26659,0.8984233145745557
26662,0.7118543836003128
26663,0.34742295940974666
26664,0.575543527834307
26665,0.4170340259024554
26668,0.8273210116008544
26671,0.2872128950556282
26673,0.6559136770589539
26675,0.5595242523379755
26676,0.604068180842683
26678,0.652607365030438
26680,0.4347215023803993
26682,0.8071872203165127
26685,0.8368936876973758
26687,0.26847684966918134
26688,0.3445745557877958
26691,0.658137034485732
26692,0.7454322828177092
26693,0.20713158378919194
26694,0.70826093847893
26695,0.5400611569461005
26696,0.2321601686692438
26700,0.3537810672203925
26701,0.7774483848950099
26703,0.6878071945295513
26704,0.22676994820007768
26705,0.2003130192266916
26709,0.9080254323455569
26712,0.5533560840250981
26715,0.5573911885417872
26716,0.5687400023897335
26717,0.5012923739571528
26718,0.7596677929005141
26719,0.6417250244575986
26720,0.7385339438539698
26723,0.8638855958422661
26724,0.7628506621700307
26725,0.8525858694261774
26727,0.8588112861396229
26728,0.45162798444375263
26729,0.2679218549468299
26730,0.05176289923567998
26731,0.3797008492348513
26733,0.18599253951028713
26737,0.1229951757558998
26738,0.15295936550429204
26742,0.8146777362057548
26743,0.7290337861112285
26745,0.22631057649092962
26748,0.9368511198903745
26750,0.1822416324718271
26752,0.6799105487454025
26753,0.6507683605123193
26754,0.5029940196214081
26755,0.9687755715762671
26757,0.9169557525551159
26759,0.9014166960086573
26763,0.626470798432168
26766,0.47039777658274284
26768,0.04933013553602429
26771,0.8350538726694652
26775,0.40729738304260815
26778,0.6448812605851798
26783,0.26965483746713204
26784,0.06827227805734826
26785,0.8095431973406598
26787,0.5493420313023997
26788,0.3809048221862281
26791,0.24162290642169518
26792,0.5232235468570359
26794,0.17297871122001096
26796,0.412840624752206
26798,0.22241493256221123
26799,0.5168992026240922
26804,0.6136050253654548
26805,0.5550642284532107
26810,0.8268676096195969
26811,0.9567956927408863
26813,0.4879356226610489
26816,0.3129522635184543
26817,0.2395257032956364
26822,0.5720242371593283
26823,0.18233625352767593
26824,0.974748227848213
26825,0.9019916967447507
26829,0.3449310361310175
26831,0.7472863631603046
26832,0.7563235899914905
26834,0.285652392404281
26835,0.31717104431484167
26839,0.5029722397786626
26840,0.4906255286743325
26842,0.32114877578854856
26843,0.5648370123836338
26844,0.26760823933716804
26845,0.8095715076235315
26846,0.5977575360487777
26852,0.8386948407066495
26854,0.5712210983869472
26856,0.16124913645075653
26857,0.15579577894095847
26858,0.17482381202385683
26859,0.06966103488377637
26860,0.22793814562549553
26862,0.9443343533844495
26863,0.76939731638887
26864,0.558506546749551
26867,0.4965773663559649
26874,0.5215662076238711
26875,0.9274949276694293
26877,0.4586275897767563
26880,0.3678064270034687
26883,0.7801167836723824
26884,0.4260318560647178
26885,0.8824192739363307
26889,0.8330106468319666
26891,0.062780646513175
26895,0.9363382277803053
26896,0.6867029155389112
26900,0.8037080873796012
26902,0.41445622311160807
26903,0.5842253369667718
26907,0.7866240892930891
26908,0.5945420533716762
26910,0.2461261118658174
26912,0.7493211604308264
26915,0.543080033343987
26921,0.670017119011549
26922,0.3492191258507305
26923,0.7471502589561765
26924,0.7398964703019104
26928,0.7712893979535559
26930,0.6005473806065637
26931,0.8651831346409683
26935,0.7454083335736925
26937,0.6233530304211222
26938,0.175660085194221
26939,0.8822460527165774
26941,0.24473116036206705
26942,0.6804635971995873
26944,0.718448911137051
26946,0.1929124944487649
26947,0.5812984044268698
26948,0.35996784290242495
26952,0.6730241066756545
26956,0.6544968136961873
26957,0.08676400518960382
26959,0.36899197984889087
26960,0.8331939498685911
26961,0.39478960375852806
26962,0.5996226040148968
26965,0.5123558966979808
26967,0.5204293943890963
26969,0.5492508304975884
26972,0.6695147441691875
26976,0.8901237325614842
26977,0.45782332822255095
26978,0.7631824141461367
26979,0.6040645263761537
26980,0.8040295491394934
26982,0.8619591470148743
26985,0.49860207116750327
26987,0.4287013363283013
26988,0.2808097179686435
26990,0.43735734979741786
26992,0.3370149971433618
26993,0.2669661097687651
26994,0.33816456384083043
26995,0.5048733337058751
26996,0.7492096248140215
26997,0.48866635695015515
27005,0.37692355047402243
27009,0.29105732650531696
27010,0.5244921869410447
27011,0.6965538724590463
27013,0.4000770183889445
27014,0.6638066772115851
27015,0.7971787256784904
27016,0.39100804986292265
27025,0.19199801872182579
27026,0.5499616086776159
27028,0.7334457701891742
27029,0.6695694697526194
27030,0.9130821640181112
27031,0.5824896710173184
27033,0.47316309909548904
27035,0.7533409378340805
27041,0.28590180688450795
27042,0.3026404052487701
27043,0.5705780080835778
27044,0.33248155662610024
27046,0.3281754203222018
27049,0.783784159672346
27052,0.8025225974963875
27053,0.6640934990964061
27054,0.4714249122016512
27055,0.8461949911338209
27056,0.4599476955469567
27059,0.42042316478728564
27060,0.558399713712696
27061,0.7687831942454193
27062,0.6532602260454988
27064,0.7428246433669481
27066,0.1771324835297685
27069,0.8412598100853913
27070,0.6122836338503347
27071,0.825327604092241
27072,0.5667766751802402
27074,0.9868071034471682
27079,0.2194568963680824
27080,0.9105229585742499
27086,0.5811438006643375
27087,0.13832611872308181
27090,0.12896784415695267
27091,0.6685646931304304
27092,0.15918301095596135
27095,0.7381190509052716
27098,0.3088548990296087
27101,0.43762749710541937
27104,0.14374488615034534
27107,0.43446428894046274
27111,0.3227232054225349
27113,0.18475461957206327
27114,0.38599176051278594
27115,0.46696783639433026
27117,0.44772642122035267
27120,0.9618706516191774
27124,0.5840752927521364
27126,0.7842229120637335
27130,0.15834347105487362
27131,0.4149362353659764
27133,0.3066192980546067
27136,0.45115659926165014
27138,0.04260660686532402
27141,0.9059977121487928
27145,0.6929505390264706
27147,0.5489992945829891
27150,0.4652176524400842
27152,0.7942526991645016
27153,0.2007515264257667
27154,0.04062494277288917
27157,0.36187586636195657
27160,0.1974762982732096
27162,0.4307758060725731
27163,0.17673813487405501
27166,0.17172462794922366
27169,0.6410040311242666
27171,0.7651714823670315
27172,0.6997879478143169
27174,0.6796308783758478
27176,0.8377778443464025
27183,0.6397782581629405
27185,0.20343246652985972
27187,0.11634814087100571
27188,0.07536817091856271
27190,0.1459411533330025
27196,0.8546825656120673
27197,0.5475839887619831
27198,0.5831557509289238
27200,0.27036157798566035
27201,0.19641552635439394
27203,0.245926701511183
27204,0.8163569509035619
27205,0.098302827985655
27206,0.6429394220612125
27209,0.6635437196939514
27210,0.3276287542447007
27211,0.380572608816039
27212,0.49756138160537267
27214,0.14522931833607014
27216,0.2509465077571412
27217,0.790385747844206
27218,0.2450571454696488
27219,0.09250133207184663
27221,0.21319126975798008
27222,0.590959073636141
27226,0.7708399458290693
27231,0.8387026154883221
27233,0.7168321350956888
27234,0.858871828046409
27235,0.25746256758484865
27236,0.17062257808427742
27237,0.43567418444613665
27239,0.7036966625131907
27242,0.5991244004004411
27244,0.36448758978412277
27245,0.7872631902815763
27246,0.30934270880247505
27247,0.7708683252637456
27248,0.6620882855566119
27252,0.7790250532311147
27253,0.22870923291189527
27256,0.7251847001960265
27258,0.796316434911536
27259,0.31201700835664387
27260,0.3318286620519516
27261,0.5310524198148184
27263,0.9526693331825625
27269,0.2980557953332221
27270,0.24380496786853906
27271,0.47643888438371257
27275,0.2580996910286422
27277,0.2322904352115092
27279,0.5107938750466955
27280,0.5511806471001977
27281,0.46323745601728783
27282,0.5962012747857286
27284,0.06323125641553706
27285,0.26446990853726193
27288,0.43593084579615043
27291,0.505914438754943
27293,0.8126972062202855
27295,0.33065467426467876
27296,0.3997599730307842
27297,0.7387519388773138
27298,0.8349742061938349
27299,0.5974480086731451
27300,0.41810376950713474
27302,0.08136362597536692
27303,0.4965855519456626
27305,0.5537038355201505
27307,0.5815490558483288
27308,0.7498072807005162
27309,0.5925018647306939
27310,0.5455200436869986
27314,0.7320353895702958
27315,0.5234338899630581
27317,0.6591482721286916
27318,0.915827920536415
27322,0.7770893844978644
27325,0.7858438213560553
27328,0.33987388569247506
27330,0.0923976396658101
27331,0.8486033304608738
27332,0.36940791389032407
27333,0.6165676164659157
27336,0.18352827865764393
27338,0.6154969593840602
27339,0.7251404860988404
27340,0.17739773406777043
27341,0.5983718021451104
27344,0.9112367382194819
27345,0.5079173606988255
27346,0.3391420111851216
27347,0.8549041943572976
27348,0.5711331345034545
27353,0.463460634480591
27354,0.9424747307153948
27356,0.489604177816626
27357,0.45773204960687
27360,0.6679435876849152
27361,0.10851862465305738
27362,0.6659972835138002
27366,0.22557817433494332
27367,0.6778635228849406
27368,0.7617600077216176
27369,0.7753563119141701
27371,0.45396735703546715
27372,0.03933108665694248
27376,0.35654421997277785
27378,0.25074368003270736
27379,0.9583055476743398
27380,0.24664215659942793
27381,0.7158556298863672
27384,0.8105180958013364
27386,0.21733821709748793
27387,0.12300467666087327
27389,0.8609430262686677
27393,0.4632983286201714
27394,0.28809640840340367
27395,0.8151195778443223
27396,0.6197282797746633
27397,0.22443225894482674
27405,0.5348837808784593
27408,0.7520082407800985
27410,0.5904380071685119
27412,0.8742608072313623
27414,0.015162429147387522
27415,0.1725988099563348
27416,0.49505891118524853
27418,0.798255612593645
27421,0.10932211810572662
27423,0.7849331268348096
27425,0.5918963838747296
27426,0.4786464872383869
27429,0.45714564753652304
27432,0.5182168454179399
27434,0.44662618273415167
27437,0.8982404247345521
27442,0.42344872199361094
27443,0.09128926511734034
27444,0.6601037757161212
27445,0.8268710546129345
27448,0.6349438176362081
27451,0.8762932439218164
27456,0.2679662776540033
27457,0.394710804611582
27458,0.45376031583833143
27463,0.3132028984212019
27465,0.24313412249390412
27466,0.29398359607096525
27467,0.8235327186961553
27468,0.6698119959897056
27469,0.27080727599334126
27471,0.3160445380978361
27474,0.8614071227177041
27475,0.24684642614196858
27476,0.4073584811617993
27477,0.8025401801682471
27478,0.7677926973236696
27480,0.5746106587735832
27483,0.8041994762060724
27484,0.32351025387098886
27485,0.25090824642996845
27486,0.22213375502544433
27487,0.20190827703695685
27488,0.40117760520003914
27489,0.7666750436623052
27491,0.26763646883383035
27494,0.7249126994354533
27497,0.8080026818439098
27498,0.4459213878557475
27499,0.005658883840419232
27502,0.9108221139597902
27508,0.2622367956132977
27512,0.40433720183538835
27513,0.4548619626965665
27514,0.28551977250287736
27515,0.6133441883682916
27517,0.8898872014361009
27518,0.36039436387058804
27520,0.4490357315573348
27521,0.8718293461574462
27524,0.6566498003759236
27525,0.6264433504691345
27527,0.3593567354531326
27529,0.6194311891390933
27530,0.5645634142391429
27533,0.27290342145357793
27534,0.4504542204567728
27535,0.20592345816501043
27542,0.09902205257721586
27543,0.21222504723606908
27544,0.3503114068469263
27545,0.46276401624049324
27549,0.4946161751535839
27550,0.07796455692675355
27552,0.6061134821076485
27553,0.1993962358185409
27554,0.22663168606607123
27555,0.8544331747117998
27557,0.4767040938302301
27560,0.6655843793712741
27563,0.8147795229058277
27564,0.3094440925354332
27565,0.47567497986535223
27566,0.2787761715845584
27567,0.8211145208360208
27568,0.20070491413391908
27569,0.9428266447945408
27570,0.4384445720955549
27573,0.1484791443313613
27574,0.6834098793397929
27575,0.6682457845860087
27576,0.7231196469540392
27581,0.39250176897515887
27588,0.22448456730566776
27593,0.5625454032337589
27596,0.7084098888516689
27599,0.4526167364357297
27602,0.6434740593804721
27604,0.520877550669532
27605,0.6231985370762924
27609,0.3370950919952525
27611,0.95633711889948
27612,0.17957783502422958
27615,0.46590467811658215
27616,0.3931137355647021
27617,0.5520473084413261
27620,0.08143792317882122
27623,0.20262240359579903
27626,0.3431260571043248
27628,0.4364466439541028
27629,0.7991446261081575
27630,0.49178624913558877
27631,0.1596975087464991
27633,0.5929003362003636
27635,0.7884529514562875
27638,0.34211200574674877
27639,0.7460082187400541
27640,0.5266572901887547
27647,0.6963737308732026
27648,0.6942270229396061
27649,0.30808769324427354
27653,0.20783154260415965
27654,0.28581804311290765
27657,0.8653005632202194
27661,0.03303555413435167
27662,0.42520846726509604
27664,0.7101883009041379
27665,0.6288299557736058
27668,0.5143978020268267
27669,0.06303262724594906
27672,0.05357549786494406
27674,0.8747179965077402
27677,0.3694371401861241
27678,0.5635876590122899
27679,0.9131169946821147
27680,0.2413212933758868
27681,0.7658912018606947
27683,0.38648638399032026
27685,0.73830428037771
27686,0.08162294668292362
27688,0.1455347007913577
27689,0.4608133836624404
27691,0.8738591490739643
27693,0.6461958631809729
27697,0.8480393885571423
27698,0.6820044897178117
27699,0.7169164576186038
27700,0.6754818248507392
27701,0.4858092484247564
27703,0.7907666000071661
27706,0.9227795567033119
27707,0.6918578593584777
27708,0.3900289843861396
27709,0.49606722432087474
27710,0.7094224939076286
27711,0.08222854176725562
27713,0.10610981256367781
27716,0.8782747174840938
27717,0.09099955356940115
27719,0.775512077220772
27722,0.8129632876576792
27725,0.12159781853784035
27726,0.2590373872006277
27728,0.6040840402143893
27734,0.8050033768094178
27736,0.9164020453865306
27737,0.6734019679068669
27738,0.6205644239301349
27739,0.7955164142617834
27740,0.32814608627384095
27744,0.3219367439874682
27745,0.45413334569844277
27751,0.6902968515788002
27752,0.6434896543683624
27760,0.640668009806326
27761,0.6309043249204948
27763,0.6300797449289491
27764,0.20573712061234467
27765,0.4511772322254461
27767,0.9698718154580561
27769,0.3361118391254819
27772,0.08016058015047918
27773,0.658409767409603
27774,0.3722585196301515
27776,0.3804332929449887
27779,0.6777916843780472
27786,0.5848287212666445
27789,0.07689387373247303
27790,0.6821157100390207
27791,0.5710599835301298
27796,0.7581704061516942
27797,0.593749499054478
27799,0.09038151575780705
27806,0.6712436858425384
27808,0.8946684923300866
27809,0.1292470504097537
27810,0.20428598082409222
27811,0.36262467624948597
27812,0.5806529816551653
27815,0.1529190320719678
27818,0.5294887863789021
27820,0.6184800995796851
27822,0.36875787408609056
27823,0.7624301920957957
27824,0.8581425437587974
27827,0.6775765936324483
27828,0.6546802119685774
27829,0.5900259389400997
27833,0.450346640447137
27834,0.23981769243514234
27836,0.6210347894656439
27837,0.5376782250085738
27838,0.8598909670936626
27840,0.40376673819407255
27841,0.5851315674961387
27843,0.30603589377694723
27845,0.22091471783512792
27848,0.5977620023617748
27849,0.708655686667346
27850,0.9612252722510161
27851,0.8995496480636339
27853,0.7303868523078091
27854,0.857373419045318
27856,0.5762883907968072
27858,0.6234524282852019
27859,0.19045357578435462
27860,0.6368528459035742
27862,0.39779393502273963
27863,0.5063347839526346
27864,0.5629008449713371
27865,0.36236874804066643
27869,0.2564718283103091
27872,0.16999368170458776
27874,0.5390696186107775
27877,0.720739126647651
27879,0.3902917585560994
27882,0.5276087090496172
27884,0.19500942555806614
27885,0.646584083482693
27887,0.6819996204753906
27890,0.8929447086373583
27892,0.5878939272985589
27895,0.6433402350837394
27899,0.5866932685182746
27903,0.6375984440908858
27904,0.3827204041069664
27908,0.5063267098647136
27910,0.7176962065234304
27911,0.3113342471028345
27913,0.46903490694125505
27916,0.13105504303257792
27919,0.23352217552501012
27920,0.8600288506811666
27922,0.7399871488684377
27924,0.8003525895745054
27926,0.48330734006737897
27927,0.5119512923254934
27928,0.4704556916984147
27929,0.18367904448280434
27930,0.6458304569838949
27932,0.37821051478967865
27933,0.5079105888505838
27934,0.2500480486660394
27940,0.4267195388243049
27941,0.6437978797765501
27942,0.6273076430644573
27944,0.8992198550877187
27950,0.7947910732803405
27951,0.2248491056795149
27952,0.31583529012852274
27953,0.4786328503431713
27954,0.7371285146013972
27956,0.7871548567655203
27958,0.41899615512704197
27960,0.17991923406327234
27964,0.2692016507514282
27965,0.6019622008490984
27966,0.4936546498016187
27967,0.29132984186028565
27968,0.19868396562983648
27969,0.2618351341087516
27970,0.3935326690383486
27971,0.6742589238838649
27972,0.02069529916223474
27973,0.477221311893925
27974,0.8967215501818695
27978,0.8657280106485131
27979,0.5402186529061239
27982,0.5638049093927286
27983,0.694811529746577
27985,0.361717404076472
27987,0.2495712918288881
27989,0.714847244179153
27990,0.32876279174247663
27993,0.6907950940185237
27995,0.7333520579359547
27996,0.48816541268787805
27999,0.03732827384693182
28001,0.6289932932747019
28004,0.9470429879609781
28008,0.6052930712064402
28010,0.5608691685530774
28011,0.38005817630276056
28012,0.9153354914633393
28013,0.3215187665745801
28016,0.6704228644609976
28019,0.5735845403371634
28020,0.3127583570733599
28021,0.7044225434289114
28024,0.4419515253520734
28026,0.7380129874402268
28027,0.8351901856678213
28029,0.46301251296865414
28030,0.7281844191701524
28035,0.360833076657624
28037,0.7146365819422094
28039,0.3045449011407797
28040,0.20179503042449712
28041,0.32519722864239553
28044,0.6345506997892584
28046,0.5080856833080698
28052,0.5094028191868204
28054,0.3860827034224166
28057,0.5061966700927432
28058,0.592423466355259
28059,0.9155870622693255
28060,0.37215012145483417
28061,0.14260784849533897
28062,0.8868550252209063
28064,0.5262466853520601
28068,0.8770186566732521
28069,0.16544143794094635
28070,0.39361052610410274
28072,0.7742885014125589
28073,0.5185211247869544
28074,0.6313611359282606
28075,0.7183973355442012
28076,0.15445920683428574
28079,0.19765073192843127
28080,0.30842771608884784
28082,0.8310254550613781
28084,0.742924636541763
28085,0.8143328966512017
28086,0.6503328058550378
28087,0.4490114764618954
28088,0.4664215742439779
28089,0.06710385384506226
28093,0.7854102122476544
28094,0.6192787064098081
28096,0.45564641361911673
28097,0.5094479483805366
28098,0.5496833882921358
28102,0.203082509517504
28103,0.8459148630400131
28104,0.4082847982115689
28106,0.2603627469894033
28107,0.09694864958895283
28108,0.3680250239851132
28110,0.4414159206574543
28112,0.634853763833074
28113,0.09395603343614997
28118,0.3709728608203549
28119,0.5588516870575521
28120,0.18388303538777198
28123,0.38252034731610557
28124,0.7172041192820742
28127,0.09958121383101744
28130,0.32327144104795064
28131,0.7914368118856882
28136,0.703899465005156
28137,0.4231680544183766
28138,0.3629113653478869
28139,0.8572295888231045
28140,0.09423712137217684
28142,0.8686454745318334
28143,0.7369027339964979
28145,0.28971159706548627
28149,0.3202208337962168
28151,0.8835691543029627
28153,0.22820978575656675
28154,0.7854051833768851
28157,0.23122702404868103
28159,0.7327790994609069
28160,0.5864919389827499
28162,0.5663022835659834
28166,0.22258800450190963
28167,0.6744702727377709
28168,0.7551141753117586
28170,0.5532415953629017
28171,0.013613643451581838
28172,0.6907220444414797
28173,0.8086719483847399
28174,0.5502582904859558
28178,0.520093151557169
28181,0.12694641756823066
28182,0.6733934853835066
28183,0.4733986812371307
28184,0.5410957042781761
28186,0.0645047229584467
28188,0.6060312794983407
28189,0.5274995557465356
28191,0.5416828587961505
28192,0.7636342473208172
28195,0.4691758619654755
28196,0.27440930197457153
28198,0.6166125258033737
28203,0.6829511983379514
28204,0.619775753914149
28205,0.7616048288059759
28208,0.8345615159740507
28213,0.8384643652263202
28214,0.42345396773203475
28215,0.8195727030503834
28217,0.26731531572158784
28218,0.21962702150659152
28221,0.7934730117713531
28223,0.07421401785166974
28228,0.42563869592651804
28230,0.2767308579553771
28234,0.6924653291026476
28237,0.8512895943999911
28239,0.24391855810123614
28240,0.16314498298162097
28241,0.40247102947909996
28242,0.39671568476192703
28245,0.6810822350996332
28247,0.40341968504315723
28251,0.86205830605689
28253,0.7706798975039802
28255,0.43045171648862646
28257,0.3710294755415298
28258,0.1337081838527446
28260,0.09301724437721745
28262,0.7101692352594547
28265,0.7957109138432769
28266,0.6784204093517227
28268,0.6835127635074364
28269,0.344494624871766
28270,0.6612958907061287
28272,0.12291893949475095
28275,0.8071996587619898
28277,0.3999714458593068
28278,0.20673799700611276
28279,0.4301803423766044
28280,0.7160886196031199
28281,0.10084536190357372
28282,0.8956162342678233
28283,0.5342909213491787
28284,0.6700943304186789
28285,0.405366140295154
28287,0.39774449276374824
28288,0.7324113869371778
28290,0.5739869137452821
28291,0.5021213088454365
28293,0.42531351226436026
28295,0.5599985453081455
28297,0.6504657363698038
28298,0.41452363282707194
28299,0.18292351923903746
28300,0.6282968760030067
28301,0.5620251863881972
28303,0.31066598328666134
28304,0.5091785671721292
28305,0.6890644770699987
28306,0.5250485229929853
28307,0.6664584250096818
28308,0.2199235244931525
28310,0.4350378338229004
28311,0.923925020612065
28312,0.7144632472827679
28313,0.4482811152506102
28315,0.5574874076708102
28316,0.8637339976555024
28318,0.327309356986201
28322,0.8058013430843599
28323,0.9833596249479984
28324,0.4943137265224731
28325,0.6713777913473513
28326,0.6118220496725009
28329,0.24400125165443542
28332,0.6841141160572962
28334,0.593395828583605
28337,0.2245431719672778
28342,0.580503832196416
28343,0.5320249281038439
28345,0.3095466547672403
28347,0.5202323705029352
28348,0.9074018251446089
28350,0.7663485155728156
28351,0.3907174089558586
28353,0.404872605014128
28354,0.23884463480033075
28355,0.5763109634003047
28356,0.4576306278694239
28357,0.7902364089969981
28358,0.35144386397565025
28361,0.8957126437420251
28362,0.4427094629017298
28363,0.44081768834957913
28367,0.7119844533767872
28369,0.24031584120743885
28370,0.4236128973658577
28372,0.09420868320262533
28373,0.1372825717815744
28374,0.32461291951694476
28376,0.33435408611397366
28378,0.5854532084116351
28384,0.8304924841725986
28385,0.17674082245210446
28387,0.25070567091202123
28388,0.012720264189326506
28390,0.3039717972870932
28392,0.7469338095064729
28393,0.918649951478524
28396,0.5221510669198485
28397,0.48942232593679896
28398,0.4776016584683445
28400,0.4189956279506472
28403,0.43339640580923433
28405,0.12505935193513648
28407,0.18298556808283753
28412,0.48849258831968667
28414,0.7343730227981646
28419,0.4223508820916124
28422,0.43583414491784106
28423,0.5860573030496857
28425,0.6392313202218216
28426,0.339777263422271
28432,0.12061799057411843
28434,0.5251510541928709
28435,0.8134462002368672
28436,0.708864436682878
28437,0.4155921945119541
28441,0.9145778503082066
28442,0.13651887256201223
28446,0.5043784325605877
28448,0.040634331231240585
28449,0.9424725083818901
28450,0.15508421341980344
28452,0.313562267929631
28454,0.7408026101983084
28456,0.9931747820107761
28457,0.24688732165965702
28458,0.42360354108998466
28460,0.9117686050687691
28461,0.5477472250457731
28462,0.7330166720708644
28464,0.5017500068882906
28466,0.9463080275516752
28467,0.4242085122681967
28468,0.6424849020378441
28469,0.5012222873597901
28470,0.23458786772893522
28473,0.12064402511243703
28476,0.2872110221914021
28477,0.805740879806092
28478,0.31090115475766616
28480,0.43597161896372283
28485,0.9344870558235067
28487,0.7771846549441829
28488,0.6334149931048239
28492,0.4912632165736709
28494,0.7430363698699174
28496,0.8039539036766646
28500,0.15954755155053008
28503,0.30516019718156373
28504,0.3237488243034524
28505,0.11925945892174239
28506,0.3550306323812972
28507,0.6246987894713519
28508,0.3261598791964326
28511,0.9015660298233393
28514,0.18068162503631402
28515,0.5872803940776895
28516,0.6351360571432751
28517,0.39319303122137267
28520,0.39241939741386944
28521,0.6800198900389324
28527,0.38298996526371104
28529,0.7694115094591871
28531,0.06479979153109221
28533,0.07155600080690566
28535,0.555060881400841
28537,0.6669322059245067
28540,0.7545103500629518
28541,0.46510914838093637
28542,0.40036600548078793
28543,0.6477029161929602
28544,0.8863306101127735
28545,0.4418705396800759
28547,0.35467868774799305
28548,0.17254121457197094
28549,0.409586603380656
28551,0.3398295827418483
28552,0.4672203986564402
28555,0.7494182513283497
28557,0.8770868406473645
28559,0.11207896454876823
28561,0.32636207863340927
28564,0.6396170143656221
28565,0.22524323003061728
28567,0.5334577849452039
28569,0.19645650438888052
28572,0.3258807024989984
28573,0.6576067679032501
28574,0.8825750838044948
28575,0.5937971932887232
28576,0.421031634440762
28577,0.5671423567663066
28578,0.11611260251889806
28579,0.6547866432418155
28582,0.3898034847464246
28583,0.9287645024994353
28584,0.9373490720821905
28586,0.8913682385657861
28588,0.7073902907233742
28589,0.40490090832291936
28592,0.7544174467146798
28594,0.8074547960860908
28595,0.18017417417529188
28596,0.703841314262384
28601,0.1810121255537973
28602,0.37360761084351884
28603,0.30262875877457723
28604,0.6729889160166119
28605,0.6627875339099835
28608,0.6919325384539727
28609,0.4343103124543286
28613,0.8507503290873473
28614,0.864119166341983
28615,0.10008019746250764
28616,0.797521394659849
28617,0.27167014359814107
28620,0.13680143493585056
28621,0.887829816955746
28622,0.4760735499050434
28623,0.26668046473427315
28624,0.09447923473039592
28626,0.3215640841294026
28627,0.6982021347273264
28628,0.849570177443169
28629,0.6414467916258723
28630,0.3978883655568337
28632,0.4030994921222945
28635,0.8517308283664535
28636,0.5960965418019359
28637,0.3828536009112417
28639,0.6714094427635184
28641,0.22016060719166486
28644,0.037847567386085065
28645,0.07988377625301658
28647,0.5910510990407569
28648,0.4243228843598935
28651,0.5916225569851808
28652,0.35285734501871896
28658,0.16151249066797446
28661,0.8752268436064766
28664,0.8373736085560337
28665,0.4067047747319351
28668,0.7236278777420758
28669,0.9465849576457696
28671,0.8553756440173009
28675,0.12144085375060873
28676,0.8410963060452696
28678,0.5297400606004263
28679,0.17326818087313828
28680,0.822511055566313
28681,0.277293836429268
28682,0.17259783153117836
28684,0.5805690096705443
28685,0.7731208689020614
28688,0.7587570797999309
28689,0.5277373210772164
28690,0.6482542589532
28692,0.9435128712140631
28693,0.40529452562612645
28694,0.8234559723579727
28695,0.6330505567649175
28698,0.33867439405263594
28699,0.6422745225375379
28700,0.7321967696873467
28701,0.34576806491373285
28702,0.13211349743919212
28703,0.7639978024805456
28705,0.6148901242508363
28706,0.552755717898022
28707,0.7861120690922151
28708,0.35940599077252766
28709,0.6684833329995502
28712,0.7867177913403994
28713,0.6707659756753999
28714,0.2071220790116817
28715,0.18498987742523554
28718,0.39092449955304714
28720,0.05363171727585072
28721,0.4891249721473548
28722,0.4215085598352917
28723,0.2742019329059258
28725,0.6790428872513434
28726,0.44773746829370537
28728,0.14424191881595663
28730,0.8159800255635503
28732,0.6813631226600605
28734,0.43649609484873864
28736,0.6813925938627966
28737,0.8241818193924388
28738,0.7270680571476497
28740,0.7119547671893753
28743,0.5118148514098042
28745,0.6807843144645997
28746,0.2384487399370151
28747,0.49412232103986653
28748,0.5948088554854958
28750,0.5389470339675567
28757,0.8910404754466816
28758,0.6146764929301329
28764,0.19611352710234128
28765,0.5308501982487571
28766,0.07767605426482918
28768,0.8869860160874584
28770,0.5556730643850187
28774,0.45730112327081296
28775,0.28372659899776476
28776,0.7624240012098018
28777,0.11749028506185148
28778,0.40173279232500325
28783,0.41227433406444647
28786,0.4947720541732123
28788,0.5038299717097191
28790,0.7353764192179552
28792,0.2875603635905025
28793,0.9102407819309898
28795,0.6005386975567188
28797,0.6364476961264789
28798,0.724117569184167
28799,0.34575639938391517
28800,0.8220446992840414
28802,0.6192091773638533
28804,0.1608324869774012
28805,0.7509921749287842
28806,0.7270475019903554
28810,0.5892309834608045
28812,0.8405289681180272
28813,0.2881948630747379
28816,0.6591304330411414
28821,0.2202119912286302
28823,0.33009569706821285
28824,0.14210270115079493
28825,0.0062742324148219175
28827,0.4968464635095289
28829,0.1873398764159899
28832,0.9472145323155032
28833,0.7875993131906524
28834,0.5715650956394658
28835,0.5464653820152482
28836,0.7546040811592524
28840,0.511698071321143
28841,0.7033815016620909
28849,0.13174486164676075
28856,0.17224567420957135
28859,0.1625515501290593
28861,0.9445597400186739
28862,0.34282055180176335
28863,0.802691988041778
28865,0.9310176087822868
28866,0.6472448880583722
28868,0.1416112918777339
28876,0.10294382551390054
28880,0.9352645678999439
28882,0.11900976891163705
28884,0.5202581116621677
28887,0.29689364603912816
28888,0.6261192387023561
28889,0.5471162116731284
28894,0.241037334285165
28897,0.5136430970272609
28899,0.7609760553059204
28901,0.7131353472918108
28906,0.6554279756487417
28907,0.06226840350310992
28909,0.33836400233531233
28910,0.6610025037913756
28912,0.4039248334669403
28914,0.21724110736766902
28916,0.4136837648426683
28918,0.4214496949398765
28919,0.7214135506187402
28922,0.598326262518825
28923,0.5675158722403606
28925,0.3726262847477042
28926,0.8914892034748652
28927,0.27404304444781347
28929,0.8410738594913699
28930,0.40949862043555135
28932,0.11994780728703638
28935,0.22423956316031
28936,0.5748159762085077
28939,0.9637786633896407
28940,0.7825209510620047
28941,0.1865081599340843
28945,0.372892081101709
28946,0.38644225017980327
28947,0.2249339558559146
28949,0.8226524698474461
28950,0.7012580741173398
28951,0.9557838211320027
28953,0.5628566624909174
28954,0.7553049746490625
28957,0.6427738415291271
28960,0.44681767514341303
28961,0.33728956229779733
28966,0.765916103846996
28968,0.498712992714911
28970,0.232271901630987
28971,0.1365757914586844
28972,0.51092504382965
28977,0.1761111309515411
28979,0.7137759109423721
28981,0.5208946797726864
28984,0.6539675447958945
28985,0.8452625336022042
28986,0.05706410909677643
28988,0.3907940292364672
28989,0.7321180262616919
28990,0.4906833374855289
28993,0.5399972253650231
28997,0.8857885510208319
28998,0.5936650809017556
29000,0.542145034375523
29001,0.830610154532004
29004,0.9067671005949911
29005,0.5918722495721297
29006,0.9598436194017749
29008,0.7036398920562372
29009,0.4745708042728233
29010,0.3547623080777707
29011,0.8635626720116292
29015,0.2727591646839419
29018,0.35753191894318237
29020,0.29469856031011255
29022,0.39674401588575625
29023,0.9353267299339436
29024,0.4583151533825348
29026,0.447030159245622
29029,0.5891236033748374
29033,0.468765914711804
29036,0.9273248988441298
29045,0.6633472724724977
29047,0.6288512459194624
29048,0.7570065891760833
29049,0.03307016123410491
29051,0.8346892207461885
29052,0.8116039837093698
29054,0.6978672373380562
29057,0.49289508956648065
29059,0.9054384398653573
29060,0.7379878109719062
29062,0.7831360190769214
29063,0.1884877219729202
29065,0.22733915192054058
29066,0.4156156193369861
29068,0.082756079674927
29070,0.7144361618700894
29071,0.7165701673548115
29074,0.42249068331510536
29075,0.6688158319264351
29077,0.35409211789628614
29078,0.6256112586165036
29080,0.6125754693006182
29081,0.10003125405782438
29083,0.5371912123503156
29084,0.8003451517629752
29089,0.4539096480816549
29091,0.42889605079276594
29094,0.41447260522179313
29095,0.9285040322574108
29097,0.9683109017456818
29098,0.16321223043119493
29099,0.9081508018273073
29100,0.1729413459908744
29104,0.6146120520830656
29105,0.6683918403345247
29107,0.5585707422252275
29108,0.7904521903298627
29110,0.19735880221805774
29111,0.41444205105943194
29116,0.7218526826725656
29117,0.7406004076989342
29118,0.20519805938238925
29120,0.4510442734791898
29121,0.5065974459966162
29122,0.6509795555990996
29124,0.27663863276248873
29125,0.5122735500119899
29127,0.2561042332097644
29131,0.18514666154214246
29132,0.2687662587407665
29134,0.322169065761128
29136,0.4049503966792545
29137,0.26483566728544916
29138,0.5618715280524623
29140,0.2121581199137544
29141,0.444313436232895
29142,0.41552865184084015
29144,0.13943306942302425
29145,0.5032105213000748
29146,0.14235130456064582
29147,0.8380124703877729
29148,0.3704667608613974
29149,0.7203836108352348
29150,0.34671305191773444
29152,0.24668050695716437
29153,0.5026997566723328
29155,0.8751738420929254
29158,0.6116636170974367
29159,0.06482566581636172
29160,0.8274168953193174
29162,0.7993396959409261
29163,0.9208852525755141
29170,0.493775032894927
29171,0.8794655172788229
29173,0.3583320259298769
29175,0.7524154853631927
29176,0.6691851917659776
29177,0.15834700740976432
29179,0.7259483809523182
29180,0.5568163184963785
29184,0.42852689934742844
29186,0.915400894367097
29188,0.5209976435925254
29190,0.46156120419794966
29192,0.42234257789956337
29195,0.564792796952397
29196,0.5501033209821179
29197,0.43110035666051943
29200,0.8296835502474795
29201,0.6701637451467124
29202,0.6072686761361403
29203,0.3335823815758941
29204,0.45330665708169143
29205,0.5428307372205154
29206,0.276369891128077
29208,0.5849060393573415
29210,0.7582841592703898
29211,0.45856284908179396
29218,0.0394162339178245
29220,0.4023038247684537
29221,0.7005968258784916
29222,0.9160380683207137
29226,0.5451600004451391
29227,0.7247656166946971
29231,0.8068498201219496
29233,0.9064991001740732
29236,0.29883347919210135
29237,0.7052023415748029
29238,0.7121013238690119
29240,0.16174931290052513
29241,0.790162471172637
29243,0.4736278104033874
29245,0.6155455275720272
29246,0.8030280090324475
29248,0.7615223863164363
29251,0.7970284497636854
29252,0.21230413334351167
29255,0.7739081869640361
29257,0.1411987118264881
29260,0.3979783376060144
29261,0.4765525326289145
29262,0.8019840454097399
29264,0.8770500933524972
29265,0.24176854655885147
29266,0.7548606410993195
29267,0.3302057564290087
29268,0.08345672485418593
29269,0.17752523896928124
29271,0.8220945090071745
29272,0.6993140516344597
29274,0.4736035947584788
29276,0.31728455055092075
29280,0.4312101721078014
29281,0.4154078180878432
29282,0.659244000034876
29283,0.9336886259530496
29290,0.21699783191258562
29291,0.16518449752707987
29292,0.9308988779489149
29293,0.913580115420095
29297,0.6563071509693706
29298,0.8245039426337437
29299,0.8618262471887217
29300,0.49445650204551606
29301,0.548845269530738
29303,0.6337467399743993
29305,0.9667371604945371
29306,0.6026046988443531
29307,0.16043331620599366
29309,0.4731217887481025
29310,0.5839598991340759
29313,0.7151227994980313
29314,0.9485447080905467
29316,0.40032952995379784
29318,0.7350901747314904
29319,0.47635347148641405
29321,0.7256442094846848
29323,0.7871412993109165
29325,0.12131172663970713
29327,0.6284272195994594
29328,0.17337687946475178
29330,0.9211932807872242
29332,0.8518816543935421
29333,0.9014013363403074
29334,0.3980251950457977
29337,0.5327860179883585
29339,0.2072571832839559
29340,0.26981111218731596
29341,0.48893357258078385
29342,0.528810930275898
29344,0.2707952978344006
29345,0.7061339033979813
29350,0.8959684459660813
29351,0.6031540244356076
29352,0.3303846149241605
29353,0.8692597281188871
29354,0.4969733641877409
29357,0.5639017474274239
29359,0.4972342759419499
29360,0.5858198428719948
29361,0.826808046996807
29362,0.835405643548704
29365,0.6327314361014101
29368,0.6725884340675639
29369,0.2085258455459275
29370,0.5367627363778785
29372,0.562123860046539
29373,0.2631005348839713
29375,0.15884472232572228
29379,0.6190832340632875
29380,0.27901363528513373
29381,0.9451036229554551
29388,0.5773666411119018
29389,0.29340160831489137
29390,0.41717772873721687
29393,0.06676106165388487
29396,0.7038641222204205
29398,0.4472167749588418
29402,0.7711378900313041
29403,0.6324527050899019
29409,0.5424393898431294
29411,0.3482467264855651
29416,0.7166315916346195
29420,0.6559931881997867
29421,0.6210053808237771
29422,0.16542131009179747
29423,0.9467769570277617
29424,0.4179186613476151
29427,0.37906519154835705
29429,0.6504966535830692
29431,0.6543854021316023
29432,0.7680317029525959
29433,0.38574489624504027
29435,0.5630205213785295
29436,0.2500953081266441
29442,0.10379209510604881
29443,0.9249726369464919
29444,0.18095075158207163
29446,0.321543981931016
29450,0.4337844954200396
29453,0.7996432666370393
29455,0.20332511969100575
29456,0.6228416551502949
29458,0.35451873818854446
29459,0.3705427966899275
29460,0.8606397297680461
29461,0.4717898109623632
29462,0.0004020656235874922
29463,0.047433614174130896
29464,0.2820301306077692
29466,0.5289709044132608
29467,0.02332093541808417
29472,0.9406384045067893
29474,0.4833150033425618
29475,0.1981659434749506
29477,0.6796665166369356
29478,0.9259265784702634
29479,0.4037396517919503
29480,0.7752124770605093
29481,0.05922620631635611
29482,0.0866096700322004
29483,0.6875175133593618
29485,0.2610763078192509
29486,0.7801816438910437
29488,0.6615597383470179
29489,0.5820600312465608
29490,0.8536679295761491
29491,0.5138148254205199
29492,0.41997952567683305
29493,0.19857641429230471
29496,0.6057644779935849
29499,0.4734320481129783
29500,0.43182847086365655
29502,0.1981343800456013
29503,0.19842575304449506
29507,0.7819497326434088
29510,0.5731677552934484
29511,0.7463268812409909
29513,0.45034070449612496
29514,0.1077158060022426
29515,0.35032852761675665
29516,0.37894043475810907
29517,0.3830695134590339
29521,0.3225395651543083
29522,0.16872455875424497
29523,0.35446407402356267
29524,0.2131081003136334
29526,0.2576667377829702
29527,0.3117933455273548
29528,0.05160694282029433
29531,0.7183504467607064
29535,0.2580864367812506
29542,0.5528377831851123
29546,0.3256353938372334
29548,0.63354588944668
29549,0.5012782901117315
29551,0.5662070420790682
29553,0.36159194859248633
29554,0.6983710526804497
29556,0.7117657678102906
29557,0.8131611477970018
29558,0.300248877265214
29559,0.2987894320056125
29561,0.7302848079843902
29562,0.6918219976975538
29563,0.7423807591108381
29564,0.658004392057819
29565,0.658476838382746
29566,0.33124775164593856
29567,0.3440021941584341
29569,0.17757245206105746
29570,0.12465222607336988
29572,0.9172670053997993
29574,0.3021216213187181
29576,0.5683830459590036
29577,0.0836920863314275
29578,0.8278277028278159
29580,0.6539093335152267
29581,0.6644194001193183
29582,0.5807885195872177
29583,0.17831365705049637
29587,0.5175528301191235
29588,0.8242917222812939
29589,0.6651362731029318
29590,0.6545671275388227
29593,0.2107285426173047
29594,0.818625921855056
29595,0.8401318276229269
29598,0.37029000983935206
29603,0.39745854773511824
29604,0.10850997330237684
29606,0.9689057608103294
29607,0.1444639793279467
29608,0.4737540349803789
29610,0.5510899225207557
29611,0.8785172770955387
29612,0.1935911849288484
29614,0.46634763849758
29615,0.5788942893226217
29616,0.05695748305983525
29617,0.25950607994582264
29620,0.43128784163810713
29622,0.9258078618202625
29623,0.9225317944246779
29624,0.27620790217552044
29625,0.5545058509770623
29626,0.04973596636998264
29627,0.7496341407535074
29630,0.8290424809389478
29631,0.622286971928701
29632,0.4100044542588812
29633,0.40756965145598006
29635,0.3312899837144703
29636,0.811792526364541
29640,0.6191895361380003
29641,0.2282192655613945
29642,0.3956552267947487
29644,0.41596236586793517
29645,0.5856588121701165
29648,0.6391316356368618
29650,0.058182546237774815
29651,0.36019926526154084
29652,0.1988766237323353
29654,0.2873226817879579
29656,0.14207074002425507
29657,0.8843250552847813
29658,0.4617293904719189
29659,0.8141470352980665
29663,0.5968610188014312
29664,0.16533911870643234
29666,0.8059164188106936
29668,0.8898590530087832
29669,0.7014058804930411
29676,0.7675115464144454
29677,0.5639618929817449
29681,0.9126941615432904
29682,0.8182488333713349
29683,0.6411345406800983
29687,0.6405771223500352
29688,0.9154124929437243
29690,0.7513897323198077
29698,0.6662860133312402
29699,0.8710124329435843
29700,0.6559512961359615
29701,0.13447857598951685
29702,0.7013351033056205
29703,0.9171128021759648
29704,0.9593470141789202
29705,0.43731168742817306
29711,0.5697310102373929
29716,0.8906312805047886
29719,0.614589418924955
29720,0.05757698408671678
29721,0.663200479554397
29722,0.07162503372538158
29723,0.9369833465386084
29725,0.3608622034966473
29726,0.6508608657132782
29728,0.09095334464292956
29730,0.24226660511204925
29732,0.890095345305366
29734,0.9332487634790824
29735,0.28627315717838747
29736,0.9360771532822192
29741,0.28318949882842614
29744,0.7986528651993069
29748,0.23367030226811572
29754,0.1863155485180318
29755,0.7339465316983601
29756,0.5794383049524899
29759,0.8947066575281485
29762,0.4752322044569237
29766,0.533593905958686
29769,0.6557292901502216
29771,0.36768457046982866
29772,0.5513939915569994
29773,0.19905746125951906
29775,0.6974720367146597
29777,0.5352478924961077
29778,0.759779551891095
29781,0.7838432634281904
29783,0.6795623759773425
29786,0.3290571944018574
29787,0.11749240609810495
29788,0.8620251175034623
29789,0.23713810473053862
29791,0.7841158892601705
29793,0.6364948656831633
29794,0.3830631282921357
29797,0.36314867679219065
29799,0.11994252849389503
29801,0.23984153570153272
29805,0.5116008661113757
29806,0.6899614979808477
29807,0.3842036248005455
29809,0.6558879381428179
29810,0.10728475884339321
29812,0.332831543306956
29814,0.5274686306692995
29817,0.9380287659806551
29819,0.872707319830989
29821,0.35139845058694485
29826,0.49053663660148616
29827,0.8112708916922317
29828,0.7317619095118797
29831,0.23806104248536886
29835,0.4500233151404128
29836,0.14177407519739946
29838,0.6213932056051429
29839,0.5483873143333953
29840,0.1652612682230907
29849,0.19970464395008045
29850,0.2799456049529214
29852,0.7722521044163597
29853,0.20021387449917918
29855,0.9190619994009194
29859,0.9020954888958791
29860,0.2195465640439712
29861,0.7080267514535877
29865,0.893730311333702
29868,0.8145854418455328
29873,0.32593722749425447
29876,0.2856879161030035
29878,0.25714734567308645
29879,0.2802906475053083
29880,0.1692372093140897
29887,0.853578745379554
29888,0.06751526776542806
29891,0.7607444587157073
29892,0.8744128027433934
29894,0.8245972288938186
29895,0.7192733393291281
29897,0.7928276383468646
29900,0.9052459595768346
29902,0.5749267171343391
29904,0.7285591675593507
29906,0.4302469187557677
29907,0.2705807280664402
29908,0.32212772801247785
29909,0.43379111597589254
29910,0.7954706780599772
29911,0.16786105420820163
29913,0.4638753742709355
29914,0.3417154353254955
29916,0.8105899724239016
29917,0.6830960383754862
29919,0.773068316463624
29920,0.5968503883243067
29922,0.5410556475937573
29923,0.6894012518462417
29926,0.4918036057452851
29927,0.19748243896999607
29928,0.39994993063325485
29931,0.007363725796704504
29932,0.6804270103653536
29935,0.35729902367995076
29937,0.5499425180276073
29940,0.7696470556293916
29941,0.32199371404304855
29942,0.33343982936372846
29945,0.7467529204764171
29946,0.5992072549199056
29949,0.4950535697282056
29951,0.4719344471846578
29952,0.3631148550841079
29955,0.9919045256900684
29956,0.37400615378203644
29957,0.38184797613527943
29961,0.456119287823219
29963,0.5764478241310502
29964,0.3271057407205026
29966,0.4944621072379677
29969,0.0953726704048481
29970,0.43191455733103434
29972,0.5264625033168356
29976,0.8035783986098454
29979,0.23271079429184818
29982,0.398210524263214
29983,0.5373041794464041
29984,0.5549359883009991
29985,0.5378211273424357
29987,0.14900611894335258
29991,0.3560877007548286
29992,0.9346509760990677
29994,0.8307092988052729
29995,0.2183171227062304
29996,0.8149339514819767
29998,0.4804763971331963
30000,0.2956828175386729
30001,0.8640059289357562
30002,0.9549067590176465
30004,0.8143861763508368
30008,0.8508239056237574
30010,0.7866489546938008
30011,0.7153067902153498
30012,0.2853825216033073
30013,0.5399483013582107
30014,0.8615325555496799
30016,0.6636186672152883
30019,0.4603667794882768
30020,0.1823759187342481
30023,0.2071059648301156
30028,0.7517298658204858
30029,0.10957451283211671
30031,0.5789794497279758
30033,0.18477963723701668
30035,0.8703640608188794
30037,0.1401222168485465
30040,0.4051662171580013
30041,0.5795506998530353
30042,0.9481110741687409
30043,0.6449048233584511
30044,0.09689899499723677
30045,0.4160049603861391
30048,0.6999709698435512
30050,0.8639265323298647
30052,0.4885224329921115
30053,0.43115920954944054
30054,0.6914487767111828
30061,0.35158866552446255
30063,0.3510190426246405
30066,0.8615462316942912
30068,0.6264546341933851
30069,0.5117828129225309
30072,0.3078966681215371
30074,0.8103366522124125
30075,0.2676136169009563
30077,0.4939191173423592
30078,0.4370249924554368
30079,0.2272774133828477
30081,0.327869123756403
30083,0.4425562704914587
30084,0.7109626182034245
30085,0.8160651725287007
30086,0.3337613373175672
30088,0.2769550930912855
30089,0.307323430825893
30092,0.506136412419541
30093,0.33128569634025085
30099,0.4836462068300391
30101,0.939620198185846
30102,0.40777778026074907
30104,0.5938642140637727
30105,0.20956997327530635
30106,0.11571054091503832
30108,0.642537833714169
30109,0.5071907778287157
30110,0.9350881862123375
30113,0.704871837703879
30115,0.18224608721211374
30116,0.8010052221072886
30117,0.21171607502085335
30118,0.27795507705937217
30119,0.2783006903360042
30120,0.7640545479892733
30122,0.49873736508359245
30128,0.288473719131624
30129,0.7809975043744891
30136,0.8107126438506181
30139,0.4436925613783099
30142,0.5869404738481369
30152,0.5198905616411347
30153,0.6457920047318039
30154,0.682806581262811
30157,0.7446682602674266
30159,0.4497928048212201
30160,0.2464554069595516
30165,0.45929496378691986
30166,0.2537414890071526
30167,0.6056953176145026
30168,0.19999282446630168
30169,0.5875169605001989
30170,0.7196713746860953
30173,0.9103716351992073
30175,0.4647046270473187
30178,0.8905020147027228
30179,0.5206099675230406
30181,0.10702120293557946
30183,0.6344364732569061
30184,0.2878242693876339
30185,0.8104234560013285
30186,0.39914057691586424
30188,0.8141772115509199
30191,0.8197664905391555
30192,0.8255788961564203
30195,0.7225283577992192
30196,0.529871565328737
30197,0.9083254603426497
30199,0.5542606166156689
30204,0.6089251218869458
30205,0.8712788900862604
30207,0.4297237801716945
30209,0.36096711742989035
30211,0.8994987405703263
30213,0.6398279444856666
30215,0.8114360953803188
30216,0.4791344514212564
30217,0.07136229366434949
30220,0.695753735544669
30221,0.9377478243168442
30224,0.8232315890533387
30228,0.5553449765183043
30229,0.7217161878616736
30230,0.23063434728681667
30235,0.3798554708972221
30238,0.3218140481296864
30242,0.41455455801526825
30245,0.31162520330157834
30247,0.21402173276493747
30248,0.31296022052186645
30252,0.7208552255996213
30253,0.28729332109633965
30257,0.585669015116638
30259,0.3779541968395016
30260,0.7041772346345669
30261,0.438608601491919
30264,0.5470244615867511
30266,0.5607737779436551
30268,0.8181527774486252
30269,0.5441227338513702
30273,0.3271821742792703
30279,0.37618299428566715
30284,0.7449308161639502
30288,0.4929752530794348
30289,0.568220498728567
30290,0.647455555429883
30292,0.8247058537461368
30296,0.505543720172972
30299,0.16879467464961448
30301,0.800887375845491
30302,0.5754875368195508
30304,0.8295953773908842
30308,0.29149748720203733
30310,0.26395263147605985
30313,0.17754753119041058
30316,0.49599101908225307
30317,0.14906751275423716
30320,0.17234067404638895
30321,0.21847585638459224
30325,0.31437247473286845
30328,0.5426366280630003
30329,0.2096244214976579
30330,0.6184126301556935
30335,0.8898603514133316
30336,0.96684283319652
30337,0.7464983590725248
30340,0.3294722804793804
30343,0.5046828846906507
30345,0.4296908028751485
30347,0.41349726756005695
30348,0.2526921083384273
30350,0.6129248316558399
30351,0.15362872009494316
30357,0.5778070305084148
30358,0.4334973859447905
30359,0.9790139159555197
30361,0.27508145158393255
30364,0.12055772008302755
30368,0.717142590258595
30369,0.41726527964077587
30371,0.2952220032250438
30372,0.20716080003893272
30373,0.746071656423827
30378,0.16198391310092067
30379,0.5002263851783266
30380,0.7250778488361481
30381,0.8406446125360749
30382,0.7408553299278735
30384,0.6912963257540359
30385,0.41991361346141204
30386,0.3910300195076051
30387,0.5749205961229095
30388,0.7356217457169218
30389,0.18554908903979966
30390,0.8995250786206079
30394,0.8475341579430554
30397,0.1542008041483939
30399,0.5894276239859622
30401,0.15112878164597676
30403,0.9040689045871915
30405,0.16167483767113355
30406,0.4462857962663077
30408,0.720357802964812
30410,0.3793140711659611
30411,0.45434381309265903
30415,0.7167623960652906
30418,0.20160815665425721
30419,0.6024147766353155
30422,0.581406507543792
30423,0.7542036256300868
30428,0.32574716186332114
30434,0.686524800464533
30435,0.8736755121525274
30437,0.6541049002715527
30438,0.3122365558883981
30442,0.9387138589621542
30446,0.5373395636470177
30447,0.4616711189309617
30448,0.6940263333909963
30453,0.7949545806872775
30455,0.5201826446126172
30456,0.6962909031861743
30458,0.20225260798364303
30459,0.5826356189336888
30460,0.4776364023813989
30462,0.955940805334276
30464,0.400080118424804
30465,0.9045248763410199
30466,0.5846421081920368
30467,0.5879489829876929
30468,0.45565041048739696
30470,0.18426175194803537
30471,0.3033647147744671
30472,0.8663145271359014
30475,0.6896666488229656
30479,0.3234012980573097
30480,0.7978372618051637
30483,0.6903730721094491
30484,0.2313205019984146
30490,0.7200049959326845
30491,0.5828219140543892
30495,0.35347414112400044
30497,0.15194895925883287
30498,0.803562743718789
30502,0.5924697781884055
30503,0.8125058570405111
30506,0.8596121823579236
30508,0.9254148734145103
30509,0.6193965590706976
30511,0.6526502965326443
30513,0.20617423609035135
30515,0.7350093578981981
30518,0.6398726918548838
30520,0.31720166751683754
30528,0.08755225393635985
30530,0.9839262995320147
30536,0.36019157958144526
30538,0.21982282810692916
30539,0.6695903322454909
30544,0.6989987924901411
30545,0.740612832576636
30549,0.3052293401778505
30554,0.44341018634824947
30555,0.6501792686129958
30556,0.15530184925812174
30557,0.8205181743439074
30560,0.7144928346873937
30561,0.20654999492452394
30562,0.8648149852573183
30563,0.39066560492096797
30567,0.7359349027775539
30569,0.4765923943646823
30571,0.1162662468147113
30572,0.602040723868729
30573,0.02960536542120872
30576,0.35188568015527116
30580,0.24198842623039604
30584,0.292963152894585
30586,0.8615147908642632
30587,0.9049351990034592
30588,0.5639989953143273
30590,0.6800313488305946
30593,0.5923568838922277
30595,0.6872248164822321
30597,0.050759849640365944
30598,0.1981894775601258
30601,0.481289367713572
30602,0.5509021866703463
30603,0.40269897487651374
30606,0.3520678726374536
30607,0.23354157404918185
30608,0.6268968466713872
30611,0.47598668471911765
30612,0.6558481133854449
30614,0.139882434681305
30616,0.7530301186612877
30619,0.7591862282709676
30620,0.7051841820154773
30622,0.5484723755038079
30623,0.132125666219589
30624,0.13946999136778981
30627,0.20576058953623363
30628,0.7234329220721917
30630,0.5771872142242898
30632,0.4401864454529036
30634,0.4133935295762201
30636,0.38764713418253127
30637,0.8629633246062123
30641,0.134389941563712
30645,0.5339683748256683
30646,0.8315576364086257
30647,0.7252451545269475
30650,0.292356187544479
30654,0.6652201192889838
30659,0.8840266639175417
30660,0.6357258612839073
30661,0.9042986527642133
30662,0.6424878726941785
30663,0.5108915786771135
30664,0.06820169400399717
30665,0.6870678373741553
30666,0.7560638685630461
30667,0.7665456269208992
30669,0.4394811507549471
30671,0.5215865871983013
30676,0.30372461888182245
30679,0.6507348555195621
30682,0.4733678364505654
30684,0.29375203932310645
30685,0.7933274038320333
30688,0.817709883831788
30689,0.5916112286271727
30693,0.34308266147417193
30696,0.9713644157613015
30701,0.2953186192471722
30702,0.26692168358780116
30704,0.9052773321641558
30705,0.33680751066700854
30707,0.696519593164463
30708,0.38596764115370924
30710,0.9095703874795837
30711,0.49777297485516186
30714,0.674578625470556
30717,0.48992380469329366
30718,0.3701883892412885
30722,0.3420900129643348
30723,0.11799279520096077
30725,0.39978063097692607
30726,0.5111267382775891
30732,0.4530152481543824
30736,0.854398459144401
30741,0.5662052690193984
30744,0.7205849723184194
30745,0.18011778965696118
30746,0.6715205938200846
30749,0.17153769645964756
30751,0.20196376243948638
30752,0.7579753755252246
30754,0.6912263861566972
30755,0.5387933745559053
30756,0.6553884780003679
30757,0.2844642384054709
30759,0.6579774270888532
30760,0.29548973497129993
30762,0.36823742738084836
30765,0.2003176565489137
30767,0.6273344319315698
30771,0.27569783555705973
30772,0.8256771429729595
30775,0.7327867462898561
30777,0.4345613778463003
30778,0.17276575458737678
30779,0.3906266832738176
30781,0.2607110483348119
30784,0.7266017708405518
30786,0.7411804167473354
30787,0.2817124771352959
30790,0.6971861068782647
30792,0.18675041253352473
30794,0.7511665662056434
30795,0.5662581678486361
30797,0.8400608587420669
30798,0.7224258536677871
30799,0.9184242756479872
30800,0.6543727777340878
30801,0.8104490820348825
30802,0.7773401217245478
30803,0.9308595835171699
30804,0.46875018814590186
30805,0.6253173121994012
30806,0.2231276933864339
30807,0.6348354179513033
30811,0.9257997176418779
30812,0.6207859886353815
30815,0.2682054813335042
30819,0.33478738167518746
30821,0.8613038235565194
30826,0.48858609303667316
30827,0.8023139113363763
30829,0.8508373077541522
30830,0.5716971629518203
30831,0.48781773758803937
30832,0.11475261361325376
30834,0.8789862080740143
30839,0.5006470625894093
30840,0.6444880474754222
30841,0.3834224517108115
30842,0.6618369017646899
30843,0.5943606427371808
30844,0.27069451432731
30848,0.9041035348094557
30850,0.8119311857525867
30851,0.6329557739316304
30856,0.8801183668654496
30857,0.17577147731822715
30858,0.6463327709986367
30859,0.4139527421492028
30862,0.8575454318088669
30863,0.43867649099790024
30864,0.8240116758086626
30865,0.3409429698092443
30866,0.312821461170944
30867,0.3800199883502356
30870,0.6176541911838629
30872,0.2572837317569014
30873,0.6342630537853191
30874,0.5581735952992829
30876,0.5778168690704181
30879,0.48541452738599733
30882,0.908247621417515
30884,0.6337386447343848
30886,0.5106191058023557
30889,0.7155190918188054
30890,0.9042752516679203
30891,0.3737208826991207
30893,0.7797857582961539
30894,0.512016939551157
30896,0.8536414094992478
30899,0.7973396331792176
30902,0.5492219104823622
30904,0.2198273298274909
30906,0.7520022127271812
30907,0.43520280115631027
30912,0.6065758913527031
30913,0.4479035792654374
30915,0.3876026449551162
30917,0.16103307928865238
30922,0.17160551279272818
30924,0.8751596278916569
30927,0.4191933632871135
30928,0.7842142611741774
30930,0.26097567038934916
30932,0.9077047504940843
30933,0.875610367702477
30939,0.8327367782477423
30947,0.3170054487963137
30948,0.8140895068976216
30950,0.9480637165442417
30951,0.557397921512359
30952,0.8904525585259168
30953,0.6968768122100546
30955,0.3953769989820719
30957,0.08240092516142514
30958,0.9335994668192745
30959,0.30726153407044915
30960,0.2779666165321759
30961,0.8294014298221319
30962,0.33579766666711314
30963,0.6047390750707081
30964,0.23197658215785724
30965,0.21590401927059888
30966,0.7196346932421201
30969,0.45006217310362245
30970,0.5588784348349921
30976,0.48230424714193465
30977,0.28232430996987856
30979,0.6891010361450012
30980,0.706616978265257
30982,0.7547420378027128
30985,0.39362562069198376
30986,0.5089229992495227
30987,0.9017020786182384
30989,0.11981934842508213
30990,0.3887564314800128
30997,0.6662302685530103
31001,0.6526285370098681
31002,0.3813664348967678
31005,0.48167293715265974
31008,0.3522852692707889
31012,0.34931018320370993
31013,0.6586903325987945
31018,0.09559406294823129
31022,0.31172184305395134
31036,0.24690720767445742
31038,0.8172035032768203
31039,0.051705840087714734
31040,0.28123965927350736
31041,0.1013564222982164
31042,0.21971026828411577
31044,0.8803351471734732
31047,0.13917365355506614
31048,0.19841386361525318
31050,0.6272429566280388
31051,0.5713810328965535
31052,0.7554858265787485
31053,0.23000882856736687
31054,0.46227302788590113
31055,0.6487798951018989
31056,0.7959955744453681
31057,0.47992991967005594
31060,0.07927974880211541
31061,0.3706064069224437
31066,0.5866797826311683
31068,0.7551741282570691
31069,0.24973358602092816
31070,0.4097449964131452
31077,0.563501825588581
31078,0.6229498953174133
31082,0.13517841752531834
31085,0.5605981033351798
31087,0.6502630098473051
31088,0.6397989384801589
31089,0.43734699985506226
31092,0.17472818244902336
31095,0.3943308747184679
31097,0.46779984185641776
31099,0.1631864213462269
31100,0.7270348916880962
31103,0.7728977613598284
31105,0.39963319513381834
31107,0.783263829998008
31108,0.9125687923800165
31109,0.5571712711473396
31110,0.5800861318765411
31111,0.2841712786822608
31112,0.8714403033186076
31114,0.5593996783165384
31115,0.9611013119890615
31117,0.7004508935079149
31120,0.4103917677740877
31124,0.02642847721887816
31125,0.9772793360206168
31127,0.3716539831950483
31128,0.6933211782811027
31130,0.9229580156458045
31132,0.7182989413647759
31133,0.8271964020220198
31142,0.45453378012301315
31146,0.5239049029151162
31147,0.28279795028618127
31149,0.9236421915013748
31150,0.637291276511391
31151,0.3396659749158366
31154,0.7865550766543222
31158,0.15854893447277033
31161,0.3508084679902275
31162,0.6888978438771917
31163,0.08847978258886699
31164,0.34494476192900925
31165,0.40246207739468787
31166,0.16418494057619704
31168,0.5301675776580516
31172,0.7064609044814961
31173,0.4533977010635432
31175,0.1497829832358826
31176,0.0658201814466114
31178,0.5474505947990178
31182,0.8003963793881065
31183,0.5198846225378342
31184,0.22434489007685177
31190,0.09903282606130179
31194,0.7761893293296904
31198,0.5440120980757638
31200,0.23904780971079664
31203,0.8879982700329132
31207,0.4971802691540598
31208,0.2838946394369821
31209,0.6232940920636851
31210,0.5925512026690697
31211,0.2232468999399324
31212,0.6044019080980454
31213,0.9306242532460062
31214,0.7363700788404538
31216,0.2965257392893623
31220,0.570273901361071
31222,0.44275405657341677
31223,0.9238050125506942
31226,0.528849484091773
31228,0.2856659462711123
31229,0.5871225484568706
31231,0.09715596732098979
31233,0.8072147705599836
31236,0.42055467573792643
31238,0.8337115401896336
31241,0.7934016988197274
31243,0.7377658089939001
31244,0.9071211638925585
31246,0.15185238363673423
31248,0.1903734114701767
31249,0.7360291373175766
31250,0.5760723867726737
31251,0.6488643933148838
31254,0.5492226454014162
31257,0.6369373367544839
31259,0.4859516781842251
31265,0.6742801647907535
31267,0.4233213319867292
31272,0.6526631805308438
31273,0.2764745742297122
31274,0.22557249888006403
31275,0.5582901903200719
31280,0.27872362911883325
31282,0.35748534363866086
31283,0.6436008301825359
31284,0.1927359469133141
31288,0.36268982643265585
31289,0.839551592422833
31290,0.2998269192830065
31294,0.6509549235351468
31298,0.3643175781597331
31300,0.8797257869008697
31301,0.4571573898203231
31303,0.9114597084504333
31304,0.3264008217354663
31309,0.802717856065863
31312,0.10469765607150941
31313,0.6505596984296702
31314,0.4579993732813276
31318,0.35764121121897724
31319,0.3319742010324687
31320,0.11523704313359862
31321,0.4355422166953342
31327,0.4773793935400046
31330,0.16650460200451586
31331,0.778083061122761
31334,0.47007918063585913
31335,0.5246454130615479
31338,0.5215933751716484
31340,0.40376082844735245
31342,0.5226189435341908
31344,0.430745091788262
31345,0.5592131996162719
31346,0.9390223007114088
31349,0.5812726800797653
31354,0.46417556270085886
31355,0.8886486398966564
31357,0.949453132682039
31359,0.6103824364777551
31363,0.1898820237383712
31364,0.2745494217000641
31365,0.5596946867042518
31367,0.705311144673792
31369,0.6558066918049154
31372,0.7905524218561271
31373,0.40619343611577935
31377,0.5024512047327568
31378,0.589054499778681
31385,0.5710373567476763
31386,0.744665731538034
31387,0.34575394518556346
31388,0.3570230362547422
31392,0.7260923462131792
31393,0.30307125899817994
31395,0.24267459811749423
31396,0.1480622150090012
31400,0.104271141368476
31403,0.8267717409683198
31404,0.38579078741207906
31405,0.3980720343166291
31408,0.5125741949961564
31412,0.528180140718998
31414,0.24048964282775273
31415,0.5904367094768062
31418,0.11100579792031899
31420,0.5437124544448366
31424,0.6097273001382575
31425,0.5887902471060156
31427,0.6205840814819186
31430,0.2581562261311818
31433,0.61321472624805
31438,0.9694736732005066
31439,0.30921447398500584
31440,0.8564063866924333
31441,0.12557582378419568
31444,0.25585100951863105
31447,0.1198933502644776
31450,0.461756751011789
31452,0.8328126936977951
31453,0.4858293047864695
31455,0.20443764114806795
31456,0.9482814698837831
31459,0.7766889686640903
31466,0.18181075332309554
31472,0.08478038660184155
31474,0.26947918598795484
31475,0.5360854145611359
31478,0.24278099009841994
31480,0.8751705593877493
31481,0.812676391635627
31482,0.548308051279035
31488,0.7201983857283626
31489,0.2774673576420843
31490,0.5371749755111493
31491,0.2443603941775576
31492,0.17846142614181298
31494,0.7382202183995238
31495,0.04718300931235549
31497,0.5639978198861801
31498,0.46690927735939797
31499,0.5098570493847449
31502,0.4490363065300731
31503,0.8989983938384694
31510,0.2685784481653147
31513,0.4519852214118899
31514,0.4300680725717038
31515,0.14406439888866132
31516,0.4692844741322281
31522,0.19264106214078355
31523,0.3575580386958673
31526,0.41221214440666265
31527,0.5893853232324231
31528,0.6130358272537684
31530,0.1505689375165094
31532,0.9010544140380362
31533,0.4266146759733281
31539,0.29133490923524863
31540,0.349275280275735
31541,0.5940379526300037
31545,0.49332375910529447
31546,0.6977092100725867
31547,0.840283774898016
31548,0.47285717348354633
31549,0.6147111789712948
31553,0.3529312631063158
31554,0.15031584299604195
31557,0.690491997975411
31558,0.6297187396874161
31561,0.5446229174689462
31562,0.6694330375027842
31564,0.5016149272367448
31566,0.08387666065182448
31567,0.10501545564249631
31569,0.8179635829825227
31575,0.36600048888318015
31577,0.7496810001247924
31579,0.9077522418301218
31582,0.455641298252312
31583,0.9272586118771395
31586,0.12636699798580242
31590,0.4327074201976847
31592,0.9553246707160983
31593,0.5101642969813689
31596,0.8485817220753641
31597,0.742066698180155
31599,0.9992521132710266
31601,0.5575007206977253
31605,0.5626514505160658
31606,0.18833165311899927
31609,0.2837301657335016
31611,0.5096114412666534
31612,0.5256329084784374
31614,0.8273963698154956
31617,0.02632296381799102
31622,0.348841615949814
31623,0.6319315647935116
31624,0.2608721504863493
31626,0.9079382608112658
31628,0.10159452306262826
31629,0.08568091799215907
31630,0.31634736497367805
31633,0.5348206513960079
31634,0.5257505122197745
31635,0.2292268025192978
31640,0.6270410570030938
31642,0.27764093126949685
31644,0.8725959205284917
31647,0.8639768012713018
31648,0.2923987408466961
31649,0.30283846806491993
31655,0.48281311868251087
31656,0.41937257688995055
31657,0.7840473626617082
31661,0.6004988465564359
31662,0.7387778448818523
31665,0.5197256710928649
31666,0.8472273546486123
31673,0.5196155273295163
31675,0.3116753466590806
31676,0.22245241838011937
31678,0.5732065460335347
31679,0.4975088344424005
31680,0.6024239068714372
31681,0.24234913700601357
31682,0.6578574647247734
31688,0.5226790966425855
31691,0.29878387726486777
31692,0.6011302880579418
31693,0.7806744900323731
31694,0.8101519298712662
31695,0.7781773771749589
31696,0.24913396232636786
31697,0.3057183813236112
31698,0.9079492538916304
31700,0.19644085683156703
31701,0.4789535142880321
31706,0.4665678788007534
31707,0.12483146487434241
31708,0.9295065595615197
31710,0.9141635231760543
31713,0.47224162231510625
31715,0.12212454606735312
31716,0.5269207562066398
31719,0.6050171548952439
31723,0.20693642332908163
31724,0.5335881015258497
31725,0.9401001462869037
31727,0.2632487444321422
31729,0.8959379652096742
31733,0.6172817236758392
31737,0.2948462923481844
31740,0.9496649030711185
31741,0.8554441156096466
31746,0.16780455589211868
31750,0.44566807937449326
31751,0.21404429947316395
31752,0.2544930005061176
31753,0.9300544485983888
31754,0.5369976637336279
31755,0.6861160442527345
31760,0.8118862354705446
31763,0.571866657011133
31765,0.8415783699577748
31767,0.6896877824544209
31769,0.2897073689459094
31770,0.30286867702446624
31774,0.607556397444102
31775,0.19983039476730857
31780,0.5772082265773444
31783,0.5411702103484303
31785,0.3347591156259656
31787,0.6987898491383279
31788,0.23708862040412088
31790,0.6213093474387655
31791,0.5610469711743058
31794,0.309084271028153
31795,0.8439776840415975
31796,0.03977582662495374
31798,0.7233996941022863
31799,0.4538136855507
31800,0.45614118698512324
31801,0.9282484909780914
31803,0.7732132414853473
31804,0.3686524346194784
31806,0.8805410135084979
31809,0.874711682865179
31810,0.38871395880247694
31811,0.3147827382026571
31814,0.466540136002937
31817,0.6013738716135835
31823,0.41180119590536046
31827,0.8354511101995107
31829,0.7732783024576796
31830,0.7581962587750001
31832,0.7306191935873441
31834,0.7386626944994569
31836,0.8592808552977483
31837,0.5593741707945206
31842,0.46941013330985626
31844,0.35416799963873663
31848,0.3140096626262769
31850,0.7728857257919437
31851,0.8075663656895827
31852,0.12794571653026857
31854,0.29911531502368643
31855,0.6257066554082771
31856,0.2840163944074108
31857,0.8165934397846268
31859,0.45126983880340876
31861,0.1113668041564312
31862,0.7349590898101325
31864,0.33152884246802755
31865,0.3884009148473654
31866,0.6834986745754033
31868,0.47218146637373354
31873,0.1211917876363121
31874,0.6240276658992421
31875,0.9099273574293538
31877,0.20742272181624846
31882,0.2796301488658326
31884,0.38975151388675866
31885,0.16848943782810558
31886,0.5869249610647214
31887,0.4502660984001403
31888,0.28240707638194135
31889,0.6829852582586912
31892,0.656987148000264
31894,0.5027353713619575
31895,0.22863901028007635
31897,0.26335405235786813
31898,0.24078640147694166
31902,0.7574842909792353
31903,0.5809948959519933
31911,0.165320446337905
31912,0.9326428161876537
31916,0.8409122177801162
31918,0.4926837742466528
31920,0.4036560029082958
31921,0.6582463043959994
31922,0.37231281148610995
31924,0.57274471676066
31925,0.1350866934521652
31926,0.2502923913062832
31928,0.25571821329628464
31932,0.7444139171186942
31934,0.32314127696400596
31937,0.38459639100554294
31938,0.3756033568581827
31941,0.9351104432326726
31943,0.7459905314643784
31944,0.5047432718902773
31947,0.08720776129026236
31948,0.8267530511333601
31951,0.18456805273812923
31953,0.20906525328724063
31954,0.46988238348936534
31957,0.10941266613528117
31959,0.2852783766445887
31960,0.47230258546170834
31961,0.6256153216704781
31962,0.5057952387379774
31963,0.7471523661322448
31964,0.5619782151477973
31969,0.9355929585971933
31971,0.8188273071870926
31974,0.6820935856190115
31975,0.6704905596515027
31977,0.2888671169051942
31980,0.8407494063797736
31981,0.5050267892268349
31988,0.39171227533885394
31991,0.516866672593043
31995,0.22659519179690588
31998,0.21604719476424122
31999,0.4265399932403108
32002,0.45126089855617546
32003,0.551864832699093
32005,0.4792124801498917
32006,0.5371924450220599
32007,0.7653552215931416
32009,0.6523192385061588
32011,0.2555474032691958
32012,0.597786926078423
32014,0.27084622756093474
32015,0.3808187530836391
32016,0.5300191889600269
32019,0.7889783448926214
32020,0.6383208764097599
32021,0.8120113583106294
32023,0.469723958696557
32025,0.25898084341096184
32026,0.7190454650089826
32027,0.5710448618690339
32028,0.6932945843429248
32029,0.930925121100121
32030,0.20230572200013305
32032,0.8875768983074189
32033,0.4287417360129197
32035,0.6690532581991914
32037,0.8681152015694853
32039,0.2598141111493255
32040,0.4490913718530388
32041,0.20721749108847046
32046,0.8514094565302855
32047,0.4561526552532519
32049,0.606016955257328
32050,0.5190639104389304
32052,0.9068672661463167
32054,0.904719485248796
32055,0.37961947406853896
32057,0.7885838566292194
32058,0.3668530703991774
32060,0.4944791027506496
32061,0.21248181530837926
32062,0.4208673520238311
32063,0.6337480699678076
32066,0.9343277955459388
32067,0.2378861347352652
32069,0.5926026051773253
32071,0.44394036407645215
32072,0.25256761281833556
32073,0.9022113560625714
32078,0.8267088619071865
32079,0.23788509343635622
32080,0.7511415560805258
32082,0.7190844386102355
32084,0.5664656776141339
32085,0.5912403004067923
32086,0.6310019999014685
32087,0.6863046460945955
32088,0.616136233739428
32089,0.3282520710139468
32091,0.25654959170914954
32094,0.9303552577911911
32096,0.744134810336873
32102,0.624954112378923
32106,0.8706246132115086
32108,0.8582910386074879
32116,0.3111765232758371
32117,0.5228609104796339
32118,0.1137634149488045
32119,0.09723397765056928
32120,0.43219842906425676
32125,0.29291038846599526
32126,0.1889072432712824
32134,0.21796503456123018
32135,0.5347157330013012
32136,0.49794099889965654
32137,0.6439192945327289
32141,0.6860699517382439
32146,0.4774867237145666
32147,0.39486884051359766
32148,0.6591662664687222
32151,0.82239719149709
32153,0.6371641709524599
32154,0.5806869734837595
32156,0.2708041946302356
32157,0.6692696836256594
32160,0.4147080980348402
32161,0.23799046963332954
32162,0.31967646710035047
32164,0.6792075883879453
32165,0.6529037914973702
32166,0.3164640497271663
32167,0.9371591243935407
32169,0.708620935605093
32170,0.6669752843846
32171,0.7657958159001569
32172,0.64180282555694
32177,0.792649529324195
32178,0.5725161203865831
32181,0.16119885162274378
32184,0.8067230000053672
32185,0.4171742462345078
32186,0.22256305700525061
32189,0.9423880164836083
32194,0.23513702298234423
32195,0.3050428334162877
32196,0.2394079174437014
32198,0.22619366229030305
32199,0.7153387241676503
32202,0.2119240994634606
32204,0.05819982673587315
32205,0.7442996097149795
32206,0.25176526152361345
32208,0.48145888752433214
32215,0.8184399310355851
32216,0.7004180670634594
32225,0.21358468128082944
32226,0.23070598711399587
32228,0.5379481071739116
32229,0.45151063752531634
32230,0.7049487411828503
32232,0.7163310928414177
32235,0.40988286826009596
32236,0.9180907379781191
32238,0.6095650875936652
32239,0.4759982428120936
32240,0.3660622108805666
32242,0.8564861101838497
32244,0.059406836273014824
32245,0.5125192633397001
32249,0.38927335105358646
32257,0.21672626379828255
32259,0.1212047468849548
32260,0.5698131612554155
32264,0.45339855606310775
32268,0.23317490977980185
32269,0.8698079868031473
32272,0.10039114385575786
32273,0.9389900621495907
32274,0.3199702301341528
32277,0.5494169421006107
32278,0.4674803056740974
32283,0.3628057683236128
32284,0.7642811743453373
32287,0.09640473400265764
32288,0.08142256781369422
32291,0.5009987198547654
32292,0.7043473870839998
32297,0.36534200915619125
32300,0.3157164739123905
32303,0.7365958736606845
32305,0.337711150947495
32306,0.5456350401654027
32309,0.7155006578120463
32315,0.38379779641033607
32316,0.4997612448476391
32319,0.9201398196364703
32320,0.6167669014573399
32323,0.8107000723809903
32324,0.7244818872178211
32325,0.10859211103099431
32326,0.7578958255630492
32327,0.1890077227206364
32329,0.5854141180538877
32330,0.8756361808059964
32331,0.4760928924476953
32332,0.7494146780325267
32333,0.8800074678744859
32335,0.7701884639946245
32336,0.3492980598481355
32337,0.4777589244313813
32339,0.3022040292971192
32340,0.6580082738927345
32341,0.2557259938987651
32342,0.06327411102291194
32343,0.7623018459836178
32344,0.7058056899377991
32345,0.8016730121863781
32347,0.1877091551728225
32349,0.8977457999535564
32350,0.8168691799166883
32352,0.4408950088208318
32354,0.2630880294323679
32355,0.3247165358927398
32356,0.6974954252959871
32359,0.5811662110987417
32360,0.6884111568048221
32361,0.2914234584163576
32362,0.29913354110814067
32367,0.8496310600832977
32368,0.6163553455407654
32374,0.4115372730698049
32375,0.6149246051070314
32379,0.4296329420073933
32384,0.5959766848019619
32387,0.6483655236963037
32388,0.5916888772843139
32389,0.3349914777708388
32392,0.11008259093336373
32394,0.33707449999964445
32396,0.385181894375498
32397,0.716364846021197
32398,0.8372918091194371
32399,0.9744795160840982
32401,0.11032668635145153
32402,0.25627552698121014
32404,0.06409175550217427
32406,0.8938029909019859
32407,0.5028116454005466
32409,0.3330307753472456
32410,0.8789836980506579
32412,0.07772060317945909
32413,0.7156997309822883
32414,0.8556034173137725
32416,0.9583430122352397
32418,0.8966310325263434
32421,0.40866668488418556
32429,0.37861002610115413
32431,0.7431703246323442
32432,0.8092745657027474
32433,0.5216087710849864
32434,0.0503268359367905
32435,0.08471251420817227
32436,0.4221079865968587
32441,0.30320883863305564
32443,0.34478161025291026
32447,0.774047718941521
32449,0.9135740819231548
32450,0.4940185813115029
32451,0.8919737340120284
32452,0.764924899804489
32456,0.4721055376075244
32457,0.4318868064703969
32459,0.7867652609785264
32462,0.7780032455399248
32463,0.6758948302560746
32464,0.8026591925156948
32468,0.2705593121669603
32469,0.6412470518338442
32470,0.5282945760870621
32471,0.8395506868504707
32472,0.29289245576039374
32473,0.5674691317791822
32474,0.18133112169677526
32476,0.9760241059288278
32477,0.5909294727086944
32479,0.2350327392408225
32481,0.3850163377010196
32483,0.3601815824105992
32485,0.5962663097222431
32486,0.2634360740810122
32488,0.6696044139730543
32489,0.3583083331563409
32490,0.7654861356927872
32491,0.7328853432744088
32494,0.67154874758535
32496,0.3340442400806615
32499,0.9282015302084992
32500,0.8135017886622334
32502,0.9198585629640837
32503,0.6296203857648834
32504,0.1477323561264291
32505,0.33028409215204624
32506,0.335276930671797
32509,0.7561202090888869
32510,0.5410760734243074
32513,0.8785113711678205
32515,0.8284742129142469
32516,0.4695232701848284
32521,0.4552480198438761
32523,0.13617691325636205
32524,0.7578473569084067
32525,0.34493858673843875
32526,0.6520748075531128
32527,0.21984358202031304
32529,0.42950539539044136
32532,0.6801876824761154
32534,0.7744084259231715
32536,0.673427229051251
32538,0.3590840114791885
32539,0.612995297129847
32542,0.8718946884477634
32545,0.5048659742773675
32548,0.3347426922823357
32550,0.8939006700998551
32551,0.5876919785978804
32552,0.448130257119349
32553,0.5898454646805864
32555,0.9773161746992111
32556,0.1655204730982797
32560,0.3598551160112253
32561,0.8418632896007137
32568,0.12921759718619336
32569,0.49574308301972
32570,0.027256390222466648
32572,0.4606170559985219
32577,0.1713304261944386
32578,0.08952563170927755
32580,0.38433260945638326
32581,0.34300829310522385
32582,0.754308079871419
32583,0.38266959303442794
32585,0.5903711433405117
32586,0.8697741059817705
32587,0.8394670466989756
32588,0.866221102492094
32589,0.7706300471716447
32590,0.10253944140698057
32591,0.9025841111250014
32592,0.8360491657979556
32595,0.7364498789532524
32596,0.9603113558771184
32600,0.6298818671466884
32601,0.4848311524997538
32604,0.32208760735242087
32605,0.48586829498027384
32607,0.7770536028473651
32609,0.05904484021281087
32610,0.21315141979479996
32613,0.3878837097056412
32614,0.4665755878596832
32618,0.6270507043944944
32620,0.3271707626587269
32621,0.6855415435587731
32626,0.17475368904084157
32628,0.5275687680885071
32629,0.5991304744189972
32632,0.36562850176037626
32635,0.6815137427175735
32636,0.39681335473577733
32637,0.33991391506600643
32638,0.5468484123523796
32639,0.822475772686017
32640,0.2739758371448535
32642,0.3312774155166636
32643,0.48066060176925496
32645,0.5619044193574461
32646,0.13768786767627775
32647,0.8819416361802821
32648,0.363387982621627
32649,0.6865025082905905
32651,0.9463082099695569
32652,0.9090428264312193
32653,0.2030405693982116
32654,0.8006432635170105
32655,0.8752796463120494
32661,0.4464187739122194
32663,0.1327868954125593
32664,0.34010807954312483
32670,0.7754240478881214
32671,0.8692535860914451
32673,0.732105281810409
32674,0.6218330095390172
32675,0.9672298877238833
32676,0.30825727346420184
32677,0.4502039931646533
32678,0.3831489657599561
32681,0.25885693090561174
32682,0.1281947332537033
32683,0.672384926780332
32687,0.9039479815899295
32688,0.19111683836019708
32691,0.27219290334958224
32694,0.8326870594320028
32699,0.4573846903657103
32700,0.5522693608535345
32701,0.25516046970277656
32704,0.5755830838913236
32705,0.5508442895808503
32707,0.406051116338639
32708,0.08917985235129833
32711,0.20238284710395305
32713,0.541326675598477
32716,0.3780681465686295
32717,0.6421069631767341
32719,0.829655911235103
32720,0.938306936688512
32724,0.7172222234492411
32726,0.5156652908563536
32730,0.6432900076668946
32732,0.0295750273989895
32733,0.4934121894778734
32734,0.712225062159479
32735,0.8037413343382396
32738,0.795619208626925
32739,0.5694283909345028
32740,0.10293769838412463
32741,0.2989399689334871
32745,0.5142183170473398
32746,0.9328221893485518
32747,0.12075673531502194
32748,0.11905998893929087
32750,0.19689944565124834
32752,0.2982141628125236
32755,0.3738425160804821
32757,0.3354956997431173
32758,0.43707875246669353
32761,0.16419645494870794
32762,0.7176927774360075
32765,0.7419952410370456
32766,0.04125586122332082
32769,0.07817874092110609
32770,0.6656395978122928
32771,0.2839293790036108
32773,0.18318138178404098
32774,0.5716873772121926
32775,0.6442289025416874
32776,0.8951111625758823
32779,0.13611142924344335
32781,0.7675186236784819
32782,0.5204579160189794
32783,0.9517969730652006
32785,0.11280043175847315
32788,0.2783098277805882
32791,0.49345933649086593
32792,0.2780721772171449
32794,0.3186954593179172
32795,0.4937452438393197
32799,0.9047280777531486
32800,0.5477833695126936
32801,0.939709340230255
32802,0.7448741938782516
32803,0.4353748472788827
32804,0.7473742991788673
32806,0.19588745662274448
32807,0.48733418918249627
32808,0.20702991443224608
32810,0.23657914764822854
32812,0.6359457346287718
32816,0.6028561778325449
32819,0.151926300834882
32821,0.7391555317975455
32823,0.23567569317792508
32824,0.9808570903114988
32825,0.8303050743463002
32827,0.33576460214245735
32830,0.4379213400252532
32831,0.10036678075394027
32832,0.44306144552607113
32833,0.49055180764413786
32834,0.9229241225229126
32835,0.226428042067051
32836,0.035501773465663064
32837,0.6437514826516275
32839,0.17639667505141307
32840,0.8123362954877127
32841,0.5655802035819806
32845,0.6289299124396872
32846,0.5826433379635197
32847,0.7675205489468464
32852,0.7840909079703555
32853,0.6829595223511923
32855,0.8458678203375278
32857,0.27798517245609783
32860,0.5823558757512117
32861,0.9119896096537817
32862,0.40140848140419466
32864,0.5603911897051339
32868,0.17914653197513464
32870,0.19158859964494174
32873,0.6166486066277488
32875,0.7723102465598211
32877,0.6617124193260971
32878,0.7343070005903289
32884,0.49771847414872034
32887,0.24267369526943022
32889,0.9619172319727951
32892,0.6923169687142207
32893,0.07676333796704736
32894,0.7884966548357177
32895,0.4766183387406512
32896,0.41898714676709864
32898,0.7181120591320104
32899,0.832164976165334
32902,0.2583704127224721
32903,0.9573752530921578
32906,0.33526210283289976
32908,0.9483800722693936
32909,0.6032826986826825
32917,0.8779006857816359
32918,0.4914216338948406
32920,0.31158368904037836
32923,0.4494203534785405
32924,0.32221799154187775
32928,0.39721981308502463
32929,0.6723169838008772
32930,0.9112002327587265
32932,0.7985525483927215
32934,0.5046891196612927
32936,0.6689699915316983
32940,0.4783979368452205
32941,0.8458985449957576
32942,0.8097423359783
32943,0.5556445385471172
32944,0.22950010095437803
32945,0.1293966567552362
32946,0.44824697983917233
32947,0.2930464011736843
32948,0.23853981992451417
32950,0.876765807254286
32951,0.6624555912924446
32952,0.4758523929384655
32955,0.1524684134577915
32957,0.9350721613788368
32959,0.808993058191226
32963,0.6302727638352543
32964,0.19905990634538553
32965,0.2733662940657304
32966,0.385506778753031
32968,0.6658166848747656
32970,0.4844298263518727
32975,0.2117545445913443
32976,0.11314653442264626
32978,0.7265766090954345
32979,0.6646108490252383
32980,0.07264770578388555
32983,0.7525180476640322
32986,0.8354640139293424
32988,0.6890604531979098
32989,0.619650278452401
32990,0.26272844539404244
32993,0.2324291256030858
32994,0.7608495975092494
33001,0.25658870198231665
33003,0.983151187456884
33004,0.2961969593688737
33006,0.36210470718516813
33008,0.14247745527711866
33009,0.6546970603085799
33010,0.08569570884819505
33012,0.17535351977081454
33013,0.4833332697389839
33014,0.6249275061902709
33015,0.11431453605495791
33017,0.6135128755100322
33018,0.5203601848785457
33019,0.7218525017906623
33020,0.8036598195335226
33021,0.4302441469917946
33022,0.42762720065124316
33023,0.7983895408016575
33024,0.3912831054016709
33026,0.4920855246639794
33027,0.3261926504121576
33030,0.617457752639139
33033,0.35368726895498276
33035,0.5708428690750128
33040,0.6240401751014837
33042,0.2578681310814291
33043,0.689829495347947
33044,0.3881484831885049
33047,0.5481375690629214
33049,0.6328328042441985
33051,0.7028446344463377
33053,0.7669004651516366
33055,0.631991704271994
33063,0.751592614303622
33064,0.2873067852442554
33065,0.46744875127135804
33067,0.7759131500926452
33070,0.7212799522284313
33073,0.9614148821825728
33075,0.7973507738774575
33076,0.2389454749471085
33078,0.18027458752200543
33080,0.33068610217384864
33085,0.6277970847522468
33086,0.3084482613692654
33088,0.6935777053758476
33090,0.5597502986458691
33091,0.1074602773164715
33093,0.5347349000061105
33094,0.9166253316675177
33095,0.8899671870254651
33097,0.03577091041077809
33099,0.6116936354883201
33108,0.5646592834984927
33109,0.3942507480532467
33111,0.6212930853312176
33113,0.8089361159027635
33114,0.8417180130382322
33115,0.45402427201100304
33117,0.8080104576995493
33120,0.48283308865079183
33126,0.8542584340575818
33127,0.847538329731282
33128,0.5834635097296127
33129,0.504593879206434
33130,0.41882279082034835
33132,0.5305002040814549
33133,0.11735951402675104
33139,0.7690381409510728
33140,0.5132279542951991
33144,0.4939393584414083
33145,0.54230972938714
33148,0.32184831291328314
33153,0.3591321439934212
33155,0.6812151892395993
33157,0.2483743573693173
33159,0.4023517616796718
33160,0.28585105059673116
33165,0.8468182204644767
33166,0.748539303285983
33167,0.599582896201108
33168,0.36633256000104236
33169,0.08345771804429983
33170,0.3295772688561595
33173,0.616002373273409
33174,0.32248404421224885
33177,0.5908076364034613
33178,0.4972386163930378
33180,0.42587853764838113
33182,0.22423990244135528
33183,0.7786866460162084
33190,0.558855735742521
33191,0.30992576460913657
33192,0.8507192316437432
33193,0.8467708255291163
33198,0.32603628969733695
33199,0.3822926332138237
33202,0.5533276050277465
33203,0.34934238169797743
33210,0.8716724324325354
33211,0.3966914346255333
33214,0.6695470240359843
33217,0.11472384757730199
33218,0.8294376741683728
33219,0.2853785897845197
33221,0.4435673364909106
33222,0.21921420660670454
33223,0.8030898012456463
33224,0.4723155100775934
33225,0.8673389345312554
33226,0.49639139164670565
33227,0.7032328811724754
33228,0.5181728539907976
33229,0.22917565937112994
33231,0.2730299285986406
33234,0.45495876700529864
33236,0.4423617363662032
33240,0.6508577556114
33241,0.5097523896558906
33242,0.7597312651454312
33243,0.6024568732046651
33244,0.863288769998199
33246,0.46392713588861934
33247,0.1445662622263856
33250,0.1398401785581403
33251,0.9515252120564845
33254,0.889871532874988
33258,0.43647509906539356
33261,0.6184552431917115
33263,0.9428333494849469
33266,0.528659239771016
33269,0.1413106360632986
33271,0.2423521013201437
33274,0.1498163457631121
33278,0.28880943407597204
33280,0.8286320580501968
33281,0.587737412012638
33283,0.6021620202850954
33287,0.03943903042058437
33288,0.23263965377020754
33289,0.24356177543705929
33296,0.5391157397315065
33297,0.5414978786461507
33299,0.4538000279088317
33300,0.4965272886379172
33303,0.658840330449534
33304,0.9589319147350318
33306,0.43717269283713106
33307,0.278471448594557
33308,0.733262140489643
33310,0.6396274215218267
33315,0.4770877345280865
33316,0.286375151401762
33317,0.44136697168601446
33318,0.7029444206996068
33319,0.38616433098162034
33320,0.8230744378563236
33324,0.8419182921490933
33325,0.46671854067567403
33328,0.523080036719968
33329,0.3354139625878034
33330,0.9958878017983798
33332,0.2538064535507614
33335,0.8366323346423187
33337,0.07048095899929181
33338,0.04779517859182323
33340,0.6890055757717165
33341,0.720378989497052
33345,0.4437574764602633
33348,0.6451353933481885
33349,0.6273452900401215
33350,0.33883994004236506
33351,0.09073063260722883
33352,0.5351422897442417
33354,0.8671504103834694
33357,0.773713359757809
33360,0.3865042426258974
33363,0.33775481957289494
33366,0.7007139224236858
33368,0.23735695219856928
33369,0.24005787637177137
33372,0.8588491326355872
33373,0.9005620647466563
33374,0.10653565388264427
33375,0.7564310661466679
33377,0.8024857318467931
33378,0.7758683797720939
33382,0.42265176633926754
33383,0.36531038932797083
33384,0.34242059731238983
33385,0.6972841864162536
33386,0.30843140544732583
33387,0.24600761325272144
33388,0.862104609389194
33390,0.08270707877702672
33392,0.4277164817921691
33393,0.061186384505252045
33394,0.5557159262734345
33395,0.9256454082669722
33396,0.39620518751418066
33397,0.23977530097959687
33399,0.5033128896717993
33401,0.8630638410059011
33407,0.8778881988767232
33408,0.3537628769770168
33409,0.7700367675458438
33411,0.41511753640301696
33413,0.6630938202195059
33414,0.682116573409673
33415,0.5401593823591151
33416,0.6933218898595288
33417,0.3627850946534207
33421,0.0758646488804284
33423,0.7453891106728349
33424,0.7034793944319895
33425,0.8865051253596536
33426,0.8572325965277964
33428,0.8778888019398068
33431,0.38325412214140203
33434,0.11066071495980803
33435,0.8433424758878784
33436,0.9052305357932732
33439,0.4798353232768106
33440,0.2550220821333378
33442,0.5107946071640251
33443,0.22708826363062634
33444,0.5821122193338775
33445,0.5297656055089589
33447,0.7728759796115373
33448,0.8606369688077318
33453,0.5884621064847808
33454,0.4217817466459391
33456,0.5726738875272253
33457,0.69847247597391
33458,0.6209319477872586
33460,0.8310417814828888
33464,0.3145482057718306
33466,0.5671952060970448
33468,0.6602655516389639
33469,0.9292303380781921
33472,0.8728003079285305
33474,0.48953964369644976
33475,0.5496305884357778
33476,0.6417406878429193
33478,0.6166888897561821
33480,0.6878947521030603
33483,0.2781107409243988
33484,0.25539511547431964
33485,0.8190247291917416
33486,0.3294062878114846
33487,0.7014826150601146
33490,0.9363151437479668
33492,0.47967775916434696
33494,0.4746841541929357
33495,0.31667505802776463
33496,0.44682806520816215
33499,0.5433955549277879
33500,0.4819371976374379
33503,0.8183043176982641
33504,0.6836972078907758
33505,0.5870105787825417
33506,0.2767876800380873
33507,0.44185620380842683
33508,0.31083979873025835
33513,0.23452536495316742
33514,0.624209407369971
33518,0.5393939544290846
33519,0.8402498168245159
33528,0.15391014490770694
33532,0.17920390525338853
33535,0.39367810481082777
33537,0.3567651339917849
33540,0.5133884665082546
33541,0.8415885464198286
33543,0.5576532813227685
33544,0.3716833484226435
33545,0.26366264457604494
33548,0.1429767962352893
33549,0.12046512281365998
33553,0.1762418975500356
33555,0.6544002304127079
33556,0.5268859113497542
33559,0.3367590036387751
33560,0.7067448463906066
33563,0.5377655244715664
33565,0.5859903924676539
33566,0.07491929179119731
33567,0.7950576317836923
33568,0.9259095292205972
33570,0.9284326168286187
33571,0.10762698972481373
33572,0.6631014212008136
33573,0.680812358246173
33574,0.6826669268649056
33578,0.5188489346208985
33580,0.40205015680616485
33581,0.844787524837608
33584,0.7908432009489157
33586,0.7169630593400997
33589,0.9046967104940419
33591,0.20591178469594626
33592,0.8075411650243726
33593,0.7819978758015133
33595,0.8541533940253527
33596,0.20254467717791175
33597,0.4480559942848411
33603,0.06981565758566842
33606,0.67529290914492
33608,0.53916082080097
33610,0.7183278049950993
33611,0.8636218644240224
33612,0.007311144532718331
33613,0.5951445338266945
33620,0.45262065797198464
33623,0.8292452740094483
33627,0.47225769527191075
33628,0.2286548218439207
33629,0.7565761892264605
33630,0.5326750311135101
33631,0.581692379166642
33632,0.2986250515386174
33634,0.5251367391756685
33635,0.8241504656592581
33636,0.7025284848022525
33637,0.8108923992713905
33640,0.5363141795695041
33641,0.15713270088194953
33643,0.28752884640730875
33644,0.23806223544402894
33645,0.7046014458678226
33646,0.944683791531215
33650,0.7788478820000987
33653,0.8851296828005449
33654,0.08350729663373145
33655,0.7561940320082656
33657,0.3520960010757538
33659,0.9269256382408271
33661,0.6696556592715519
33665,0.28594003008248314
33666,0.8130748686273986
33669,0.4010403942513453
33671,0.4715946115770729
33673,0.11805778707138759
33675,0.3933060259693718
33678,0.7502239949509033
33679,0.6512726560792514
33681,0.17079282080052396
33683,0.15463752915359727
33684,0.3011652871189639
33689,0.288651187382732
33694,0.5597277302423839
33695,0.50626038538763
33696,0.5964573533326699
33698,0.6512223029670047
33700,0.1582299991943533
33701,0.5043470475756773
33702,0.7205607682869893
33703,0.7395951020909027
33704,0.3761193869047394
33706,0.38293465637258783
33707,0.9035083599871713
33709,0.7129768369338947
33710,0.14469520590957702
33711,0.5239034389790627
33713,0.4270054984059771
33714,0.09645811001561717
33715,0.7305129866827165
33716,0.8499993799649466
33722,0.4128437169716673
33723,0.20734285061507027
33724,0.5263869764446814
33726,0.6027643282205982
33727,0.2609189130522168
33728,0.6330176935727728
33732,0.8605875608263354
33734,0.9617453949793388
33737,0.34007482768671615
33738,0.4032682018380951
33743,0.20867549386433965
33744,0.26926324933052825
33745,0.5508126930123467
33748,0.18434037747193857
33749,0.7776174771863426
33750,0.9153942830181475
33758,0.5039661435740861
33759,0.6377713113300124
33762,0.6969530137300726
33764,0.09700597008608781
33765,0.48737664167954414
33766,0.7553872515843929
33770,0.6693345607033533
33771,0.3257225233757888
33772,0.7643762663793825
33773,0.7624447454000949
33775,0.3475136936887824
33776,0.8495344186244689
33778,0.7041142644357873
33779,0.3076381477989553
33780,0.08578223104744857
33781,0.531082483708892
33785,0.548339816142896
33788,0.8174391136144294
33790,0.6169534767592828
33791,0.22913068257091793
33795,0.6599366139647364
33796,0.8699166684362099
33799,0.7286784497619935
33801,0.09545778820215176
33805,0.06940949051749137
33807,0.15654891444653934
33808,0.8147390805086463
33809,0.6454477117698721
33812,0.6375272692036223
33813,0.6421392955855004
33815,0.5202597615723578
33817,0.5807419181866196
33821,0.7674238420632391
33825,0.7115060019577161
33831,0.27840421159979056
33832,0.7111251915232276
33833,0.2726137113432088
33834,0.4021437325161872
33835,0.6338907964230087
33841,0.4102109053515522
33842,0.5371107671552133
33843,0.5100105570870087
33844,0.8809085567321652
33846,0.3178174981274281
33851,0.8961623015084867
33853,0.44299409966335823
33854,0.9074426716359686
33857,0.8774351855990916
33858,0.9509874662262403
33860,0.35312260170222354
33861,0.8444349487092989
33862,0.21009994537535165
33863,0.580368549324081
33865,0.5666191849472506
33866,0.9176304908154868
33870,0.3971069697652794
33871,0.18178195283941057
33872,0.435500263466089
33874,0.47626867972918857
33875,0.2787723008961485
33876,0.9585892698920064
33878,0.7616553140351574
33880,0.8403045101335369
33881,0.30449426946544983
33882,0.2290449258116606
33883,0.4196558793240406
33884,0.3477088083207373
33886,0.16224927948063542
33887,0.4677252649088987
33888,0.6373915325099744
33889,0.49721967894328645
33891,0.05594134388342781
33898,0.950461434045284
33900,0.6153751479270511
33902,0.8986680151211097
33904,0.4053158999037359
33908,0.41830333293000427
33909,0.5105334387756815
33910,0.7889843696868182
33913,0.23792767452674865
33917,0.4803243927661357
33918,0.2297176947636109
33923,0.9373101997933615
33925,0.9950211339515102
33926,0.6225769891597136
33927,0.6656427707994033
33928,0.07197170379687616
33929,0.6677808627691812
33930,0.8037509381002094
33931,0.5173064957608712
33932,0.9484415153178407
33934,0.844479677965903
33941,0.4765393633474151
33943,0.8821473638581094
33944,0.8085937292530622
33945,0.2822099773354303
33946,0.4537170710063034
33950,0.8451066686182116
33951,0.3288839641287582
33953,0.9342649160462053
33954,0.4031339287706586
33955,0.9220068006275327
33956,0.38388176716798106
33960,0.030649781547725994
33961,0.4349123692930209
33969,0.8646098125966419
33970,0.4125952000136221
33973,0.9527775197943298
33975,0.6505924703452918
33981,0.5530130590069608
33982,0.2203636545590589
33985,0.9297781037370795
33987,0.6883858309236978
33988,0.7268336124949482
33990,0.556228547000796
33996,0.3641290432745806
33997,0.30315970300496387
34001,0.5360052012049934
34003,0.2721146352841157
34004,0.30875898590879275
34006,0.2478283282360289
34007,0.7951865182470969
34008,0.1692919526097997
34009,0.74633735895323
34018,0.6575483073871753
34019,0.09250523671751283
34021,0.1231638009226052
34022,0.23332257554751287
34024,0.5500098798978497
34025,0.217766146110551
34026,0.22712229492279432
34029,0.8045675285906623
34031,0.5563566900130785
34032,0.8408706233457129
34033,0.6410035277203898
34034,0.4330653996610063
34035,0.7123012528318297
34037,0.5110187294708656
34040,0.6462195467941428
34041,0.5360013506241428
34042,0.099300352558295
34044,0.6028932036661626
34045,0.2640532493470699
34047,0.519523369927513
34048,0.11373037304713503
34053,0.44142138398234804
34056,0.6599508353839076
34058,0.21831196867737881
34060,0.37121385966057097
34062,0.7225555594907502
34063,0.5418778112830016
34065,0.25420570877840876
34068,0.7324723455721288
34069,0.8338626123723554
34070,0.17386031345273048
34074,0.6061345032774281
34075,0.9132534881126722
34076,0.5643485198161865
34077,0.8682890430746784
34078,0.8644034634189729
34079,0.09536205534819425
34080,0.8827677174398768
34083,0.05749222217089255
34084,0.21474884892229476
34085,0.40729980447588543
34087,0.4722332625518852
34088,0.4796878636884545
34091,0.31908627217856605
34093,0.6995686524494074
34094,0.9253345031585157
34096,0.4528228109683763
34098,0.504746252470791
34106,0.9008508458929689
34109,0.09730374377617075
34110,0.8964847022366847
34112,0.8290271022364777
34114,0.46097755364451176
34115,0.050803999206777424
34116,0.1557670384810327
34120,0.4634500138021763
34122,0.2693441669253226
34128,0.848050837788351
34133,0.02277743919788693
34134,0.5401967171386922
34135,0.4178688538709503
34137,0.7266441904107316
34139,0.7884097785847055
34140,0.24655836072842377
34141,0.531435674168926
34142,0.2584081422456631
34143,0.8172420132977312
34144,0.8607511012154192
34145,0.8303509787021761
34146,0.5025348350490304
34147,0.9977038660905819
34150,0.0777841808141914
34152,0.8022129538924627
34153,0.39738212236706283
34154,0.5077280370487492
34156,0.9656026711226052
34158,0.06971314811049162
34159,0.31664740602663977
34161,0.6167038912639454
34163,0.3320725832736778
34165,0.4245730693626531
34168,0.483926861427187
34170,0.6421602876036875
34177,0.4868739508629946
34179,0.6460668454516778
34180,0.7886110234900092
34181,0.5362716058728
34185,0.7029915250220009
34186,0.8667644250995616
34188,0.7603475171191014
34191,0.6065608245616672
34193,0.6576669398333611
34194,0.31033954094188493
34199,0.9004753314569311
34201,0.23184612671365212
34204,0.5637094134958892
34205,0.22344804928873552
34206,0.8566306719186512
34207,0.01097875566502922
34209,0.9269275955093137
34211,0.9328085966908803
34213,0.6588343436724289
34214,0.49920478517976374
34215,0.7747337249892288
34216,0.5521507763451753
34217,0.7622359409019623
34220,0.36206257174710527
34221,0.2530181860744404
34222,0.9629018194972686
34224,0.5971311927894472
34228,0.3062422409045834
34230,0.42352191198156414
34233,0.8375814508783175
34234,0.4730821129996583
34235,0.18163627512599387
34238,0.8922640272790445
34239,0.6109344634248756
34240,0.6042127833953406
34241,0.6670949745845
34242,0.7650981071579509
34243,0.21598561530143853
34244,0.18248909858349724
34246,0.22706729971697753
34247,0.9550416680509736
34252,0.8577040176135214
34254,0.12152542678042509
34255,0.7716419246193946
34257,0.34751177752966783
34259,0.3779265268399795
34260,0.3122284888915328
34261,0.056665391246007384
34263,0.40649584596041505
34266,0.10749051852497624
34268,0.7494361522706703
34271,0.3720899002038613
34275,0.593489064333224
34276,0.19424561582405073
34281,0.5013725655767896
34282,0.23812893908943336
34284,0.648684414426157
34287,0.38724047364036257
34290,0.3557189435487269
34291,0.7645497291653978
34294,0.6026723962226861
34297,0.49843160909583617
34298,0.32587817843971884
34299,0.7324827552052048
34301,0.5258288936250176
34303,0.8346879432169819
34306,0.452121643257969
34307,0.5328936741977083
34309,0.8003682434337279
34311,0.5726471774043536
34312,0.3438663305831052
34313,0.8293486977025554
34317,0.7011259787560101
34319,0.8045126149440199
34320,0.6963879372936187
34321,0.6750633904025574
34322,0.3784907022715984
34323,0.9594486809516996
34324,0.28274357620450086
34327,0.8601960436672866
34328,0.78133277868003
34329,0.22278602171274442
34330,0.7415806592980514
34333,0.3080575387043784
34334,0.28975668613029654
34335,0.22559744189390094
34336,0.38137221586079506
34338,0.5279391017700547
34339,0.3896865914036015
34341,0.42411729038312596
34344,0.2641848697060845
34348,0.6096445330948176
34349,0.04879597787098981
34351,0.5211746555559039
34353,0.5709882473223761
34355,0.5452902809511144
34356,0.8033352398034274
34360,0.7022309914627417
34363,0.21127836394938462
34365,0.2809782749661818
34366,0.3327990058763461
34370,0.4353485165211485
34372,0.3475178722653421
34373,0.7559841256844451
34374,0.5105209391700816
34379,0.6788767379283084
34381,0.6207208417539095
34383,0.5610340519852939
34384,0.6357191580744517
34385,0.711872220490752
34386,0.3337287437441282
34388,0.7153014459129102
34389,0.4247168152779235
34390,0.2262125584295273
34392,0.77469455653731
34393,0.6505088830758161
34394,0.6940459645309647
34395,0.10164403724610711
34398,0.3663888239512586
34400,0.6747520152142076
34401,0.39308891721375616
34402,0.8197050331865363
34403,0.6793067575421013
34404,0.7295352010791167
34405,0.47643696193604335
34407,0.11558682500353472
34409,0.8190311152476937
34412,0.11454784522376325
34415,0.10586572698732967
34416,0.5793760902538748
34417,0.5378902407058548
34421,0.4619423744109363
34423,0.1265301510437312
34424,0.5723541978936864
34425,0.33359841670034696
34426,0.21366622949545536
34428,0.7074548750307207
34429,0.2212710588994905
34431,0.8411230192328987
34432,0.4274129311253637
34433,0.7376768351640353
34436,0.7416448692558009
34438,0.22474975548675977
34439,0.5564430924179813
34440,0.3456445943859198
34441,0.6429453349516379
34442,0.010518928558870147
34443,0.5621756790957072
34444,0.47045658690200814
34446,0.44725951582844037
34447,0.03927450828978016
34450,0.3414194509933252
34452,0.5391523385026611
34454,0.7094331332936249
34456,0.16940649244276748
34457,0.7809981956086388
34458,0.5580147626349183
34465,0.6851127035086458
34469,0.5935165712256177
34472,0.5878375710926759
34475,0.3427153613044157
34476,0.49610898204115833
34477,0.59925358284437
34478,0.5728665878827778
34480,0.7640252504103511
34483,0.18470178531719955
34485,0.2917226274046538
34486,0.48671440488066614
34487,0.19736634849415238
34489,0.09623345611296785
34490,0.24203067451432542
34492,0.807765908770275
34494,0.7126943536653152
34495,0.3478060911336253
34496,0.5846791874204902
34498,0.7137612165126106
34500,0.14452923248439223
34501,0.6521141970805496
34502,0.12942188408838942
34506,0.45804294626013603
34511,0.4471739467159801
34512,0.055365138510555155
34516,0.5881140285239693
34519,0.1410469033852772
34520,0.8109820528825951
34521,0.5003238554870904
34522,0.30443071004196826
34527,0.6771044726564547
34528,0.2641848445445674
34529,0.5445025847893047
34530,0.17895681552589485
34533,0.19257691476771768
34535,0.8130972454942983
34537,0.3976306653826963
34539,0.43290648725962727
34540,0.5069992720855715
34544,0.09581270475244254
34545,0.26249679597889203
34551,0.8483250636388967
34553,0.6226569862136773
34554,0.9217110543931073
34556,0.3364580195348084
34557,0.4168777829577082
34558,0.8476206421645
34560,0.634551946860588
34561,0.7926014875517352
34563,0.11103188918113441
34565,0.8713018851927875
34567,0.9366059553754791
34568,0.5096220185266878
34570,0.8484884803154772
34571,0.6769859327130868
34572,0.25155914122274853
34573,0.7478243618067723
34574,0.5688693302779162
34578,0.5598689472844482
34579,0.29978273340081873
34581,0.7391634059821167
34584,0.3377092372006303
34585,0.3032804039731324
34592,0.268120822834612
34593,0.28266287285536984
34597,0.5484888286269651
34598,0.6628371041237574
34601,0.8343917529067961
34603,0.33741472711321896
34605,0.2342886657340167
34607,0.32672969376365113
34609,0.604709593162314
34610,0.487509524604441
34611,0.17262635950626234
34613,0.8132112601223994
34614,0.7707493505211016
34616,0.2485840392231508
34619,0.20957080515996962
34621,0.5563105738523011
34623,0.3165476473737829
34626,0.9312356779372748
34628,0.43151978427931076
34629,0.7162493292294605
34635,0.07878951357545068
34636,0.19400834349650953
34637,0.31483892748836506
34638,0.06841318569229765
34639,0.5141307638533968
34641,0.29962339316835124
34642,0.6169736550257616
34643,0.9433879900527675
34644,0.7136921995111324
34645,0.627065919379528
34646,0.3661073030931466
34647,0.5113427489748186
34650,0.9855751549798016
34651,0.8546480791092215
34652,0.6543322134404218
34654,0.392644087211122
34655,0.6275652946280778
34658,0.23375411513791958
34661,0.9356725569082974
34666,0.8199041457086145
34667,0.7209660523555977
34668,0.8833600647701155
34670,0.1506027629041617
34673,0.9145821638713214
34674,0.4342606168443493
34676,0.6595778067845063
34677,0.7202627916221012
34678,0.8894976766821482
34679,0.5703512401224289
34680,0.2438341710033202
34681,0.9610129679368822
34682,0.4006445354894183
34685,0.28294801463623054
34690,0.14714648467364624
34695,0.43039166191057865
34698,0.807333764219572
34699,0.4543384416151644
34702,0.37710665747353844
34706,0.6097399043991019
34707,0.3815669454113285
34708,0.3277646196432253
34709,0.4789846953572016
34712,0.4020601848826309
34715,0.6465384707969444
34716,0.3547171691829895
34717,0.5393506192308348
34718,0.8703616425208832
34720,0.5373069199266851
34721,0.4149327379691109
34722,0.6156857843502441
34725,0.5000295084195088
34727,0.8654954593556412
34729,0.22953246551350553
34732,0.550471865743375
34734,0.6802861602918754
34736,0.26972387596384156
34737,0.9751757312151966
34742,0.5079566297658958
34744,0.7365153977060791
34745,0.801981950860715
34746,0.1438417332155125
34747,0.49088692363978703
34748,0.40129337627733236
34751,0.14136434141567114
34753,0.6292282985339137
34754,0.6056061098030704
34756,0.35958762236672465
34757,0.5293577849601238
34760,0.8057989584611758
34761,0.35705480567586456
34765,0.5140801462674399
34766,0.03772174885498347
34767,0.2725025484779199
34768,0.6800039192656185
34769,0.8193932906357216
34770,0.2592169925489731
34772,0.5154721022267011
34777,0.5440790880006945
34782,0.30987413843369854
34783,0.6994223609527765
34784,0.12568708159564237
34785,0.384791191430288
34786,0.3729888347460976
34787,0.05849949289013237
34788,0.4697338288073736
34790,0.5051844146000192
34793,0.33049011432854764
34794,0.15488780896047244
34795,0.5989532348327118
34796,0.014377213911880406
34798,0.02704466376767201
34799,0.28756593861931207
34800,0.9027288134889512
34801,0.8470586761074094
34802,0.6940048522099177
34804,0.1284899030853184
34805,0.3091940178942251
34806,0.12383271272568931
34807,0.5622658497099832
34810,0.430642918262235
34820,0.18072688637647905
34822,0.5040091360955731
34827,0.18882380035993684
34829,0.613283648138552
34831,0.767308292436996
34833,0.5832354553149759
34836,0.32055173881714466
34837,0.7659076738091096
34838,0.7688411483990438
34840,0.474165633848308
34842,0.5543346203700117
34844,0.38921468260219216
34846,0.48333773426301463
34849,0.5230329284541911
34853,0.31178778718797046
34855,0.3642928550762962
34858,0.30006317111383324
34860,0.07090749329129559
34862,0.6548105428090119
34864,0.15826985755696515
34865,0.4388094244773336
34867,0.6950287999154721
34869,0.3831627572721794
34873,0.6507416218610461
34874,0.49955017611301034
34876,0.7566558987919686
34877,0.5109491376847574
34879,0.2465222545759808
34880,0.5888350573815418
34881,0.7363301639461386
34882,0.6010691141625856
34883,0.2431507884003933
34885,0.6328394448872445
34887,0.5404638397185737
34888,0.3599178891748989
34889,0.4664002922797272
34892,0.3979689486884576
34893,0.5805828425218129
34896,0.5431718987101849
34899,0.6618797944180584
34901,0.6637973353917157
34902,0.42304147450060453
34903,0.834976382599276
34904,0.21685792960971087
34905,0.2520560887465797
34911,0.2442761419018323
34916,0.6965757841636211
34918,0.44095251098518656
34921,0.9429589907789514
34922,0.900280160413823
34923,0.13484982303742726
34924,0.676124926136549
34925,0.22957369448759316
34928,0.7687401853079426
34929,0.5069141848039355
34933,0.30851821123057743
34934,0.7272144407252427
34936,0.5534187889005504
34938,0.7830265613607054
34939,0.6482425622846283
34941,0.8581095139797452
34944,0.7350158024860157
34945,0.7203210776487668
34948,0.34466133514969366
34949,0.01246199895365595
34952,0.09651827462299822
34953,0.8570241464413901
34956,0.5203111677295417
34958,0.3035691399990066
34962,0.5859133513099071
34963,0.43743039524838667
34964,0.24158205552522113
34965,0.21693551087500013
34966,0.2694172654715525
34967,0.6089303291113733
34970,0.26330173690721936
34971,0.04366445169519224
34973,0.7214991490400066
34975,0.34508032243531994
34977,0.2187773057315221
34979,0.10235547113912312
34982,0.48341560214447227
34983,0.37472268764352656
34986,0.6400134562109665
34990,0.18805603648271596
34993,0.7497176282078886
34994,0.6702213263335937
34996,0.4020216398171547
34999,0.6526144200872519
35000,0.4848437723284692
35001,0.2044272493655678
35004,0.4120555068233932
35005,0.36874551837891817
35008,0.42436815481377954
35009,0.5312393557815721
35011,0.7090714030223247
35013,0.24390740972456415
35016,0.69508314282935
35019,0.5664707795680968
35021,0.03420838194131235
35022,0.27989296637643374
35023,0.32331893047936094
35024,0.734016605589725
35025,0.47850357940337696
35028,0.8700055315191287
35030,0.4803798569028078
35032,0.20480842260393728
35033,0.5165194752656184
35035,0.3432020552753716
35037,0.5511282804474668
35038,0.9205942136743653
35039,0.48120547372435857
35042,0.6190914500459377
35046,0.5622719847289589
35048,0.22527568343677698
35049,0.10297622974712345
35055,0.9237707005882498
35056,0.7491298114588899
35061,0.6205128627675595
35064,0.6797331230862179
35065,0.21809626709418367
35069,0.5165207664123737
35071,0.850893028816067
35076,0.713116460169561
35078,0.8922645876737489
35080,0.47205291967121144
35083,0.40522251628208156
35084,0.6426293206169682
35085,0.7238156709070924
35092,0.05950187502817324
35093,0.7206413117367493
35094,0.9247564845952051
35095,0.29273678931949015
35098,0.4787387077652205
35099,0.6044343879801608
35100,0.672876409356668
35102,0.8061245615323974
35107,0.5318472561596189
35109,0.872735429054973
35112,0.5651565388673399
35115,0.5266528783929253
35117,0.3876326171108518
35122,0.21125901572981184
35125,0.44692248828440423
35128,0.23707679117221955
35129,0.5482135828713851
35131,0.2223653612618246
35132,0.18104544004202522
35133,0.5820379435593692
35137,0.6201092060495387
35140,0.13465875859929657
35142,0.5530532839772789
35144,0.4317238856183114
35146,0.17095230741348202
35148,0.8577764162417998
35150,0.3039773478791288
35152,0.11021706939580193
35154,0.20573671998473061
35156,0.10757771023724659
35159,0.3834011840639512
35160,0.8409159058358431
35161,0.6200821928459394
35162,0.6926658949541721
35165,0.4299773161858922
35167,0.8968166916067335
35169,0.5138454255711754
35172,0.5412499190427161
35176,0.3376761822090078
35179,0.38097738501333206
35180,0.42151671940984625
35181,0.07619981807237053
35182,0.16831765233368973
35185,0.7077298018483802
35188,0.8433585721500606
35189,0.5502206088795497
35191,0.43252932947147504
35192,0.26434755417774947
35194,0.5877337861451383
35197,0.5145054403821805
35198,0.4841019905399145
35199,0.46908406700581895
35200,0.6998463324224172
35203,0.08991989918752345
35204,0.5988274577591438
35206,0.7776082734929889
35208,0.2678331085321909
35211,0.46858356813045626
35213,0.16691753520691233
35216,0.8861533765720568
35217,0.8747327867862711
35218,0.5836568867905465
35221,0.3097499643499793
35224,0.13422838244031643
35227,0.8912620649506828
35231,0.4200691967134383
35232,0.9157384234708736
35233,0.30955689481512033
35236,0.48189756247931076
35237,0.9762062321241585
35240,0.6478247298262709
35241,0.17904595006456042
35242,0.6699149662644488
35244,0.21670017498332972
35245,0.7950427101789401
35246,0.3855524890294226
35247,0.3187419173056211
35248,0.46579324565277175
35249,0.7252976285124172
35251,0.6512394291836011
35252,0.7841718548405566
35253,0.6333355634042946
35254,0.24050357279800166
35255,0.44361405538915927
35258,0.7783863390352026
35259,0.2938373760352221
35262,0.16774542698523068
35263,0.9758285882990719
35264,0.31212870552843724
35265,0.6677317346665281
35267,0.5527366361025575
35269,0.6780018425303997
35270,0.4963278604273003
35273,0.6153845772317246
35274,0.46854833561777715
35275,0.34027462973640793
35276,0.2733823536618088
35277,0.47600482298097313
35278,0.6463554138762495
35281,0.5493638213717565
35286,0.38002896071178893
35287,0.3799994239623647
35289,0.8932651147459842
35291,0.13335825503133428
35292,0.8352101310844737
35293,0.6497101961438759
35294,0.797887526439051
35295,0.5015232075035864
35296,0.6384539637258589
35297,0.3386914981903009
35298,0.6185247989710853
35299,0.67261497008189
35301,0.5436859678781205
35302,0.4929787417325705
35303,0.6530065415289532
35305,0.8079081882359582
35306,0.7120513772906029
35307,0.8754223190155748
35308,0.32137308243954293
35309,0.3736807015942191
35310,0.5454261806930666
35311,0.13190771860156486
35312,0.5880124657197763
35314,0.7697431994898439
35315,0.4234318813923634
35320,0.7976044758640389
35321,0.6189089378028872
35324,0.8962236018817179
35327,0.06636712596454446
35330,0.06075984638245572
35332,0.49816211091107804
35333,0.7936275692306726
35335,0.4831230695067694
35337,0.29498080558606715
35339,0.5673701880269524
35341,0.11741951820217035
35348,0.2056684058975632
35349,0.7939960425704874
35351,0.8139156910698185
35352,0.8488688175590494
35353,0.5997722964487296
35354,0.4214927102085219
35358,0.8193580330645338
35359,0.08480051156683321
35361,0.5638125708822243
35364,0.25183740622407863
35365,0.6442126670034274
35370,0.41048440414827153
35375,0.4987853748093333
35378,0.2492206530630796
35381,0.3412717975895965
35385,0.573989183761605
35386,0.47733752745118924
35387,0.5894074434315889
35390,0.9517384585285094
35391,0.32506933073096816
35393,0.8818544702337706
35397,0.6505547087392975
35398,0.5689287983488025
35400,0.5388860612836849
35406,0.3306815114746654
35407,0.7303669404019609
35408,0.2595756243525261
35411,0.2998323052200463
35414,0.59101158691172
35418,0.6731605742473261
35419,0.3864347720016907
35421,0.45189490053517906
35422,0.9362971909378605
35423,0.7590829629709259
35428,0.7962290511573069
35429,0.19841053444422965
35431,0.6897475823882268
35433,0.10891768059416232
35434,0.15227182728570246
35435,0.6984523911952986
35437,0.4652989719725763
35441,0.6436133722757645
35442,0.6046611873115969
35443,0.4557229820875611
35450,0.2508630198197273
35451,0.5049231537921924
35455,0.720229539781926
35456,0.4514160833464732
35457,0.6814468350434227
35459,0.8908428403356292
35464,0.10112547880420363
35465,0.9064355597547878
35470,0.8987125095865814
35471,0.2876551501051686
35472,0.243346129986054
35474,0.2601426368206577
35475,0.6540830839479942
35477,0.1619665409919638
35483,0.9067348213598192
35484,0.6471783615604965
35486,0.4158167194497254
35488,0.6364866000364047
35489,0.8345842966460773
35490,0.45471080713326406
35491,0.8926800867860495
35492,0.4204070050316898
35493,0.9348132128205242
35494,0.3127263648522013
35496,0.47946778951411567
35499,0.8544248732932788
35500,0.35337273601327074
35501,0.538650855557938
35502,0.3437183250975737
35503,0.5435334012483422
35504,0.18322262807530174
35505,0.9261981137862638
35506,0.8644598892339219
35508,0.18696099331985533
35509,0.6404809420344804
35510,0.7282596957084473
35513,0.43145749781994885
35514,0.4460026686967996
35515,0.6336142244629466
35517,0.5221633500699682
35518,0.7325024861082411
35519,0.3835178260522986
35522,0.7765375208223569
35523,0.26472448239887836
35524,0.603972497547875
35525,0.8407019611954579
35526,0.4668231482345555
35529,0.6711000548675066
35531,0.5575233770268193
35532,0.667643997492194
35533,0.28090458128016316
35535,0.3931376953044859
35536,0.8791243447968006
35539,0.21090901441118573
35541,0.6047425079061468
35543,0.8818473617638387
35545,0.41706109917627715
35546,0.7305881372614105
35547,0.34042097588163434
35548,0.6491885744317126
35549,0.3982447871992396
35550,0.6310998930323583
35551,0.6667952277976607
35552,0.15318289468899787
35553,0.655137768951896
35556,0.7295226310487413
35557,0.2541618493826192
35558,0.6469221045339069
35559,0.16292772072028736
35563,0.7824873136212815
35564,0.6965350306722706
35571,0.2934529104847926
35573,0.667964899577068
35578,0.6281967660495945
35581,0.5612413491892374
35583,0.45941745801757317
35585,0.6002094105173755
35587,0.5066500324634458
35588,0.7404080907426477
35590,0.8089282489010953
35592,0.483172548804711
35593,0.33293829670930597
35595,0.17668269750079596
35598,0.1605024949313947
35599,0.41825684793789136
35600,0.900594047208486
35602,0.1238602071345419
35604,0.4107988445552725
35605,0.3411191403920982
35606,0.8830645260442687
35607,0.4592971359901758
35608,0.11337815419519812
35610,0.4308316233584103
35611,0.3843305438190844
35612,0.20164318846684645
35613,0.5670369475326061
35616,0.5672420922529243
35617,0.12114735398186337
35618,0.8189989712901388
35620,0.41264674536822843
35622,0.4075973648361557
35624,0.37455839801773055
35626,0.4038012900462069
35628,0.5726763684193688
35630,0.7194090640249668
35632,0.7860388927985222
35634,0.20064037873854454
35635,0.10213900889175265
35636,0.7053448979046311
35637,0.8068760904825052
35638,0.9303119094641875
35639,0.48810505098130397
35642,0.5099259715795975
35643,0.545450061988871
35644,0.33265540036083957
35645,0.13308145525378104
35647,0.651594830770121
35648,0.6571574671449533
35649,0.8665886456097976
35650,0.6431600533503633
35651,0.9214662254594643
35653,0.4473452640895581
35655,0.6079373754557593
35657,0.5047407342394865
35658,0.3468669493887454
35659,0.9108425325545988
35661,0.9342618580897456
35667,0.8321709857609974
35670,0.32444352264514087
35671,0.2902829192288586
35672,0.5183273594049553
35673,0.5912933943511595
35675,0.8013945600815446
35679,0.44460212957157175
35680,0.1475317456349642
35682,0.6201439481985236
35683,0.5266419978331932
35687,0.4584874566143365
35688,0.600245053534332
35689,0.18968430647555035
35691,0.2804772165825434
35693,0.4946958424330322
35694,0.1850715397592852
35697,0.039400973458675805
35700,0.4063561187134776
35702,0.35668976527341195
35703,0.8883353178643142
35704,0.7647652682073833
35706,0.31082201059672043
35707,0.23752006292379702
35708,0.5537574193624405
35709,0.4609054215443449
35710,0.5004423387694604
35712,0.3491493865473039
35714,0.3008434532483782
35715,0.08385812663301424
35717,0.5262856287924748
35719,0.11829614296897357
35720,0.6130168113796315
35721,0.519523006475968
35723,0.16503420579993852
35724,0.4318654215525857
35725,0.5300899133352714
35729,0.602685798131048
35732,0.48400874065705707
35735,0.410442194764115
35736,0.540720975080316
35738,0.7007771649819121
35745,0.2354662472308289
35746,0.5766031898920299
35749,0.3700062722015327
35750,0.5391457794187107
35756,0.9036641847095058
35758,0.3157564362838813
35760,0.32961123877294585
35761,0.9569956821253369
35762,0.6091430687303516
35767,0.4263911730537532
35768,0.5912879466516766
35771,0.15175441062738979
35772,0.7072003217466245
35773,0.8159919701230277
35774,0.9108499252455221
35775,0.49451942330697396
35776,0.6500587138178066
35779,0.21589465532571245
35782,0.8582001761146764
35784,0.41679197431463083
35785,0.19452425132374795
35788,0.5729452198057106
35792,0.8135968425939776
35794,0.0607570102114757
35796,0.27157877766267996
35799,0.08610995676374034
35804,0.47221074736421403
35805,0.42161186521806476
35807,0.7741984156967561
35808,0.5228125355035674
35809,0.4533695845445072
35810,0.8097541976920194
35812,0.02805241693192702
35813,0.7161761655570474
35814,0.4792211347646589
35817,0.31016074666428245
35818,0.8761859875226004
35820,0.1925463194139319
35822,0.4596040332910965
35823,0.5658323206871977
35825,0.6849564753166104
35827,0.5204746605927993
35828,0.053195605401943666
35831,0.6701802271005816
35833,0.8150999706420651
35836,0.9256351065837798
35837,0.861322712009366
35838,0.6675650494557769
35839,0.43598784385548656
35840,0.3206114864578694
35842,0.4018554345751988
35844,0.8586620879901244
35847,0.29612885561693825
35851,0.8328036530708888
35852,0.3630477281286581
35856,0.516775509464652
35858,0.27687792992313126
35859,0.3161285365490226
35860,0.7333322687843371
35861,0.6279199048214027
35863,0.5745982357018329
35866,0.8388537210189261
35867,0.348774013928164
35871,0.7390332138756788
35873,0.6587107553794049
35878,0.3128864818032052
35880,0.5564524576830497
35883,0.3468102861810216
35885,0.713738899461926
35886,0.16973721251780036
35887,0.6988592003787888
35888,0.6805473761244308
35889,0.41029931490726135
35890,0.8231255690736847
35892,0.2510624510320369
35894,0.05801930490705426
35896,0.3210075290280293
35897,0.9298486978214141
35898,0.02607164496464506
35899,0.4022899114248631
35902,0.45121938919186144
35903,0.11660782522326932
35905,0.8679991578258356
35906,0.2169837946689586
35907,0.8614175433396377
35908,0.6968580844205206
35910,0.19691368249616936
35913,0.604091224638313
35914,0.47077333120634773
35915,0.7750648181762875
35916,0.8163863934538994
35917,0.9262962840036493
35918,0.1967803107619758
35919,0.4809283705337991
35920,0.6596536528037538
35926,0.207699602367435
35927,0.44631832501206825
35931,0.7552116933177792
35932,0.37475794794812933
35939,0.5028186838879142
35940,0.5519377769137603
35941,0.8528313765014235
35942,0.7637236069735601
35944,0.2555385176031824
35945,0.07626349487307443
35946,0.3813154799275582
35947,0.7023336806094875
35948,0.8571683467172952
35949,0.328743675704566
35951,0.43296917035355864
35952,0.7183827685739939
35954,0.5224799188224031
35956,0.8410062321654816
35957,0.8126615003616646
35958,0.8061930282788777
35962,0.4384380343467547
35963,0.7857026002592135
35965,0.6587643512262191
35968,0.5524203678993848
35969,0.5738751908804008
35970,0.7050901902810942
35972,0.4019383492003176
35973,0.4257874154280736
35976,0.5715071476646743
35977,0.7257943013375295
35978,0.7729417492633824
35983,0.6985435513903631
35984,0.6116144615192184
35986,0.1883470934556602
35989,0.19073719334060313
35990,0.6630380830746992
35991,0.7135257445447394
35992,0.27355040447458606
35994,0.6334904259330973
35996,0.30522066061585545
36000,0.48314072805904257
36002,0.3707281583627887
36003,0.29683153971671095
36004,0.8820607787091612
36007,0.6649616016020087
36014,0.20284643682188683
36015,0.7783290046280383
36016,0.3094704685417534
36017,0.41886991828232994
36018,0.5421294031199407
36019,0.9400939678539254
36020,0.2633278173536702
36021,0.4837944252136761
36022,0.29877466443216616
36026,0.9062024343468558
36027,0.03943555973399141
36029,0.14980062684508372
36030,0.6490988293578595
36032,0.5559248898153266
36037,0.8794675428699876
36038,0.44392562619694076
36039,0.5177552366956196
36040,0.11843910142795654
36041,0.9190687020611296
36043,0.6777394444812676
36044,0.5309081881529532
36049,0.2117158454969092
36051,0.8985734599256601
36052,0.2391760306735609
36053,0.2031270720971829
36054,0.26772379324376594
36055,0.8153506151507118
36060,0.6026720459365243
36062,0.7861843703355179
36063,0.5760840938884721
36064,0.31582450671418605
36066,0.8404665517872538
36067,0.6078941351307846
36069,0.8280603598858453
36072,0.7229189312085732
36074,0.7811928198578721
36075,0.6458081561584594
36076,0.08623673437209374
36077,0.3805757100326192
36078,0.37173705145145897
36079,0.29934566058851586
36080,0.6476860271489809
36081,0.6100313961057543
36084,0.7038038478387213
36086,0.5367320556412106
36087,0.8881720175595172
36088,0.8340311129999676
36090,0.4646549356443412
36091,0.7689819733075713
36094,0.5337212568661868
36095,0.7605112610310077
36096,0.18772852298347706
36098,0.18289228443134972
36099,0.6123871061886699
36104,0.925199723595241
36105,0.4885712670622221
36108,0.6607984048735521
36109,0.8565519168960665
36110,0.7682296439662255
36111,0.7829855657243038
36113,0.17270547565840738
36115,0.03371103260420474
36118,0.38174416872795014
36122,0.8375028089134096
36124,0.14139345554307406
36126,0.1970378774946524
36128,0.6177829512020253
36130,0.3134060829547507
36131,0.20839302948704924
36135,0.12837510009350145
36136,0.6248616827329212
36137,0.5880599677182425
36140,0.09383159234173755
36142,0.12260010042781191
36144,0.4022722110558037
36149,0.8143100538924417
36159,0.4659559435866419
36160,0.3531381302604169
36162,0.5831224342741275
36163,0.563688874366264
36164,0.32697705079505923
36166,0.14124633750359006
36167,0.24224670931580625
36172,0.3447777423902866
36173,0.301448279629804
36174,0.6337746724627739
36175,0.6526983456203982
36176,0.8316892413002885
36182,0.9038486867250426
36184,0.424474967475917
36185,0.747200991129538
36186,0.8122204128431485
36187,0.46683504973144857
36188,0.5402445729303632
36190,0.33211928653026035
36195,0.8652694507764582
36196,0.7603708422311097
36201,0.7546398291739378
36202,0.38385746112576624
36203,0.3848898993055774
36204,0.8845371042164923
36205,0.5075085831538506
36206,0.7863572815639629
36208,0.7340727552419863
36210,0.16699732597676503
36212,0.7329086130355682
36214,0.42380078859802667
36216,0.5150824698638012
36218,0.15933709320710804
36219,0.38902742751130376
36222,0.6783444290109013
36223,0.18386101617637948
36227,0.8423046343289854
36228,0.8483791063935933
36229,0.4223299307418826
36232,0.10812378815357308
36233,0.6047263765363347
36234,0.4772693047215621
36235,0.35363064639526204
36236,0.7197675866439628
36237,0.849557951486565
36240,0.5184927287542208
36241,0.4804203826592215
36247,0.11066611652997808
36249,0.7844784150913284
36250,0.8442939561656079
36252,0.7448631288241931
36254,0.19212817397159335
36255,0.44389326521214867
36259,0.20196079281855525
36260,0.7324599606724983
36263,0.521798950592964
36264,0.3635518053036567
36272,0.8906011648545392
36273,0.49517420825801967
36274,0.5858347097177881
36278,0.1298987855335374
36281,0.5815782441843689
36282,0.5772224156467102
36283,0.7453128157494031
36289,0.8772790282355055
36292,0.11080776414366666
36293,0.6531457127300382
36294,0.6771391447010215
36295,0.2538238537424867
36296,0.8603766756919637
36302,0.9527734138726734
36305,0.38866920416889683
36306,0.34998750185202215
36312,0.7117857241844755
36315,0.8770461189572119
36320,0.2867336676294868
36321,0.31929811648820766
36322,0.24221136068405028
36323,0.707041966306951
36325,0.22146404466451938
36326,0.37451701414625327
36328,0.9133066769495426
36336,0.37299402466701503
36339,0.3389305083086339
36343,0.2067470936956467
36344,0.6364425145036507
36346,0.956479680683268
36347,0.32594110377957386
36349,0.6461419272497857
36352,0.10699765103997032
36353,0.2300338855341046
36354,0.5370037207631062
36356,0.5869918736399897
36357,0.8265581278659767
36360,0.7464119684220885
36361,0.8448553590146837
36362,0.3209204771541082
36363,0.48210250096596197
36364,0.40565058135509163
36368,0.16572624816930293
36369,0.37126251965218093
36371,0.6211583511370732
36372,0.38859663588222376
36374,0.34330741228869666
36381,0.8534519351222828
36383,0.47490188758873103
36384,0.8706055717840686
36385,0.23857853253337774
36386,0.7653464253264436
36388,0.5088785238210961
36389,0.8522381308696364
36392,0.5096694693724403
36393,0.6128777224669547
36394,0.45154023131864357
36395,0.16416482714423986
36397,0.497857030791751
36399,0.9082248078972583
36401,0.5924357067471686
36406,0.19793341374002604
36410,0.7743714378454019
36411,0.794200410502152
36412,0.39316542852113345
36413,0.5240972281953644
36416,0.3840759901426626
36418,0.38663242062530645
36420,0.7094855754299914
36422,0.6534997777121624
36423,0.8881754822260115
36425,0.791900523893622
36426,0.6727113804897576
36427,0.5444900288801371
36429,0.6708244657512513
36431,0.4917675182369325
36432,0.9789175199728517
36433,0.41002564146943693
36434,0.5016280913198686
36435,0.5530660114758836
36438,0.03784654926015219
36439,0.8797619978963912
36441,0.3971582816323144
36445,0.438899673015483
36448,0.8305236257424837
36450,0.15516689166415853
36454,0.1200559032894365
36455,0.5932164020670687
36456,0.25113388126342234
36457,0.48298622870690977
36459,0.7834320698284183
36462,0.6840488565605657
36465,0.4059018710797222
36466,0.16019598654590303
36468,0.2723398638420029
36469,0.5108634924859337
36470,0.1330754153390176
36474,0.5029589376493997
36476,0.30189273076621426
36477,0.7789806780583102
36480,0.042496829507290876
36482,0.7100016014106252
36485,0.6822914309002581
36488,0.7693258462173621
36489,0.5960383883686455
36490,0.26181447108219164
36491,0.30548690437512216
36492,0.8551634528029685
36497,0.6788088252775825
36500,0.9486760152948669
36502,0.4448070386547174
36505,0.30424857101492764
36506,0.21447624789887082
36507,0.2502691392386133
36509,0.6655611791291911
36511,0.45639484195657065
36513,0.13552880054171265
36516,0.8952931343556388
36519,0.32845003610407186
36521,0.5140434979070142
36523,0.7381328055644357
36526,0.12168184358530412
36528,0.37421657524779106
36529,0.29942038700879914
36533,0.5471805244750411
36534,0.5857737463825325
36539,0.5415169065945621
36540,0.9095776957573202
36542,0.7786036538320977
36544,0.6103455915459342
36545,0.5144616705970158
36548,0.22700033005720602
36552,0.7175138394798924
36555,0.8496841263858038
36557,0.8555303698111217
36558,0.6041942700471303
36561,0.3865482157681638
36563,0.15652280017613732
36564,0.35551195735236196
36566,0.589705962680647
36568,0.35143378829681765
36569,0.38988248767109784
36570,0.3461141873964016
36571,0.4805258657769866
36572,0.7512444608844201
36575,0.7646200809817585
36577,0.6783327233702079
36578,0.44631997432869275
36582,0.2818510224225982
36584,0.19196292458855557
36585,0.8907088108043137
36586,0.9210029175666339
36587,0.5257289721261587
36592,0.6836797368010014
36593,0.7955885099686943
36596,0.3414842236149581
36598,0.19080427203490458
36602,0.8351048023402317
36603,0.059535524209475464
36604,0.497289569722136
36605,0.6789790461748759
36606,0.2045502388653168
36608,0.0720887351495487
36609,0.6529586288217611
36611,0.5811159681874314
36612,0.5868868914476318
36613,0.4021090698399665
36615,0.35905633583163116
36617,0.5032646592015452
36619,0.43923314228708166
36622,0.7982336607518741
36623,0.15464931766429013
36629,0.5061150407171672
36630,0.16786160633202418
36631,0.5835856943556517
36633,0.24416736341490367
36634,0.5590206061357806
36635,0.3200453078642536
36636,0.4373584171471932
36638,0.889692570849062
36640,0.09130533442449358
36646,0.5785938865062873
36647,0.39554532848371354
36648,0.39829160233595023
36649,0.21144495782348324
36650,0.40503095009038315
36652,0.36910031841324814
36654,0.36338570599803777
36655,0.10102213068541097
36658,0.24618890545660918
36659,0.876334145280183
36660,0.21501152963424328
36662,0.24317415391258893
36664,0.42240834567179064
36665,0.08718236469486973
36669,0.4783019169377982
36670,0.35852500441145435
36671,0.5750158383741957
36672,0.41142102456605284
36673,0.4848446400520712
36676,0.5667651526419106
36677,0.09199986223203423
36678,0.5840601434957337
36682,0.6695557513071789
36684,0.28165751813092094
36686,0.2257596464804426
36687,0.5762713047324598
36690,0.5542796952033946
36691,0.6294278766428815
36692,0.3830652804794536
36693,0.7883309907407123
36695,0.20918606627193898
36696,0.745264500847008
36698,0.8834295159424079
36701,0.3935766287390517
36703,0.6146878320188175
36704,0.5962489284468129
36712,0.35321885746406606
36715,0.9469483840676938
36716,0.7220609475999293
36718,0.3404299211602941
36719,0.38277504300307674
36722,0.5613385882492746
36723,0.8386328855131319
36724,0.4001653103448297
36725,0.442406334999735
36726,0.32929971218393655
36727,0.2546722200483159
36728,0.4262560234963926
36730,0.4780231018372233
36735,0.31026999152278006
36739,0.38998003611259346
36740,0.4371387454032929
36743,0.24866759467833957
36746,0.3103975320064026
36749,0.4554370348877886
36753,0.24616351081926177
36754,0.5312670887678543
36758,0.4881159309445599
36759,0.4471906861972279
36760,0.3639891642869125
36761,0.2075914280081366
36762,0.24367755069575583
36763,0.7054361600347562
36764,0.70390875470028
36765,0.1635263511683482
36766,0.7916702279494854
36769,0.414628501955699
36770,0.6372581518344892
36772,0.21314261060069797
36773,0.5576256703053039
36774,0.1233475055094734
36776,0.6082425009844036
36779,0.5651040386186608
36780,0.5988109863334496
36782,0.9404867924642877
36783,0.14848789224376222
36784,0.273399859409414
36785,0.8926077504409404
36788,0.5747168466110003
36789,0.36636409410667803
36790,0.18262755215713183
36792,0.13815957922729669
36794,0.6119173112027968
36798,0.24008348831029064
36802,0.11736695835632806
36803,0.6957849403549734
36804,0.8242321067539219
36805,0.44206386772959416
36809,0.714981576177047
36811,0.6950090441977064
36812,0.688657857706979
36816,0.5228212700439656
36818,0.4637387452528666
36819,0.39886591452697123
36821,0.6971428590691673
36823,0.8684761322012571
36825,0.0586057572092246
36827,0.7208796237677395
36830,0.3596631683263982
36831,0.7161289365382416
36832,0.4710889022250648
36833,0.38339444768785036
36834,0.6615887566672974
36836,0.23390498496901624
36837,0.8413634017118639
36838,0.8081626513333238
36839,0.7844507903353153
36841,0.8453628078239338
36842,0.23439816251597242
36846,0.38056105541557084
36850,0.764702689488202
36852,0.6454153715625175
36854,0.8099390030063779
36855,0.4234673818348024
36856,0.2748289776809435
36857,0.21239636823458347
36860,0.6707956020272455
36861,0.4375912066665409
36863,0.26210956460380297
36864,0.283634402332916
36866,0.37581696754986443
36867,0.6887246146822454
36871,0.8403777180316743
36872,0.021739487217618342
36874,0.36097460588290575
36875,0.6325202020450993
36876,0.5957234818545069
36877,0.31003810199006815
36882,0.8009932701267318
36884,0.5772070280461931
36885,0.5443927383376859
36886,0.9058290930773515
36889,0.6150484691129783
36892,0.08292717960456618
36893,0.658454807973521
36895,0.34976384152096174
36896,0.5402895975165949
36897,0.3398071021949705
36898,0.8613049835244949
36899,0.6803105297708325
36900,0.905923182054632
36901,0.5730386821121694
36906,0.42561302412239505
36907,0.3145611921242819
36913,0.4867408087863564
36916,0.25832892918520495
36919,0.712034166173759
36921,0.551677680133278
36923,0.6611774064591708
36924,0.019117644155328472
36925,0.38677779825334485
36927,0.4065383116123764
36928,0.48729603246187364
36930,0.3564522524697654
36932,0.47377579582271795
36934,0.13227876762820276
36936,0.8101128424113959
36938,0.7882861543065252
36939,0.19492321315441344
36940,0.6583010037969915
36941,0.39098854890854245
36942,0.22802859891909338
36945,0.7689207671499482
36946,0.16938954565206854
36948,0.28633988219011985
36949,0.5110515766832864
36950,0.3044907231310965
36951,0.9526928201893953
36952,0.7172488518137737
36958,0.7337849851035444
36959,0.9573454476455997
36960,0.7739033150936764
36962,0.6127500262545517
36963,0.9159654327235015
36968,0.46534267718994354
36970,0.7995261334679132
36972,0.14091636604794952
36973,0.7785270042500564
36975,0.2971821458798387
36977,0.7064804451848747
36978,0.37122572802250436
36982,0.4043189770616402
36983,0.7890906271136654
36984,0.8569435590813456
36988,0.6077535985960263
36992,0.3993844064782259
36995,0.9103642589541129
36997,0.480186640022508
36999,0.6635888666256108
37001,0.8253583822090701
37002,0.0944401335107314
37005,0.4823668851740433
37006,0.7539901191052805
37009,0.31377661315691596
37010,0.35556138673659593
37012,0.8228677866866029
37015,0.2564311662259357
37016,0.27253941488446193
37017,0.6237079136939756
37019,0.3997913105814345
37020,0.10690864891363934
37021,0.9427825052646837
37023,0.5233058761929723
37026,0.33382211245168053
37028,0.38077063556221363
37031,0.013927684614119737
37035,0.6416563706402176
37036,0.5583752692078344
37039,0.6951177495511156
37045,0.362261858804665
37046,0.17175401146968683
37048,0.388328157882455
37051,0.43323642820338937
37054,0.21799585933031143
37057,0.6906075857274326
37061,0.8143914247753327
37062,0.5269111762273682
37063,0.657357566497231
37064,0.6229248617857229
37065,0.5075565743341469
37067,0.660824803743973
37068,0.45864845691354145
37069,0.608565728713906
37071,0.9024878094028962
37072,0.42450389254242
37075,0.3893923804269044
37076,0.5333691668174756
37077,0.8959949727392419
37079,0.23935030941634564
37081,0.7354934474929967
37082,0.19866655233508354
37083,0.3346259537015368
37084,0.39477288210863937
37088,0.37318668627406637
37089,0.8138026846176529
37092,0.7968204230784891
37093,0.5448814958382148
37096,0.0801845926409947
37097,0.5352511591798668
37098,0.12842613803979241
37099,0.19583958763726175
37100,0.7759259454236963
37103,0.4675689755313592
37105,0.5555257755566851
37106,0.6357550142452637
37108,0.5592585852696177
37109,0.604552988019856
37111,0.39921043059494576
37113,0.5331771704345672
37114,0.32441159818822113
37115,0.5437082500211502
37116,0.41316959452266205
37117,0.4865611151190839
37118,0.7897957935510808
37123,0.16574466161040005
37126,0.7536170828116502
37133,0.6483554934788456
37134,0.9648434754076244
37135,0.8946747281587712
37139,0.5811329968113546
37140,0.83022644502121
37144,0.5537994340294597
37145,0.46543772663204575
37147,0.10439605695439629
37150,0.1938543076067398
37151,0.23786194148821124
37152,0.8668969159832401
37153,0.02464997454252687
37154,0.6675642795183581
37155,0.5894268561168374
37156,0.4559695019065151
37157,0.5150092546724498
37158,0.9688246447202461
37159,0.9789731691909976
37160,0.07152466605491097
37164,0.1970308837925938
37166,0.8698553533796303
37169,0.7422214378972304
37171,0.5966720812484131
37172,0.12212127106761728
37173,0.2046699465145586
37175,0.3076955738484704
37177,0.6607572368266368
37182,0.34736685907071707
37184,0.6722957427580584
37185,0.7024226544550657
37186,0.14913425933405383
37191,0.3905599402797962
37194,0.6504108630419806
37195,0.12819608761131743
37197,0.37706925127438357
37202,0.9385372132095077
37205,0.4329697905300973
37207,0.5170290599397055
37208,0.545214064284992
37209,0.3127915750381012
37210,0.467688369062154
37212,0.5486376331459554
37213,0.5060032141178695
37216,0.35116231473128023
37217,0.6464306988555912
37218,0.3034366847287085
37220,0.8163098517511731
37222,0.24008690871413246
37224,0.07126089794155037
37228,0.7044147097855535
37230,0.19814889111202616
37234,0.5473915281689653
37235,0.8755690285415213
37237,0.6017786266482995
37239,0.257365087462152
37241,0.4767104569555233
37244,0.43151880570300927
37245,0.3297604033471597
37247,0.33523503269618565
37249,0.5578796006260416
37254,0.9300843452215551
37256,0.5050943155071874
37259,0.5072744971253902
37260,0.8192402516896291
37263,0.7584752559672396
37264,0.38796535267995025
37265,0.4958925848753341
37266,0.7268710533889846
37269,0.15607190267231338
37271,0.3482311496881053
37272,0.7278049122321335
37282,0.943618806997413
37283,0.5549011911057068
37284,0.2671612563413954
37289,0.24361345799910522
37290,0.24579537448650424
37292,0.7932602078340583
37293,0.6297544876447089
37294,0.816106213603481
37295,0.3980620842642806
37296,0.16456948327041923
37300,0.4093642500556303
37301,0.45368125082259186
37304,0.8730874632513275
37308,0.42693779948884814
37310,0.9470834375054642
37312,0.742526220380693
37313,0.7224271150189794
37317,0.10252241214613651
37319,0.6300214696245146
37320,0.4053843914459168
37322,0.5386102461715887
37325,0.3571651257633939
37327,0.4026258108015532
37328,0.7011089733916025
37332,0.3464683525195473
37335,0.6336969581477975
37336,0.775542311843818
37337,0.49878663178956073
37338,0.2776338471927113
37340,0.35072023822674664
37341,0.5959577556400185
37342,0.6501248143503625
37344,0.3925104080202388
37345,0.7738018511867357
37346,0.606429037170241
37347,0.5721945263109608
37348,0.176797900168709
37349,0.8731509411762903
37350,0.157991335856791
37353,0.44457097543324137
37355,0.2229625625951178
37356,0.537081027073665
37358,0.3784365333963104
37359,0.5016834353309442
37360,0.6814507449528316
37361,0.5263066059055042
37363,0.4943153184895763
37365,0.1672872211929305
37366,0.4821671426264447
37368,0.46480346904894476
37369,0.21796599910177394
37370,0.4832867325758452
37373,0.6213858544295713
37374,0.898445169522227
37377,0.5425640404114995
37386,0.43357305605524177
37388,0.7564730693638279
37390,0.6198694767252506
37394,0.7429934850711555
37396,0.8429432180081843
37399,0.31278904722930506
37400,0.9521923504605199
37402,0.42733225633779653
37403,0.8389486876382622
37404,0.4260491839665041
37405,0.5704524948178803
37406,0.797670669013417
37407,0.7730115813621973
37408,0.48323376797238105
37409,0.2746097798273364
37410,0.7546391131579029
37412,0.9064286743911841
37413,0.18905513975707652
37415,0.49381312864682136
37418,0.37014075063603225
37421,0.30229432699940195
37423,0.7017215599070948
37424,0.21716992813087418
37425,0.4485104614641188
37427,0.7891642451537318
37429,0.4732531266305509
37431,0.6875914472563155
37433,0.9190229059282179
37437,0.21957320325105095
37438,0.18687958068900581
37439,0.5133149090018552
37440,0.7316872058567419
37442,0.5737926865212649
37443,0.764562196029602
37444,0.7911626966281127
37447,0.5900702667328562
37450,0.7946749705500772
37451,0.8265605263891975
37455,0.9305566029873655
37456,0.7965404849942168
37462,0.6730704412270967
37464,0.291743882888076
37465,0.6398149593950548
37466,0.7125743888984873
37467,0.6472209714096031
37472,0.7260847033801413
37475,0.5206385331740346
37479,0.6417596492897651
37481,0.6869423203519858
37482,0.5505872257149168
37483,0.5110315812221088
37484,0.07089612826737952
37485,0.5745355295720812
37490,0.19819329374209532
37492,0.15740488995621596
37495,0.11651696035409333
37498,0.3175059020316527
37505,0.4288146542212971
37509,0.8333705833794716
37511,0.7235450448109151
37513,0.7519448306824915
37517,0.5414843884095423
37519,0.3973371813736811
37522,0.10844589132101136
37524,0.06619808633680677
37525,0.5480548075222873
37526,0.5295213370973764
37528,0.46748353620470084
37533,0.7044449473714682
37534,0.7325175868048209
37535,0.780954930536956
37536,0.1291266487871204
37538,0.3065435512249624
37541,0.8414603981210078
37543,0.25567414171167696
37545,0.18033557966437092
37546,0.056314563483066675
37548,0.4809957550142599
37552,0.40988193918785354
37553,0.5342947967410325
37554,0.5320729894356693
37558,0.31746734110465125
37561,0.5123257479869079
37562,0.7810892286413147
37563,0.7944123960086515
37564,0.6109883389511103
37565,0.8153002638456294
37566,0.3203809925373846
37569,0.8929748197287768
37570,0.7662453451094815
37573,0.41598727326555324
37574,0.4099084463902945
37576,0.6619317464377601
37578,0.29722398860564486
37579,0.2862971121339262
37581,0.2840969756082775
37582,0.5452955975420782
37587,0.808371391422238
37589,0.8550226805108051
37590,0.16181917740404664
37593,0.24137197713836941
37597,0.8798634162541948
37598,0.7798397661426887
37599,0.18239715190707345
37602,0.4896743671326283
37603,0.6142944462034359
37604,0.13565861217742364
37605,0.5275459924403192
37610,0.7750673546152728
37611,0.5259768931137125
37612,0.5094774080964604
37613,0.7281861048057344
37614,0.6084759486282919
37615,0.2702668084693555
37616,0.47964736589014434
37620,0.15569383980705792
37623,0.3332121558340628
37624,0.7892514152274385
37625,0.2905723683058162
37628,0.4150989074588074
37631,0.5883662923670613
37632,0.8057352039705585
37634,0.21930655683470104
37635,0.35326582732955664
37638,0.8884801253765516
37639,0.10768652294360963
37640,0.3418870710607212
37641,0.6285432119739481
37642,0.23219146548413147
37644,0.7481557222729888
37645,0.7799180436467574
37646,0.7693525487062198
37649,0.4634032785372038
37651,0.6250941639112654
37652,0.75607475149074
37653,0.832348154918081
37655,0.735100090290019
37661,0.9012675600107263
37662,0.14512707056528854
37663,0.9287968333028658
37664,0.6962393395098956
37666,0.1496551905943605
37669,0.5965588156374189
37670,0.648211473894456
37672,0.3119880753383663
37673,0.5086841084037006
37674,0.38186361246668954
37676,0.7390669496828617
37678,0.7413458494187046
37679,0.3100968834930376
37681,0.7678078467445995
37683,0.1013539751249313
37685,0.6539754871468374
37686,0.2617974921030353
37693,0.5218916367022313
37696,0.27506462416584043
37698,0.17622351481358206
37699,0.22012033741003204
37702,0.7875993858756889
37703,0.37721321783241946
37704,0.27327674414096315
37712,0.6855586397201556
37716,0.4263734494204476
37717,0.8753134766907605
37719,0.2672774127400462
37726,0.6889351438822136
37728,0.6873519832267996
37729,0.09652739944029701
37730,0.3765416111995604
37731,0.4275408893239523
37733,0.8320036022293021
37734,0.857270358631561
37736,0.9217528298026058
37740,0.7446325262634107
37742,0.6947734623022851
37746,0.21483657955426466
37749,0.0541778618734312
37750,0.8952290754776866
37752,0.35894385221609215
37753,0.13421420896890304
37754,0.45285185023539937
37756,0.87613956607407
37757,0.3103065414470656
37758,0.44386446626349096
37761,0.7543125934398917
37762,0.15679284969184254
37764,0.4051062952214685
37765,0.4194006970905998
37766,0.7346827792363465
37767,0.8290594027591692
37769,0.37574685967101856
37771,0.4183590300755055
37776,0.8097626171926372
37780,0.6773047172110931
37781,0.28390090253665656
37782,0.9032468012850566
37783,0.38662568079768744
37784,0.26211094741683466
37785,0.4295167702596699
37786,0.6051343967066131
37787,0.7676413203741309
37789,0.8717434748082743
37791,0.43208469811959366
37793,0.6796030962181251
37797,0.4717236266623382
37798,0.45595534239322244
37799,0.7372498115975947
37800,0.41843177532313935
37802,0.6975121800088264
37805,0.5359323914579806
37811,0.501082578793469
37813,0.7811585508055444
37814,0.25814954692268244
37816,0.8668662945418626
37818,0.8521981094069814
37820,0.41101799083902946
37823,0.20020443644706254
37824,0.6245571600873706
37825,0.273038524835834
37827,0.027788217544962246
37831,0.09374754651162769
37832,0.2608925205981817
37833,0.2155303791991974
37836,0.35220376328719666
37838,0.4129637590243832
37839,0.8609515623699238
37840,0.4704417188756151
37841,0.44773021786959194
37842,0.37840038852568497
37844,0.46376016881847054
37845,0.6356548180748739
37846,0.1688844533692512
37847,0.6131568281053456
37848,0.1696215706683845
37849,0.6010452118701995
37856,0.6359908032979916
37857,0.3750620393322247
37861,0.41599468531917144
37862,0.20470064337946564
37864,0.7209973727656174
37865,0.37967893296672045
37868,0.338061257171981
37869,0.5886612115390715
37874,0.7004261417041358
37876,0.7124886199013966
37877,0.9273494531088292
37878,0.6166293639440743
37880,0.8203914249151699
37881,0.41359016033932633
37885,0.6124653741649693
37893,0.29071952388777966
37894,0.5939467988738988
37898,0.5263972233505425
37908,0.3281909658390096
37909,0.27338912429671686
37911,0.5215500006932794
37912,0.23598376574856567
37913,0.16425243710072593
37914,0.43492358345249327
37915,0.9154994592401843
37916,0.2512598827569255
37918,0.5352231921414331
37920,0.8286875467430128
37921,0.33471748283391506
37923,0.7777916078148892
37924,0.17940842718697275
37932,0.6970277164484007
37936,0.6627128856858703
37937,0.6857389849271893
37938,0.49221918257521075
37941,0.8714368008003323
37945,0.5587181313318849
37950,0.24524879765476676
37953,0.4139043332022131
37954,0.3616497390923721
37956,0.7156143929116058
37961,0.6766840761609427
37963,0.5409453604078837
37964,0.7983694673428069
37965,0.9705326948749011
37967,0.35899544428347957
37968,0.5387196084938197
37971,0.41403177770933614
37972,0.8144244283416436
37973,0.06656588324108947
37974,0.7459753382448787
37975,0.4823206376619206
37977,0.25623976490596395
37978,0.3895201349309411
37980,0.3724876576235626
37984,0.21533606964273916
37986,0.8272924029860117
37988,0.895797521125594
37992,0.6540262662330458
37993,0.8109696085438793
38001,0.7512875009470588
38003,0.7119390048032582
38005,0.6782595945980509
38006,0.05891866815890895
38011,0.6241339678574007
38013,0.5419784992560744
38014,0.45162609890836536
38016,0.7686078714529561
38023,0.7386007880119626
38027,0.26051847702331976
38030,0.544138523415835
38033,0.6618185741651109
38036,0.3591733913737688
38039,0.6106773315273053
38041,0.5818913316876718
38042,0.5974280538959073
38043,0.5563029353327786
38047,0.5532558704575143
38048,0.4623135079893801
38051,0.8506040134475885
38053,0.38487646850860685
38058,0.625870909545638
38064,0.8859130232677941
38066,0.6200304253952206
38068,0.7548815046970164
38070,0.764772114166331
38074,0.5629287990671635
38076,0.8563652902387875
38079,0.622691390133334
38080,0.8927346337065106
38081,0.5537670860354167
38082,0.7212271540624295
38083,0.7455746384247469
38084,0.845956053600878
38087,0.22167893672270364
38088,0.8746297089539584
38090,0.4822687082223825
38095,0.4105858855972543
38096,0.4884613153855169
38097,0.39894543944046224
38101,0.39648950344458167
38104,0.8224768849759981
38105,0.40726695421048276
38108,0.6673026256484762
38112,0.1178755101330084
38114,0.8546973264731752
38116,0.9093086427714306
38117,0.5962063601876216
38118,0.8283359115351566
38120,0.4869622956285779
38121,0.8845558094244826
38122,0.9649745223928671
38124,0.0949287851321664
38125,0.2092844302916339
38126,0.2616409881907139
38128,0.4928475321067915
38129,0.6930702492021397
38131,0.8246233443714819
38135,0.6759812669617855
38136,0.9218424005837341
38138,0.4082430500618184
38140,0.5950113475597785
38141,0.4745171055740301
38143,0.5383193435171143
38144,0.2661925716999846
38145,0.14176483440128032
38146,0.8464650818267391
38147,0.15785739081667374
38148,0.5016653642908357
38150,0.37001712639405804
38152,0.6759024276222129
38154,0.7988463070153211
38159,0.7177915161539565
38160,0.881882586679327
38161,0.47320470872851816
38163,0.7047423841144194
38165,0.5690421882237877
38169,0.4624486679608683
38172,0.4561040445681701
38174,0.4502471079220169
38175,0.2815929331939209
38176,0.27376863928593165
38178,0.43406918688360346
38179,0.47939191449846574
38180,0.5248010508876597
38182,0.4188454500610223
38183,0.8538087303178393
38184,0.8380911452972389
38187,0.6740394174676081
38188,0.21091066150552973
38191,0.6348307456925977
38192,0.5955880060610149
38194,0.12066650546195015
38195,0.3994536477326534
38196,0.6143653773032147
38197,0.5607698443762539
38198,0.39338343409010507
38200,0.03995531652882596
38202,0.3000116405597955
38203,0.6993844107882502
38204,0.502837624132725
38206,0.07308249369661729
38207,0.019537565229826543
38208,0.5894757080152717
38209,0.06617223608808108
38210,0.3024463360135427
38214,0.377494575656304
38215,0.38128673579979866
38217,0.18134004488489333
38218,0.3713855771176247
38220,0.6633551366403548
38222,0.45565061556328207
38224,0.4900937411367828
38229,0.17848002860895948
38232,0.9029435972902612
38234,0.7829734687772969
38235,0.21957993219556707
38236,0.2899683264247377
38237,0.1446471195602558
38239,0.6004073233484346
38240,0.48447750728871747
38243,0.4466805642768852
38244,0.37096681811364685
38249,0.9147175171925163
38251,0.5407364180852691
38252,0.6652734179291163
38254,0.040640320577151896
38257,0.37906142785193747
38260,0.2969623830467986
38262,0.2209632234069888
38263,0.3357271621856088
38264,0.8688765116656009
38265,0.24783717427665655
38266,0.6944488037103094
38267,0.2662990709017555
38268,0.359455204943242
38269,0.3720025825747445
38270,0.8054368746530278
38274,0.7372427889993146
38275,0.7628009267895424
38277,0.5681830905916361
38279,0.8573082012565718
38284,0.7864189116486018
38286,0.08130404611028948
38287,0.3630796674833054
38291,0.7154068907505826
38292,0.369794835095873
38293,0.047698287401889965
38296,0.9271912779817983
38297,0.6865405608014158
38298,0.41575556816739734
38299,0.2830146339446527
38300,0.9315458948521567
38302,0.467415974008851
38303,0.5699073357081955
38305,0.7988196520358332
38306,0.5589143859473751
38309,0.8458709442908159
38311,0.8093749080362441
38313,0.47012077163369304
38315,0.2983069987117171
38316,0.07883771452884898
38318,0.6906615417517223
38320,0.6555442202810342
38326,0.10454241118642935
38328,0.15162647826510425
38332,0.4638283915370213
38333,0.12509506879244625
38334,0.3586291508907888
38335,0.5176137800747601
38336,0.7372587763624382
38337,0.6094935727080076
38338,0.32598643937353455
38339,0.30410827883171354
38341,0.7139422101641839
38346,0.2303454109092767
38348,0.09631784871168425
38349,0.4171863223328791
38351,0.8048782473268759
38352,0.6342733680553758
38353,0.8401973721862463
38358,0.03269762162236093
38359,0.8333847115385866
38361,0.5215962594134183
38362,0.3038448380660611
38366,0.9128897548222072
38369,0.32961023068555434
38370,0.55496291776029
38374,0.7587584174779509
38378,0.7941650445850049
38379,0.47959811803329944
38380,0.5644808104575332
38381,0.47430864690526503
38383,0.8208659967148023
38384,0.07009438818564157
38386,0.20876417354044438
38388,0.8052411016893469
38389,0.5344325692328634
38390,0.9409404755929097
38393,0.37486855514591966
38397,0.7811597522171418
38399,0.3666566489809652
38401,0.11666550717924645
38402,0.714785113416974
38403,0.22259932403262667
38404,0.45017053326443984
38406,0.160496155770297
38408,0.10016887996372807
38411,0.0576792230269021
38412,0.6516403948238255
38415,0.526953085531946
38416,0.6193255331352173
38420,0.775428074957107
38421,0.880176410993382
38422,0.11862351591249831
38423,0.1781282349062628
38429,0.5377629286606865
38430,0.25601427276506844
38431,0.36954016376482485
38434,0.4833132732403775
38436,0.17118426136294315
38437,0.6390216038781703
38439,0.9248230323170139
38445,0.29056392445680745
38446,0.2745393003737715
38447,0.7531684810213427
38448,0.5535154876578878
38449,0.5654099342952328
38450,0.6673069989848429
38451,0.25059870432994685
38452,0.42826313796127724
38454,0.4591513543287852
38455,0.4852002374713259
38456,0.7588466537750058
38457,0.11178944454943623
38458,0.8976863591575664
38460,0.9155088060085306
38463,0.7395916083222724
38466,0.8894369626268656
38467,0.1348120187977628
38468,0.12071347015436894
38469,0.7669298340292836
38470,0.3833746073483821
38473,0.25353247163160697
38478,0.24273004052926508
38483,0.8336913232396208
38485,0.5993249371578706
38489,0.8899170229004776
38490,0.824184244648989
38491,0.8476849575538157
38492,0.15068827320896452
38493,0.3708255497717409
38495,0.6008143709907757
38497,0.734686070884713
38498,0.7352636370159602
38499,0.4218086886528531
38501,0.7419354250437844
38502,0.6667525774380647
38504,0.7553736643720864
38506,0.3945131033831895
38507,0.7777347194368623
38508,0.6597703532471344
38509,0.5507557953073514
38510,0.6709883594705922
38511,0.7173312953664824
38512,0.3494768644765537
38516,0.30291467194847976
38518,0.5782091481977957
38519,0.7282145618551841
38524,0.5378554730630547
38525,0.10851002947458908
38528,0.6228241013662105
38533,0.15624783798238426
38538,0.36006235498720496
38539,0.38393959802424515
38541,0.5722637410937248
38542,0.6190386522223887
38543,0.7270787979801903
38546,0.11192535175003979
38548,0.3334620255720581
38555,0.8218299686796363
38557,0.7614774412455392
38563,0.44912964234574115
38564,0.7323931658175656
38565,0.1125688824004241
38567,0.8968437689251517
38568,0.5135511830055117
38570,0.7765351069770128
38575,0.4477929956992648
38580,0.7662017673298143
38585,0.3765614574409257
38586,0.6874700221948468
38588,0.6666992853995011
38589,0.8749826282207673
38592,0.3061802037231967
38593,0.27717507374182404
38594,0.39018648069682144
38596,0.7420706055719296
38598,0.01273743198793126
38601,0.43744644071698985
38603,0.8010354296368571
38605,0.6762097852266378
38610,0.4775937160274606
38611,0.2613845121346097
38614,0.29266560884194276
38616,0.6664757989099072
38621,0.42512158743683826
38622,0.4962724930068842
38623,0.16567905910392616
38625,0.46654227229074496
38628,0.9428705372567521
38630,0.8603604101472735
38633,0.8498397617304773
38634,0.9448860943620916
38636,0.6222989258589365
38637,0.877366544504492
38638,0.7492018526516215
38642,0.4953230885854047
38644,0.3381056364652534
38645,0.4136707382522447
38647,0.6866699581227561
38650,0.30727581566703077
38651,0.3975825267866526
38652,0.7199152166986829
38654,0.867667299099238
38655,0.8746680874797069
38658,0.6178302110944969
38659,0.43689389702747955
38660,0.6447375451493745
38663,0.5215402204643342
38664,0.2977895592106368
38665,0.3722550906196789
38666,0.87030595674039
38672,0.8208289323319157
38675,0.27866468181860565
38676,0.7920542369933778
38677,0.842975368100764
38678,0.8162127973333932
38681,0.6641359288752271
38682,0.6232576242254052
38683,0.2745660421674779
38685,0.979569162546748
38687,0.3494620740418705
38689,0.6792310208260207
38691,0.217389442259266
38693,0.7053962450503398
38698,0.061938717752712744
38699,0.5140006525449996
38702,0.6530044955734188
38703,0.63091168701374
38705,0.5153575492257894
38708,0.6260512139125196
38710,0.14777756231646072
38713,0.7240132991720158
38714,0.5554588473534454
38716,0.15389889083808164
38717,0.7360443299005431
38719,0.05293287337590626
38720,0.6670844806121724
38721,0.13194608508433703
38724,0.11523282609231321
38725,0.9213813333702733
38727,0.7821809395946044
38728,0.22850330653160728
38732,0.16081664031838144
38734,0.5335676393832323
38735,0.16354214819234747
38736,0.25788384840060996
38738,0.51906635522838
38739,0.2297845389896879
38740,0.7508362160760322
38741,0.7859607339411735
38742,0.6377803336964538
38743,0.30910443913905844
38744,0.5526762370052545
38745,0.8530231080435704
38746,0.5590152931445644
38747,0.6519724435368576
38750,0.18353021192675886
38754,0.38700730457777427
38755,0.2092710633471922
38756,0.6866867031160557
38762,0.16270900213285952
38763,0.3608092791286232
38765,0.5413440692140896
38766,0.010892768183925086
38767,0.1991466263362818
38768,0.15658091922632816
38769,0.2377377203419491
38771,0.4578414477681449
38776,0.9195342967203849
38779,0.6796851294427685
38781,0.9524661888912092
38783,0.33329759161656314
38784,0.13050197379513093
38788,0.5506142535682718
38790,0.10880655990477205
38792,0.40009511850084406
38793,0.838152139219378
38794,0.47770897302807924
38796,0.7511844974285844
38801,0.31170242022201783
38802,0.3091011687600405
38804,0.3222884419091866
38809,0.4350420315878807
38810,0.8976279383110427
38814,0.3455700522220905
38815,0.6955579636319921
38817,0.3186481909320667
38818,0.7794621354761514
38819,0.431187170776083
38820,0.5462408976822524
38821,0.3353979620973286
38822,0.8799290866553223
38823,0.6388214021323532
38824,0.2364475468828306
38825,0.36194393226871885
38826,0.4756042287248198
38828,0.31052555398418785
38830,0.7256644517250499
38835,0.542044741201006
38837,0.6970672636247455
38838,0.48729817578377027
38840,0.8915176765961429
38841,0.5366676748676996
38844,0.6151180224319711
38845,0.6111725297970564
38846,0.21839818732218
38847,0.3853826878896218
38849,0.3835402922804473
38852,0.6160543872676694
38853,0.23467929412065
38855,0.5151366621971669
38856,0.10292084998959192
38857,0.2700604816756907
38861,0.21664920379210822
38862,0.19024724615136698
38863,0.08863309310210489
38864,0.4648188891852631
38865,0.13087704419098917
38870,0.4710471673474581
38871,0.01125002542875781
38872,0.6516102320897745
38873,0.12425543723693212
38878,0.10424936365190259
38879,0.45846604458654244
38880,0.2291005926877726
38883,0.9299368533309327
38886,0.10625701667059183
38888,0.7719808933712251
38892,0.8100037975945082
38893,0.7504181806331898
38896,0.45201331800499167
38897,0.7242472170791091
38899,0.19147739078843806
38902,0.6762720501571026
38904,0.5010146218416481
38906,0.608615831359237
38908,0.5498158285466661
38909,0.2289082398149602
38911,0.3946268936057318
38912,0.489245375907531
38914,0.753015577835676
38918,0.5339280431839764
38921,0.28336244778429953
38925,0.6238747696445675
38926,0.20112649156741938
38928,0.5915152969290296
38931,0.8557760152128563
38933,0.7249401897187829
38934,0.16205910310762492
38938,0.7077821052570515
38939,0.48570883952353827
38940,0.5353690742696877
38941,0.8054487622716845
38942,0.5709077924542111
38944,0.6580314133245362
38947,0.5829437716934454
38949,0.6354985425038099
38950,0.17436180190169806
38951,0.1607137144492688
38953,0.7765024276109759
38954,0.8326990230554273
38955,0.4689570364891688
38956,0.8498177290314723
38957,0.7209386374584332
38958,0.5248804210006927
38963,0.28140082801122906
38965,0.2559000338269128
38967,0.25797381415898163
38968,0.4754947129548291
38969,0.8112496741236076
38971,0.7497840893453196
38972,0.10831588616043931
38975,0.6547045127045259
38976,0.34733044560656634
38977,0.8640761026879791
38978,0.8836098966375197
38980,0.8224286502864004
38981,0.4529367153677492
38983,0.25980501687257657
38985,0.5026761435974773
38986,0.396658069698029
38990,0.9135445243621253
38991,0.35036065608399797
38992,0.8735443086037026
38993,0.5142189165591415
38996,0.6605891775271024
38997,0.5509205227823805
39000,0.6402272408741579
39001,0.6257071080351823
39003,0.8476920455088772
39006,0.1594979128009655
39007,0.5379960116306329
39008,0.38588102513646605
39011,0.20284799886819566
39014,0.16178427753139477
39016,0.1110166848028853
39017,0.8752793973219082
39019,0.3859936671153097
39021,0.2718711752844734
39024,0.9533111767577922
39026,0.23113467441392405
39027,0.7529442548557057
39029,0.659190906431309
39030,0.3605567546886837
39031,0.8671234906248327
39032,0.5230617236760218
39033,0.6559822639039293
39035,0.3688036572823984
39036,0.20809354659651702
39038,0.46148928272161255
39040,0.3828363224613266
39042,0.23473910455028713
39043,0.5942756321966304
39045,0.4528708580447636
39046,0.2731837913541012
39051,0.2552458659842649
39054,0.29469092686283255
39055,0.07865522139625356
39056,0.5557440343239861
39058,0.54357505107656
39060,0.9384686533611488
39062,0.2568620266538245
39063,0.6977060798622243
39064,0.509540921296196
39065,0.4070910038112481
39066,0.22080245224239725
39068,0.7994444810882185
39069,0.43685337924210677
39071,0.5936996848472483
39074,0.793835903227444
39085,0.18574548568157334
39087,0.8021426795756526
39089,0.5379684621023549
39090,0.8508433533345158
39093,0.686600843088206
39096,0.3796841830636207
39097,0.8095079003644993
39099,0.13538747492584238
39100,0.6726562936842079
39101,0.21610959927601928
39103,0.8241618122310894
39104,0.20710450069589809
39106,0.3090608982770994
39112,0.2982124086349847
39113,0.6155684200768767
39114,0.5741933916705588
39118,0.686035133821188
39119,0.6448860307930457
39120,0.7059808987264111
39121,0.24961186751162395
39122,0.5186686460992562
39123,0.713102266726774
39124,0.5966851443598646
39126,0.1639008656637574
39127,0.7470789282902712
39129,0.27484916877844284
39130,0.8482260354128381
39135,0.15787210160743126
39136,0.8200989025194053
39139,0.7713660708338446
39140,0.1770026030162258
39141,0.7322216998412929
39142,0.42616316983283764
39143,0.7900889014528434
39145,0.5902445281344609
39146,0.6432148107342969
39151,0.6452316391949716
39156,0.4571950641976006
39158,0.25825072352768147
39159,0.2798957513203143
39161,0.7079342624847407
39162,0.4022855637348241
39164,0.11163128128108596
39166,0.9181558421522384
39167,0.8306504916819839
39171,0.24133463323125418
39172,0.4084859923764527
39175,0.6630017500701753
39176,0.8346480468083693
39180,0.5115577938995665
39181,0.9303097977290626
39183,0.19216821478220306
39186,0.31035415184461473
39188,0.6987998644045721
39191,0.19883877204660824
39193,0.7468388925449287
39194,0.12569002369789545
39195,0.9641599506777989
39196,0.5494181035633867
39197,0.9295467197509611
39201,0.9818071196851013
39203,0.1342638711481061
39204,0.567910505396694
39207,0.6856400158463178
39208,0.4281501874232677
39209,0.7035674630923634
39211,0.8365155111021461
39213,0.6425382440829258
39214,0.8074378761801151
39220,0.3785649333519892
39221,0.18733748997945499
39223,0.7761533535673307
39227,0.4954915469815429
39229,0.3708061740094638
39233,0.3066799213397317
39236,0.3871555789667923
39238,0.7699899441444485
39239,0.6539982284819652
39241,0.35113199133521034
39242,0.6347255979402706
39243,0.40169983443213514
39245,0.2402474645297682
39249,0.6619098462888188
39250,0.40400739813297604
39256,0.9298412586450294
39257,0.3150936528031483
39258,0.816086776679337
39259,0.912157872507718
39262,0.47713086934279403
39267,0.5617902641038676
39268,0.2846202438734809
39269,0.3986524840593388
39272,0.3216946113850057
39277,0.4217772700974431
39278,0.610850019247628
39279,0.6552163529866906
39280,0.7182776977043925
39283,0.758812546078385
39287,0.13629272155131997
39288,0.7492846526741725
39289,0.769429764855871
39291,0.19371401208585537
39293,0.8729877805436742
39294,0.6137265461539732
39295,0.10748016269285003
39299,0.7559074238009446
39300,0.843469496836601
39301,0.38922999705974554
39302,0.14108718813167662
39303,0.05471785272307917
39306,0.6667857560621899
39307,0.4727792177249172
39308,0.4946894512692501
39309,0.4731824517337374
39315,0.37047148890839243
39318,0.3759183107216002
39319,0.15601446059528107
39320,0.3226277300058157
39322,0.576576197228811
39323,0.8553480305061321
39326,0.8174748972618088
39327,0.38521128848529446
39330,0.6553600690852257
39331,0.5629880442314086
39332,0.11350670106673766
39334,0.009013527202070163
39339,0.3273707931618052
39340,0.6173732497165525
39342,0.16099232833092825
39344,0.8954857657919053
39345,0.27350537066519426
39346,0.48420050651833546
39349,0.8271197152658785
39351,0.5040778734046681
39352,0.47901627130218527
39354,0.8969886168797238
39355,0.8185909096231306
39357,0.34199863705279954
39358,0.5027599061351182
39359,0.6444831915984843
39360,0.28896468929104013
39361,0.45736522636409566
39362,0.5051723432807294
39363,0.2911045165382183
39364,0.5846134394847023
39365,0.43113919045939986
39366,0.2928161976107457
39367,0.9187011015265211
39368,0.22642429670890657
39370,0.9778422886462361
39372,0.8550324419554817
39374,0.39396574523512795
39377,0.12013370881752389
39378,0.8007628704546028
39383,0.2618141517466944
39385,0.5040628054162362
39386,0.21789085258494803
39390,0.42558764252499776
39391,0.8321993092146807
39393,0.6649034022370378
39394,0.3148310978405296
39397,0.13348227880842103
39398,0.568421384684255
39401,0.8304191757237546
39403,0.448695563859719
39405,0.5063330511758054
39406,0.3766502143603696
39408,0.6837421618834092
39409,0.5492863351816234
39410,0.21526074655543864
39411,0.6138884587478118
39413,0.31414131247120414
39417,0.7435043226003418
39419,0.3652861832185173
39420,0.31171951145026183
39421,0.44345252870075014
39422,0.10100716879869871
39424,0.15723541776938899
39425,0.34021155220477795
39430,0.27386013511405116
39431,0.6664627348539909
39439,0.7267744623587012
39441,0.27282358075146196
39442,0.6381447610416783
39443,0.13953125842414885
39446,0.5553923161271116
39449,0.754796659792476
39451,0.46790086830452143
39453,0.1297773678290787
39454,0.8621790342140492
39455,0.13969028397259786
39457,0.35848262456056024
39458,0.9265236270198003
39466,0.5528485349753347
39467,0.2383699912576691
39469,0.5498771148970865
39470,0.6164383654386374
39471,0.8811018177418491
39474,0.8211092801094931
39476,0.3177946989236639
39481,0.4998130519543734
39483,0.21314252478341436
39484,0.33416758976332217
39485,0.5297995358024048
39487,0.6319579653963876
39488,0.9567253010391251
39490,0.8841838634558525
39493,0.8201973111422218
39495,0.7255386839896251
39496,0.8319291284188194
39500,0.8222344350777366
39502,0.6566893137840591
39503,0.2500104012852663
39504,0.7284026083378906
39505,0.3942124962540084
39506,0.22995544893067915
39507,0.7478951333650925
39508,0.22277678923925107
39510,0.2545652525073893
39512,0.3397313715730224
39518,0.4458404778148656
39519,0.2437046388003368
39522,0.8560159821207504
39523,0.14039993825044322
39525,0.6401810202850222
39526,0.5896529525058123
39527,0.8558896071706977
39528,0.34534417500774645
39529,0.4855579355022432
39530,0.6672548190722687
39532,0.6535638787291191
39533,0.6968361456578505
39534,0.8792920099513626
39535,0.3703481614704502
39536,0.4640902755186772
39537,0.8456618202367276
39539,0.07940564745584794
39540,0.776617464349251
39543,0.139806071782111
39544,0.4155422621063631
39545,0.8881303708247477
39548,0.16957062984406834
39549,0.8282357647765412
39555,0.42507347836578024
39556,0.3937934974373249
39558,0.37310260167817566
39560,0.23481395425739754
39561,0.465520656129668
39564,0.504315725865209
39565,0.32399961588692194
39566,0.8123859088361116
39569,0.9341106639432668
39570,0.25410845223459694
39572,0.1664572904700655
39573,0.09086511623972106
39574,0.7277730515321591
39577,0.4632558889628565
39578,0.691746512711158
39580,0.15487617078149
39582,0.9618351446994953
39585,0.8334487081999574
39586,0.320483908416838
39594,0.4958867462704355
39595,0.6683668227944944
39599,0.39866573675604805
39602,0.3280651042329176
39604,0.07534989808335235
39611,0.27614937038612164
39612,0.2034389903846319
39614,0.6767428497574672
39615,0.09143821058951937
39616,0.651080000333579
39617,0.11587811817178138
39619,0.6935042817358194
39620,0.12436727433030835
39621,0.6557109962286922
39622,0.566967811502538
39623,0.5275720021068125
39625,0.21777905795001978
39627,0.24500490173213857
39628,0.9339959548942111
39629,0.6677876898794642
39634,0.3592132223385959
39636,0.5245016745857227
39638,0.40328293686299727
39639,0.8021703609615867
39642,0.1243274328581263
39644,0.42247591427078574
39645,0.18014803297102666
39648,0.23800044823220737
39649,0.3913721272332178
39652,0.9843436478590755
39656,0.26620316965744584
39662,0.747361838890763
39663,0.9128326485342869
39664,0.3388166192059181
39665,0.24308998211689112
39666,0.7671714146757842
39669,0.11733229830409425
39670,0.1158491649494707
39672,0.474734218127315
39674,0.37048206033318765
39676,0.7844901756102463
39681,0.6547468004282747
39682,0.5280116331048834
39684,0.47620516813902203
39685,0.667329560525768
39687,0.33498226168124023
39689,0.2863289334958107
39690,0.10710950872782031
39692,0.07674651598157001
39693,0.7529082545938074
39694,0.929200966287692
39695,0.6459252228020296
39696,0.2380919457159593
39697,0.09603745590102296
39700,0.3777859872479095
39701,0.2541805195767109
39702,0.6164853249451705
39704,0.4100737449927253
39706,0.38725952418628945
39708,0.6110892348978582
39710,0.33667993977729493
39711,0.8079631071391692
39712,0.30406179557777063
39713,0.12635332293054533
39717,0.5740059444457359
39719,0.6196282547772812
39722,0.594842829125589
39723,0.26622891917247177
39724,0.5049021506698099
39725,0.5787300493218438
39727,0.25236274843921036
39730,0.8190834149863524
39733,0.7865323690068861
39734,0.7757898211736795
39735,0.6951583604383463
39736,0.53695872963343
39740,0.8761346291077486
39742,0.29561829365414793
39743,0.296816703317847
39744,0.5436261453715764
39746,0.7227235692198076
39747,0.378519420247834
39748,0.6007559420737096
39750,0.07957997318148184
39757,0.7406335035888295
39758,0.13384977024786338
39759,0.7873558127227143
39764,0.8225345116256262
39765,0.540812346194276
39766,0.22692290942693896
39767,0.29269365711127354
39769,0.38161613624029267
39771,0.38378146727683454
39772,0.8026663603376929
39774,0.9202244662820658
39777,0.869536847690376
39779,0.4313856021212794
39780,0.5621901937392557
39781,0.5372580191030127
39782,0.5826683685492196
39785,0.562367612990538
39786,0.16976899429602482
39788,0.9467623847711323
39789,0.8472795984275265
39791,0.7525053922090159
39794,0.6966771391182254
39795,0.40835061352053303
39797,0.822712507846766
39801,0.08386303993638608
39802,0.7767483502093778
39803,0.562583960600574
39806,0.6239034856585154
39807,0.6540112538080153
39808,0.7071034082808685
39809,0.4735209108234209
39810,0.3714450891588934
39811,0.7546055309433148
39813,0.6261871256540351
39815,0.6275603215899518
39816,0.1849853742396254
39817,0.1903882313525871
39818,0.7683433104775363
39819,0.49981288697907084
39821,0.7796288590440271
39823,0.6705161774849715
39824,0.7538357364023561
39826,0.8894965236946146
39828,0.21681871243569315
39830,0.7856634268478628
39831,0.5758912390430615
39834,0.5944624253420899
39835,0.9029550489194719
39836,0.8891292478920227
39837,0.5566313417745481
39838,0.7119719851372346
39840,0.4952425246392945
39841,0.959937783655453
39843,0.6425591970213564
39844,0.6417637500637944
39845,0.905505122585878
39847,0.3671180768545191
39849,0.500839043153089
39851,0.21291698516938892
39858,0.6894890999039162
39859,0.4774596861107067
39861,0.011091075951785295
39864,0.3023681408523302
39866,0.07357688524716173
39867,0.3672878842253109
39869,0.4582295162845758
39872,0.490017124274862
39875,0.14088249617749718
39877,0.7355866182551061
39878,0.7605816823697403
39879,0.3036806499885045
39880,0.8569190737349485
39881,0.7597730408557961
39883,0.6031555737648623
39885,0.44490115206672076
39886,0.4784044478346777
39888,0.15889626449964017
39889,0.07175668817745204
39893,0.44405794450733066
39894,0.2259107671201977
39898,0.6164831179882805
39901,0.7108171416163523
39902,0.6382660768828955
39903,0.9147033228221173
39904,0.5387469474202229
39906,0.27833020752340165
39908,0.1717081098787378
39909,0.6220218150110701
39913,0.14308264198659326
39915,0.2348257936920897
39916,0.5935702628878968
39917,0.37549221511503494
39918,0.441510647639125
39919,0.21991000633816324
39924,0.7682490358881173
39927,0.8279395283174855
39929,0.27829803830223765
39932,0.5912509879705341
39933,0.5833388783216512
39934,0.6162078344836956
39935,0.60030864654761
39936,0.20763642153985054
39937,0.5037195555103527
39938,0.32260320932928327
39939,0.40787823534792794
39943,0.7028037076682937
39946,0.4307997326541288
39951,0.4722071639622436
39954,0.6250762157277036
39955,0.6757087610206287
39956,0.6392175534196057
39957,0.8227658217082194
39960,0.8406866087656862
39961,0.49106316611928674
39962,0.829572417171827
39963,0.3167473861281921
39964,0.16829187095720996
39965,0.43097281700489193
39969,0.6152397194275648
39970,0.23831813457956597
39974,0.063850771777227
39975,0.30217450813281505
39976,0.7738791274337101
39979,0.7316308866719865
39980,0.8116976305155226
39983,0.19881390521876594
39984,0.8472126917809862
39987,0.7285697964785658
39988,0.45313720682522396
39989,0.7672347955916611
39992,0.7187241505796874
39993,0.22443634546946015
39994,0.8103993080684322
39998,0.37337675450648294
40000,0.6703230237484714
40001,0.20390904218835434
40002,0.4751879383115339
40004,0.12558273295528008
40005,0.22501924322011363
40007,0.864276091184293
40009,0.8524066189460043
40010,0.7578153502327435
40012,0.4278626468000069
40013,0.4234894571951035
40014,0.6839012510698858
40017,0.2414050979927743
40024,0.8013772659114233
40025,0.48466984725470674
40030,0.5491668710246377
40032,0.4783109066282147
40033,0.8223251100805565
40035,0.6145763026248613
40036,0.5463871414637961
40037,0.5306044816721027
40038,0.6879754750741669
40040,0.590758200714158
40041,0.2003975447825306
40042,0.8193847137814427
40045,0.6314512353733902
40046,0.6517924161609194
40047,0.6467110199556513
40049,0.5042464353117273
40053,0.6822222655680857
40055,0.9586662888786063
40056,0.20999473908337943
40057,0.1546866836901266
40058,0.853252704355161
40059,0.8326736701784415
40060,0.3981874396749711
40062,0.20565019849810748
40063,0.4886420241002275
40064,0.47490953169937195
40065,0.9008239745256814
40071,0.6405495319724284
40076,0.19286873044767042
40077,0.39433709678583345
40079,0.21073797326006938
40081,0.4567543465946777
40082,0.8229327827218118
40083,0.6162012389883924
40084,0.4715062675344862
40085,0.5529526629951844
40086,0.2358291318225044
40087,0.8150165297432203
40088,0.5748798015441532
40095,0.3134068803366927
40096,0.49410324657078597
40097,0.42146165063746416
40099,0.17768219442808136
40100,0.5477911737911939
40101,0.6067595972212337
40103,0.2440355382071196
40107,0.5923430698085258
40108,0.6018703569636512
40109,0.8452769927701043
40112,0.21977258572845365
40113,0.29510480043301907
40116,0.9522808492325184
40118,0.23838552493766754
40124,0.5660852086628034
40125,0.05954837424906989
40126,0.11317256728376392
40128,0.05311292608812738
40129,0.2139899131664798
40132,0.7503428122354129
40133,0.4486807666855537
40135,0.14981573119288635
40137,0.9139145255411165
40141,0.2997935494260548
40142,0.2741657909699809
40145,0.7520652621478242
40146,0.25257662350136023
40147,0.758089419687611
40150,0.35843007759320367
40155,0.5212660046986771
40157,0.47252632545567985
40161,0.5004339032219448
40163,0.6932093863251737
40164,0.27601069718706744
40165,0.27335464247775854
40166,0.5444895207070399
40168,0.5574445500777377
40171,0.5847282014444666
40173,0.39850383737580525
40174,0.04415369531997582
40182,0.04710063600418442
40183,0.8461623942960977
40185,0.7287929786183815
40186,0.43254859317269273
40188,0.07140859398596901
40189,0.12628719922402692
40190,0.8881210233793805
40191,0.08250800394708607
40193,0.6658191465000219
40195,0.05922764005344382
40199,0.8420481190019232
40202,0.24929803847185122
40203,0.4413961322143508
40204,0.71231251314664
40206,0.766815580708379
40207,0.6089732160991297
40208,0.5292296020088706
40209,0.5490376133594242
40211,0.6742706758023032
40212,0.6321985181837381
40213,0.8994418057983079
40214,0.8851821707716458
40216,0.6747003364170403
40218,0.5784752724333666
40219,0.0868620744393042
40221,0.553719045531694
40223,0.7138262109277045
40225,0.5892034447744128
40226,0.36414600064812935
40229,0.4793179750079929
40231,0.4757867759540065
40236,0.11741204061198518
40237,0.4463993673367693
40240,0.344107536886521
40242,0.13758092826689786
40243,0.534668501515528
40245,0.39689087294711617
40247,0.23411917605162388
40250,0.6882022346172699
40253,0.7839072643210461
40254,0.0960506608059103
40256,0.24472983664279177
40261,0.21329897323274732
40262,0.8881116586352625
40263,0.4934660178365122
40264,0.3896948813493343
40267,0.4908064615111908
40269,0.6301832680696249
40273,0.3148366430791872
40276,0.49689125274554535
40277,0.5538093423879851
40278,0.8138890673949495
40280,0.33409724327643686
40281,0.9121190378181404
40283,0.5137829144859787
40284,0.4447039230998159
40285,0.3651866609369133
40286,0.3351807829992997
40291,0.5350455494305201
40292,0.5793085216042518
40294,0.5288673079958335
40295,0.5895888997716924
40298,0.3674152365118341
40300,0.3712879012870241
40301,0.7180997429753868
40304,0.45235539672552466
40306,0.027174080515708163
40307,0.2888344252599922
40308,0.3918768067681081
40309,0.49013112382688245
40312,0.6329598210926308
40314,0.4857574503924721
40315,0.41810138995706464
40318,0.5192904782999441
40319,0.8829478811473919
40320,0.48749488751913195
40322,0.45785967054403154
40323,0.2751461521786222
40324,0.8966914954407021
40325,0.6808065050435158
40326,0.17753901609917216
40329,0.47427024978113014
40330,0.7947021667575916
40332,0.6717737782515888
40333,0.34829792240390484
40334,0.1410665564163822
40335,0.7039481665473407
40341,0.33770991441240095
40346,0.37581787132723393
40348,0.5641057125525187
40349,0.08246814661315482
40353,0.3906491580211568
40356,0.396454447010014
40358,0.4451323269179128
40359,0.2956109375292192
40360,0.170317144037488
40361,0.32353684988846276
40362,0.4888411675579061
40364,0.1443814540008416
40365,0.557402219463097
40367,0.1325880431320739
40368,0.518996773997801
40370,0.8366346942856472
40371,0.045788444962004855
40372,0.0690476362375968
40374,0.8800597000885609
40375,0.7642918956050836
40376,0.34378622128911496
40377,0.07863501623970119
40378,0.4758883695643369
40380,0.338842257606721
40381,0.24627123727317235
40382,0.29194363086596825
40384,0.5810503919354809
40385,0.20746226462701
40391,0.2623305934957446
40392,0.36020072659259417
40393,0.06185068290379013
40394,0.8939416008629998
40397,0.181782392206243
40400,0.1915504471299995
40401,0.029583184078064775
40403,0.8561856733312909
40404,0.16253878952316608
40406,0.39489450825529515
40407,0.1945588509974332
40408,0.6208216492191001
40413,0.6281570937635066
40414,0.39153518302322715
40415,0.81971028035267
40417,0.6263784309400992
40419,0.21019992942162205
40420,0.25446787800739407
40422,0.24334512108449186
40423,0.26551500717916376
40424,0.5863665479737481
40425,0.5803077032162508
40426,0.5944185043862911
40427,0.5140766570963604
40429,0.46317857122780004
40430,0.23559896486424176
40433,0.2979680289515727
40434,0.551570796455328
40436,0.874050295457245
40438,0.5711925591238495
40442,0.502027188950819
40445,0.8484859652470036
40447,0.6018030402071874
40448,0.16032167606633183
40450,0.6596813206687123
40453,0.8025493826925278
40454,0.05257268281948988
40455,0.420980536162288
40457,0.61145368578247
40458,0.31046744518923647
40461,0.4829954245651307
40462,0.3352682277403879
40468,0.769547944601657
40469,0.9322270795321521
40471,0.6124465441725415
40472,0.31845397519544455
40478,0.5648051118236656
40479,0.5193601373319846
40481,0.8705554919676891
40484,0.684106324304979
40485,0.4118071082204144
40487,0.4438719883804534
40489,0.19809528309726632
40491,0.9674151278118525
40494,0.6331948296901494
40496,0.4519941081585982
40498,0.7076265536009725
40501,0.6261124923755389
40502,0.9028371631502088
40503,0.24407876525638908
40504,0.48294129841202843
40505,0.378743859730606
40506,0.4605223405566067
40507,0.11856855841576336
40508,0.4831257190546596
40509,0.31629948676765346
40510,0.7634085406471766
40514,0.4176458947932732
40515,0.24383124141359788
40516,0.9403985881459694
40517,0.6073885952478383
40518,0.5743038488963184
40519,0.5270649895386911
40520,0.7267478596871202
40524,0.8968437944228894
40526,0.78317723628873
40527,0.8721910566854765
40528,0.3140088784510339
40529,0.9471495073630413
40531,0.6392447301453383
40532,0.9597340861028235
40536,0.4862388487552808
40537,0.4125535431867955
40540,0.23173455345196722
40542,0.9506918000173884
40543,0.7590886595535716
40545,0.774502902721118
40546,0.732942608463653
40550,0.6240224050266165
40551,0.574268740607807
40555,0.328519492063913
40557,0.2583378915004561
40559,0.1475025760722258
40560,0.6100338711554566
40562,0.35910004679316015
40563,0.7709108469494863
40564,0.34971595801184907
40566,0.6318510077256841
40568,0.2975782986532944
40570,0.11817004762422922
40571,0.3034939797140736
40574,0.03829105237767534
40575,0.34104577392819063
40577,0.4253043166852621
40578,0.6075797570989103
40581,0.7971347541457827
40587,0.21337007617316323
40590,0.9135053282855243
40591,0.39117796545154376
40592,0.44495105278681585
40594,0.666689233212546
40599,0.17135380289518878
40600,0.9504070412747402
40601,0.6467342763169274
40606,0.578805771067127
40608,0.7001272420874556
40609,0.6803212463538518
40610,0.5718967611356413
40611,0.8895569131567729
40612,0.6682887960304584
40613,0.8864012855425187
40614,0.18653419144282762
40618,0.1510883552150631
40621,0.6766801146537286
40625,0.5945470672470978
40627,0.3425679071041984
40628,0.2174319977354511
40633,0.9305141327612868
40634,0.08512588738610942
40638,0.5732428955684812
40640,0.5769878127212897
40643,0.5766459183700324
40646,0.5852091639303078
40648,0.24146003784685374
40649,0.2998138847495576
40651,0.7153934746784432
40653,0.316393220484386
40654,0.5144358622311965
40657,0.3826942435389477
40658,0.42072960114421193
40659,0.6180054745071992
40661,0.842678331237787
40662,0.6917033169929026
40664,0.26293584511862894
40665,0.918056377423057
40667,0.4389693662864197
40668,0.7504489972279798
40669,0.9414177370672652
40670,0.9532098348494474
40672,0.27415633009076834
40673,0.7379025084890493
40675,0.5737726466014166
40677,0.5715057570448516
40679,0.7445865130051773
40682,0.5114844153030169
40683,0.2634491261638109
40686,0.5323367003828079
40688,0.3279061734809068
40692,0.6818869187849209
40693,0.836242379986604
40694,0.3506692908743869
40700,0.442485331893292
40701,0.21118176320331616
40702,0.054126091690779636
40703,0.7533000953727024
40707,0.15930472831840717
40710,0.8072351895693226
40711,0.7176428203092566
40712,0.4198454648390382
40721,0.27179402568182676
40723,0.35697811662227286
40726,0.34823506926437603
40728,0.577705584776465
40730,0.278285543123867
40731,0.2672076012727276
40734,0.797764684066079
40738,0.16059373658165838
40739,0.5451479771415608
40740,0.8346687520801582
40741,0.6475564486518814
40742,0.8803199724228685
40746,0.3066225686929269
40747,0.475395982654907
40754,0.4023258618608221
40756,0.23730868776228048
40761,0.8432952522373794
40762,0.16831381776568274
40763,0.9096501779446315
40764,0.5259958215129239
40765,0.7742522366863474
40769,0.5367816348067842
40774,0.8105530877583829
40776,0.6359894080086882
40781,0.07824182649346974
40782,0.23069636320183434
40783,0.9109125273170805
40784,0.8040459926660436
40785,0.3752032504043233
40786,0.34400327301564837
40788,0.6682153914681315
40790,0.5873519072689417
40794,0.7964905693084099
40795,0.5608465461834075
40800,0.23594696171061652
40803,0.7164147406829976
40805,0.35080436610012744
40807,0.6329155396040534
40808,0.4554032359657182
40809,0.0765715533754833
40810,0.5937047636482837
40811,0.277558907252311
40814,0.6129498994892058
40817,0.2706471478052004
40819,0.15796929626570863
40820,0.8252982739716201
40821,0.5401001783452362
40826,0.03716745454522983
40827,0.7031652038404156
40830,0.06346751983499659
40833,0.8369672981546677
40834,0.7962051257712912
40837,0.6818027979678987
40840,0.5144586849737212
40841,0.10030321348395292
40842,0.043382645066369345
40844,0.526935331147686
40846,0.4614993482232023
40848,0.9265967315418261
40852,0.3983825366274183
40853,0.9664742658908664
40854,0.1918979505448612
40855,0.8296815745539092
40858,0.20424257895992937
40860,0.2940613558008873
40861,0.6859714999069605
40863,0.26242454349610267
40864,0.5002177799150676
40865,0.5210215059441059
40867,0.5109862177532616
40868,0.33791032395518295
40870,0.4290607421768532
40871,0.3792756794167535
40872,0.06638924305260206
40875,0.3116178838917933
40879,0.2943560170195031
40880,0.8605598219799249
40882,0.8251006103855104
40884,0.7620588929319152
40885,0.9477987381787744
40888,0.4044020935793875
40889,0.7701043325175969
40891,0.6448048365864757
40894,0.7392618849429231
40896,0.7871713405188927
40899,0.8188138968020433
40900,0.47909475744150065
40901,0.6970338570382599
40902,0.45914796913346034
40906,0.4327150179051921
40910,0.5771318737846829
40912,0.9471392131495443
40918,0.6319056976673102
40919,0.6671991952977387
40920,0.4940104221009672
40921,0.20691438583354488
40923,0.5723707839673464
40924,0.9373595366411037
40925,0.34279674961788387
40927,0.5620209636872388
40928,0.5883305621946783
40930,0.8200540079762609
40937,0.9483938042503138
40938,0.5937508317915129
40939,0.3723101465917001
40940,0.3238912983125062
40942,0.373302983145148
40944,0.7425556474860109
40946,0.42695662442730287
40947,0.4940035132567802
40948,0.9191323762687833
40949,0.4898684006815001
40952,0.6235202584581971
40953,0.702870565782782
40954,0.4933466541676649
40960,0.6944800186473064
40962,0.39132603700700935
40963,0.18910177273802334
40965,0.1568624373523315
40968,0.7252829985211393
40969,0.4505484625085227
40971,0.23490581129918736
40973,0.8363667558012442
40974,0.3219345852421559
40975,0.24909013383039494
40978,0.8892640324079646
40979,0.4853182823318991
40981,0.026661407070964923
40983,0.3086631351501231
40984,0.47774013679022265
40985,0.5061180384754624
40987,0.763268932215787
40988,0.7834746405482715
40991,0.8354431568894838
40996,0.562538593332984
41001,0.8475441459853089
41003,0.7935090306771101
41005,0.672735495402301
41007,0.6861637258991647
41008,0.07390622799658275
41009,0.33260605424986756
41013,0.10024369693768198
41014,0.34906891206670915
41016,0.8933383694241183
41022,0.43905700893721433
41023,0.16099798561369744
41025,0.8175846598611789
41027,0.8939685719953396
41028,0.3260793359625068
41029,0.16306755372471876
41030,0.849624784659493
41031,0.5803262083469605
41032,0.6543868069237442
41034,0.5926674721246719
41036,0.21528162703401088
41037,0.8684796458383501
41038,0.5774968606188048
41039,0.6391509326506709
41040,0.33257703302798447
41042,0.3529137641332433
41043,0.6767389622237879
41044,0.45630274476518123
41045,0.13394576858545046
41046,0.6307157568567112
41047,0.5266917240752429
41053,0.5225521907444688
41054,0.330574579270731
41055,0.42893500456251277
41058,0.3820987006566176
41060,0.7481226473842506
41061,0.29785732409488386
41062,0.5847611073423014
41065,0.4027845245225412
41067,0.4897664195999452
41068,0.5875430597561837
41070,0.699174634270671
41071,0.21541043187169742
41072,0.7193409461170213
41073,0.5008686628303162
41074,0.6015333283734114
41075,0.7489084497891445
41076,0.43841269593299403
41077,0.7927295115577803
41078,0.5763002972505356
41079,0.8356288276048374
41081,0.8394221949745638
41083,0.7680455027599932
41085,0.7047422926872582
41088,0.617106390810502
41089,0.7437558165628708
41100,0.2099113348460354
41101,0.2848655025352668
41104,0.4165038279647708
41106,0.14627804653659782
41107,0.6279565953390461
41108,0.8275204589351559
41109,0.8093143600894189
41110,0.4088853128943783
41112,0.42176902851079334
41113,0.39014057684840303
41118,0.7289916828230225
41120,0.29391949503705167
41121,0.5120577456459791
41122,0.32139874360275444
41123,0.8187331902241947
41125,0.3168482796835348
41128,0.3548306878093521
41130,0.2170506036360344
41133,0.8407276964224792
41135,0.22523922116220904
41136,0.6043119526774242
41138,0.9400042682484132
41141,0.5097150261636142
41144,0.8863538319863349
41146,0.8147400725287923
41147,0.6149878952087164
41149,0.7415214400919343
41150,0.7503682985044872
41152,0.19789642564303533
41156,0.40274459943545504
41157,0.645717395849754
41159,0.5367720120957945
41161,0.6803232211597057
41162,0.5458016407904347
41167,0.5224813737102926
41168,0.41048847117928217
41169,0.6891534834090104
41170,0.9248550224113048
41172,0.8245810488587635
41173,0.8805819744280536
41175,0.7166436851061107
41176,0.35434854086087886
41178,0.3184922817677336
41179,0.5239917168758373
41181,0.7453146047028626
41184,0.7272453581557273
41185,0.3819466598022535
41188,0.41160617096677193
41190,0.21097913426157164
41191,0.29411022791047914
41193,0.41130086031753726
41195,0.7025781499762158
41198,0.3667341712915072
41199,0.2921644961932386
41200,0.4693433157261655
41201,0.23801330459473183
41203,0.3091955102184944
41204,0.6106085417134524
41207,0.5820686704084816
41210,0.31828972419320406
41211,0.7662311489712167
41212,0.49684869853135244
41215,0.3070425762897393
41216,0.8957051983223357
41217,0.7992002035842812
41220,0.5488405457039292
41223,0.4028703348435206
41224,0.8128247334565007
41225,0.8255825579989293
41227,0.5269268453757887
41228,0.49408170690394243
41230,0.5245361891694688
41231,0.16221143344231762
41234,0.1110748958690176
41235,0.5740081598680294
41237,0.4229540073586819
41238,0.42918090389089464
41239,0.6612698700315157
41240,0.9477156891244202
41241,0.29079120840240635
41246,0.6878845356573018
41248,0.785155411570931
41249,0.3593936438164738
41252,0.6691024961306207
41256,0.5810106919241809
41257,0.5921734601420691
41258,0.623341139208965
41259,0.6568845220847475
41266,0.680122038363376
41267,0.5851448159620867
41271,0.1452050200244979
41272,0.1756620529906472
41275,0.5908976042615812
41276,0.7702190075854853
41279,0.5784669139823125
41280,0.5142741902498481
41281,0.6247437895657005
41282,0.5098988802299264
41283,0.2568493424459707
41286,0.3311522302162329
41289,0.5644233500585166
41292,0.3447903132002528
41294,0.32010819684673153
41295,0.11574225554007364
41298,0.7986025198957599
41301,0.17182020454498476
41302,0.7953819885507607
41303,0.830069632128474
41304,0.24598666867298827
41307,0.4594669868569486
41310,0.7900232434573417
41312,0.7776064097559491
41316,0.8212880179192447
41317,0.515512989333658
41318,0.8458903738728609
41320,0.41294727300127504
41321,0.2817990535483653
41323,0.718220892791466
41325,0.3189968967331847
41326,0.23771092706448715
41327,0.22562683638268524
41329,0.5357716920692075
41330,0.23237085790888243
41332,0.3638968614096588
41333,0.44286337596890635
41335,0.9049922174541968
41337,0.7451732153752828
41339,0.5642222409577332
41340,0.4581044292896236
41341,0.5732793917623821
41342,0.09195864026639843
41343,0.3429864440140387
41344,0.7742465153168349
41345,0.2832836900857185
41347,0.6331303049740383
41348,0.6173321083441305
41349,0.20625007091359437
41351,0.2633922505377819
41352,0.20054764529799116
41353,0.8951226570328373
41358,0.8984264909108678
41367,0.16594933768242662
41368,0.8376584532097524
41371,0.8044447851916979
41372,0.2375302532955027
41373,0.4900404192101085
41374,0.19768689287154093
41376,0.4297608566377708
41377,0.27191471155979735
41378,0.515839158623084
41380,0.8831491664184433
41381,0.2932079735427738
41382,0.5553883525854404
41385,0.33662365128537475
41386,0.9057117596499009
41387,0.8022001399583661
41390,0.461790683399477
41391,0.29059287347617235
41393,0.5493848544525558
41396,0.5667925147303732
41397,0.43744494719175
41398,0.4129233277580661
41399,0.6137010130503249
41400,0.7308305196892766
41405,0.4201272076821622
41408,0.11247089836230093
41409,0.6208791566233034
41411,0.8368375108328828
41412,0.9140760681951834
41413,0.22185276279822652
41415,0.7534073540892591
41420,0.6723832768124166
41422,0.27546946232469083
41423,0.3638602286083788
41424,0.22680401847550588
41426,0.6308076007709801
41429,0.6519077436821613
41430,0.9123653285380113
41431,0.7997781752749383
41434,0.3850204736020689
41435,0.3234199289237698
41436,0.3591483576671477
41437,0.689003139303176
41438,0.17759892280643552
41440,0.32641207953384455
41441,0.34839701635585923
41445,0.3096243966648658
41448,0.6655787762728944
41449,0.39961916606209463
41450,0.36585126926268097
41452,0.29795521477243364
41453,0.655465100193421
41454,0.49540789380343847
41456,0.4709447254059563
41458,0.23614475864811557
41461,0.9213936906442708
41462,0.027796135349827392
41463,0.317362696359977
41464,0.37934019126132845
41465,0.6616230137406188
41469,0.09466588476998912
41470,0.6518929157927178
41471,0.6141153833085478
41472,0.22763782942730637
41473,0.11379935171559714
41474,0.28293946093235256
41475,0.599074890947787
41477,0.3721927753136981
41478,0.9487718739287143
41481,0.18343837891338255
41482,0.7836361913220632
41484,0.6896573376540382
41485,0.13997842486516582
41488,0.20481718586555495
41490,0.5240700883497503
41493,0.11153841880976498
41494,0.8975356197857537
41495,0.5793285616103067
41498,0.3702410443600008
41499,0.8985291449288838
41500,0.2737662656624302
41501,0.7532809331459355
41504,0.642146354437249
41507,0.9025604345207625
41510,0.46067397897321644
41511,0.371938370254834
41512,0.46683657706343895
41513,0.24570698728740786
41515,0.5705827664390407
41516,0.9504733673632612
41517,0.2153410989879876
41518,0.871755210313745
41520,0.3732203689403088
41521,0.6513895899878916
41526,0.3198069796773969
41530,0.25103101842749614
41533,0.41799468775669707
41534,0.1022757976024336
41536,0.18204861147804696
41537,0.38188011954195833
41542,0.8246106104570863
41548,0.5052524913125096
41550,0.6815995882144809
41551,0.38710865341936906
41556,0.3510782737184304
41557,0.2735955088406762
41559,0.2532604403112908
41561,0.21413325175514827
41562,0.35053989856958545
41563,0.915113168910421
41565,0.7658192298673087
41566,0.7375225688124641
41567,0.7391924086300106
41572,0.6240334575709641
41573,0.48236843309460975
41576,0.4410706679764889
41578,0.7742813669914093
41579,0.5489518219014873
41580,0.3050693782850759
41581,0.35314336940633617
41586,0.4008317174180251
41588,0.5173304335217332
41590,0.6451671033404021
41592,0.4660371467998424
41597,0.5086789569329363
41598,0.31439258710627854
41601,0.4009382842321167
41603,0.7756593777735185
41604,0.1172892153607744
41605,0.14136875778371374
41606,0.4254770514168312
41608,0.5419747661753965
41615,0.5464621717503622
41616,0.3961009280841854
41624,0.5741505870907759
41626,0.814734559571939
41634,0.465012227901387
41635,0.277557219796714
41636,0.41863832900415443
41639,0.350355773808167
41640,0.9161249203818055
41642,0.6936970677975067
41643,0.10043916702847042
41650,0.6545403669259539
41659,0.20356953592961363
41660,0.5587032346943093
41661,0.3463678145060057
41662,0.8253298100841655
41664,0.505021704824518
41668,0.9509296202436309
41671,0.882374692850649
41672,0.7476875948310459
41676,0.7768821380585026
41677,0.6328873618914624
41678,0.4619094507847031
41679,0.38247493845101593
41680,0.24012679277703056
41681,0.5354579834473895
41682,0.7679068195983875
41683,0.3701519889883715
41684,0.5230245515897493
41686,0.41169459468379127
41687,0.28194845835359245
41689,0.9672772401372205
41690,0.2378966174695225
41691,0.5708256161410952
41692,0.7283033546595541
41694,0.36866631061207583
41695,0.7312201071430056
41697,0.11613333659987699
41698,0.33202837407283836
41702,0.4684302534001512
41703,0.7731611520823893
41704,0.4998311745881707
41705,0.7601290493497521
41706,0.09856729614724759
41707,0.3373130884158152
41708,0.23421451625163353
41710,0.5362665227667935
41711,0.3130655144522869
41713,0.8690349622708052
41714,0.14257052112717136
41718,0.5706409701800491
41719,0.6916825570407682
41720,0.9570991242677575
41721,0.16923760753662706
41723,0.43477764160280113
41724,0.15006851713791008
41725,0.4711272409930558
41726,0.707834944531843
41730,0.6500193979056619
41734,0.9286005484898001
41735,0.14903062944508183
41742,0.8383955671462423
41747,0.2296450216171805
41749,0.6101773024313727
41750,0.6614470963229621
41751,0.26847357373931474
41755,0.692623941471997
41756,0.7364815823542542
41757,0.28809127193006967
41759,0.7774999452520307
41760,0.5551152838664885
41762,0.8126811012807832
41766,0.7525450664143059
41771,0.8439173173612778
41772,0.6134081946497855
41774,0.5698534549901239
41775,0.28516310338009304
41776,0.4674097672853098
41778,0.7206712627022802
41779,0.7467051603595731
41780,0.3388548045987345
41781,0.12490239003680217
41782,0.6083423813697832
41783,0.17334119295245917
41784,0.6468703613003147
41785,0.6090465760226348
41786,0.764367574080624
41789,0.5445482688796257
41790,0.2749972439583148
41792,0.6701374525417483
41794,0.48949759834348694
41797,0.773547220318672
41799,0.716692032776339
41800,0.21581031563980146
41807,0.5584885988526583
41808,0.6060845754900998
41809,0.9477743226527856
41812,0.5553703992281657
41813,0.6501836981025975
41814,0.3246355619694591
41816,0.3231870842583746
41817,0.3907391059346788
41818,0.67775296667887
41821,0.6903961777169132
41823,0.425296254906108
41825,0.14147922097757595
41827,0.14209925665818365
41829,0.8281756152726001
41830,0.7373221535715453
41834,0.7696835341233024
41835,0.7479360906598531
41837,0.6854090738328311
41841,0.3783253942185459
41845,0.17903445636924287
41848,0.8752078410435806
41850,0.7644262776931672
41851,0.34986779282071945
41852,0.10701416783720949
41853,0.709399927259466
41854,0.8124817571623243
41855,0.8091587601369933
41858,0.5270876502784156
41861,0.5694326805169929
41864,0.21279057092515238
41866,0.47182083105378964
41868,0.294093661011219
41874,0.12929969500972552
41876,0.5171855032041912
41877,0.8222665931187926
41880,0.702880403643712
41885,0.5762519355824267
41890,0.41144169532364533
41892,0.8413655160826506
41893,0.5590079060265187
41900,0.7014431937241401
41904,0.663708158960938
41908,0.8576827423725809
41914,0.9157392338713392
41915,0.1834051671158392
41917,0.6035780008820809
41918,0.5815703670029158
41920,0.3340204164925584
41921,0.2655798617904083
41923,0.5896017915068311
41924,0.7586470368569698
41925,0.6482091429594484
41927,0.6821383104791849
41929,0.2455462902354314
41931,0.4724136629284412
41932,0.8619921500172477
41938,0.4585678143510734
41942,0.5027068298848987
41944,0.19036030398996243
41945,0.6310491459836957
41946,0.21535896812754723
41949,0.46595001618370185
41951,0.6618646335224423
41954,0.9704980663096588
41955,0.7309670231810891
41957,0.2510840734254596
41962,0.18747532753658652
41963,0.6504137495199033
41965,0.8011352179609441
41968,0.8757693885465353
41969,0.5033394811452032
41970,0.4947621680434806
41972,0.7053078404781027
41976,0.7596342062687244
41981,0.3880111433473964
41982,0.7377216994776734
41983,0.506114756332172
41985,0.49702127309282607
41988,0.4826538137739737
41992,0.7882399626507306
41994,0.9231138815682213
41995,0.4968295568148618
41996,0.47630788660932394
42000,0.527213641170327
42002,0.44009320157605347
42008,0.40535356816286255
42009,0.3656653679132469
42011,0.6463034279033034
42012,0.5334203827004618
42013,0.0399403856434657
42016,0.885122920561874
42017,0.7365038649951944
42018,0.8521908767044696
42020,0.7294123369854446
42021,0.5910903694066818
42026,0.43176325228351164
42031,0.30742877829739124
42033,0.7465242962759532
42034,0.36504092923723735
42035,0.08116616396179546
42036,0.7932732386747577
42040,0.146096842153884
42044,0.24186514643549453
42045,0.21497196078985192
42046,0.7829864518211026
42051,0.5460546254544191
42052,0.3240995386174155
42053,0.6191302191970085
42054,0.8343367166158684
42055,0.6380530375421712
42057,0.7773110154141594
42060,0.10991383495448875
42062,0.37523979555602405
42063,0.4533097144713103
42074,0.725893144750357
42076,0.5658665169437201
42078,0.6443855745429806
42079,0.7044149051302797
42082,0.8379509433643398
42083,0.6503770717151023
42086,0.4547459413699109
42088,0.8879807496253568
42089,0.9127579481682473
42090,0.5646803663948124
42091,0.3657370109708864
42092,0.8645984054659551
42094,0.4642334516898809
42097,0.47454631105068784
42098,0.4163505043444671
42099,0.7695812536758317
42101,0.26890702818241036
42104,0.5949005675839432
42105,0.6121209387914004
42108,0.36711460204782914
42109,0.7256918881549304
42110,0.4211059348178623
42114,0.24937265798246502
42120,0.6408473784245201
42121,0.9045383724487727
42122,0.8528522250750027
42123,0.3984356868412031
42124,0.10272630599326407
42127,0.0812978398296589
42128,0.8407679539076959
42130,0.6659941701497075
42132,0.5707919521220854
42134,0.823553196298666
42135,0.4399648663944884
42136,0.6708200697171648
42141,0.2794420385122764
42142,0.5182341785014049
42143,0.21936538817479143
42145,0.47186416427649747
42146,0.6882471535452739
42147,0.7228632521604653
42148,0.7380999147801636
42149,0.26199694542204277
42153,0.687049422277938
42155,0.23074629773365493
42157,0.618694640869568
42158,0.69344713638528
42159,0.7575286304639579
42161,0.47801294578337766
42162,0.22640204760149008
42163,0.4656112609141407
42164,0.8922889051602216
42169,0.08011306400665717
42170,0.25481232704074885
42174,0.8628347322783604
42177,0.15142112203161018
42178,0.8704192579342601
42179,0.12238856519228525
42180,0.9090950423523518
42181,0.1542511613068371
42184,0.19043144452532726
42185,0.23827023503040354
42186,0.7719054129375283
42187,0.638203926339296
42191,0.2002853800769923
42193,0.4411311740698877
42194,0.8572183050812654
42195,0.7850201595572354
42196,0.5687836684926806
42198,0.3942122884802964
42199,0.902310744278273
42200,0.32885342413666213
42202,0.7662808544563703
42203,0.36451451933982315
42204,0.6481615988942528
42206,0.5450186058862418
42207,0.16988463974002566
42208,0.845526740286434
42209,0.7476047424968243
42210,0.966831781253888
42211,0.003837263166364253
42212,0.7415259795995105
42213,0.32526360083773725
42214,0.17047285133170748
42216,0.7882539280465989
42218,0.3064205430922351
42219,0.10159577065378722
42220,0.9436546445384084
42222,0.462770117367338
42223,0.8256913718577104
42225,0.6803769974624103
42226,0.5919495603314929
42227,0.5190516796765786
42228,0.3569545653849251
42231,0.778438997647788
42235,0.8606103582778671
42242,0.23032838141131462
42243,0.25994794453941006
42244,0.6959701483922907
42246,0.7012731101668419
42249,0.10696752543591717
42252,0.6478791111677427
42253,0.7527677032720379
42255,0.27493097368965896
42256,0.7109705687522503
42258,0.4489392048450816
42259,0.5867050395918255
42265,0.6498699161118878
42267,0.22914908016635477
42268,0.7937660305624473
42269,0.12583905907940585
42270,0.673268286298686
42272,0.3218993220288593
42275,0.5098430635487846
42278,0.3291194734485015
42279,0.26471877601236926
42286,0.2687405525905512
42287,0.06236778055359396
42288,0.07941710728948967
42289,0.4081022654894495
42292,0.10334634735026109
42293,0.34820897369447484
42296,0.37200851698560905
42301,0.5282489055391665
42305,0.7413669106056582
42306,0.4065490689602182
42309,0.4774669107260118
42311,0.9587328474329055
42315,0.15072223209554872
42316,0.5414583555774428
42318,0.9692770325160585
42319,0.5368776554563767
42320,0.48575169551092207
42323,0.9696313214396114
42326,0.6782419050768337
42327,0.6229598805630141
42328,0.35125522419555655
42329,0.7853916441267785
42332,0.49535454348738833
42335,0.5731257138461145
42336,0.24121855888644192
42340,0.2697667481375536
42341,0.27754455283019835
42342,0.4842329785113018
42343,0.041630380606234536
42346,0.3622605438419881
42347,0.5311483917682318
42348,0.25578175621005256
42349,0.720161713747372
42350,0.8340297701566102
42352,0.619046817853348
42354,0.3940057001441355
42355,0.5060448537307121
42359,0.9428142448009521
42363,0.3835913440264339
42364,0.7967297797241737
42367,0.8053391938130489
42369,0.21120435098055274
42370,0.2796788210137228
42371,0.1490473806504767
42372,0.04192626829316526
42373,0.11563975394912643
42377,0.06563377890812803
42381,0.6228733607353741
42384,0.6755718351843687
42387,0.2670928035330602
42390,0.9409900374100383
42391,0.733550531756166
42395,0.37498909131197894
42396,0.51147831974018
42397,0.701329758508722
42398,0.5295637691357006
42399,0.1623490505133909
42402,0.5725616693301938
42404,0.7438473837610449
42405,0.5818078236750888
42406,0.7989412610356657
42407,0.8235889749908916
42409,0.5669562638978395
42411,0.14171525785475814
42414,0.562762826422138
42416,0.5878063399535458
42418,0.20655355022030675
42426,0.1767080788611369
42429,0.6863316381494757
42430,0.8880389049020153
42431,0.7269026353082539
42432,0.6111609149825566
42433,0.556814509406495
42436,0.6607824589125711
42437,0.11160768640236467
42438,0.3262148588908329
42439,0.2721938495747196
42453,0.7216919013090843
42456,0.6225330300465187
42457,0.8493960185364012
42458,0.18088597267054304
42461,0.0990105659886316
42465,0.5026367032631898
42468,0.8031263216344602
42469,0.8411252736936037
42470,0.8116423464437885
42471,0.5262423689608781
42473,0.13313189134180536
42476,0.7584669626100458
42479,0.02978535807804321
42481,0.5779834644357097
42483,0.9286897007598954
42485,0.6573024210442748
42486,0.45176227793423
42487,0.2298171908854288
42488,0.5862240960176965
42498,0.20711798997991368
42499,0.1388961198757605
42503,0.1778362299701562
42505,0.59640794714023
42506,0.15716192048421654
42509,0.6003177427060432
42510,0.7623498920112092
42511,0.3997080002358949
42512,0.15237619506233432
42513,0.1474996041793784
42518,0.6488918142853145
42519,0.8059130293548997
42520,0.3526347740141811
42524,0.41419371281043765
42526,0.17085523028222266
42527,0.720501406714828
42528,0.6892374886965271
42529,0.7678044438344863
42533,0.732955602786693
42537,0.8202603199710734
42539,0.2905766617572734
42542,0.6505287829082899
42543,0.8644825129567857
42547,0.7605795263049728
42548,0.3588796051537921
42552,0.7680634330118785
42555,0.7567555453007769
42556,0.14290128846457928
42558,0.5501602104376584
42561,0.9136116933285519
42563,0.9551854671730753
42565,0.9416958469091501
42566,0.6786913969828812
42567,0.3290731166516124
42573,0.18051096487237556
42575,0.5093487471006497
42576,0.17728041206811448
42578,0.41051021355439404
42579,0.02189136609971163
42580,0.5309810983614307
42583,0.26748139018546796
42584,0.05021145553979036
42585,0.3583438215802152
42586,0.2356815852511618
42587,0.9237972282954039
42590,0.3813869883444079
42591,0.40431689035200363
42592,0.5286477803079909
42595,0.08582947169365852
42596,0.47290570524156156
42597,0.7808094062088329
42599,0.3135042631182276
42601,0.9601301447488456
42602,0.44930482253766896
42604,0.7391803248171422
42606,0.5446240860004115
42607,0.7200224158826506
42609,0.4196855973852401
42611,0.36456377061390227
42614,0.8212467390951519
42616,0.23607137015310378
42617,0.4119034180117811
42619,0.7781298158545018
42621,0.1500494049322543
42622,0.2754935891713793
42624,0.821831880205234
42625,0.782751217565939
42627,0.2938361589651869
42629,0.9146689656913409
42631,0.5815499093225128
42635,0.4339120341426238
42637,0.8085329305737672
42641,0.19023492866166047
42642,0.21018060746841938
42644,0.3143781142178897
42645,0.18711500232279968
42646,0.6383323922507316
42647,0.3999390956842081
42648,0.19593226836794886
42649,0.165361244580521
42651,0.6295947386791794
42654,0.5323983167276155
42659,0.3713933723182445
42660,0.7217477452716398
42661,0.41718916598692846
42662,0.8283395781537503
42663,0.8287236586894351
42664,0.6763025320313214
42665,0.7256348547924526
42666,0.25004218654061144
42668,0.6752883759190577
42673,0.4503118994279818
42675,0.49420459913557163
42677,0.18539190893672594
42678,0.2324303890113691
42680,0.7502349334514047
42683,0.39121900068399706
42685,0.45027321480219057
42687,0.5535728428177096
42688,0.21477872555803434
42690,0.9825004826800174
42691,0.8246151736904325
42693,0.4281292592548383
42694,0.3336066155069413
42695,0.7620879438670575
42696,0.9681999559770685
42701,0.17209496826729648
42702,0.6020494279967292
42703,0.6995789591584
42705,0.319601566031968
42706,0.3492802495938789
42708,0.19202215964584324
42709,0.6048857974205097
42711,0.2073913344588387
42712,0.32500314916271966
42713,0.7628145535923028
42714,0.43833034840000346
42719,0.5295863701724073
42720,0.3789514231068554
42721,0.8102753801546754
42724,0.7387125044842483
42725,0.5215062094521257
42726,0.36959672915995107
42727,0.3004756002664119
42728,0.8236901923561214
42730,0.5573837954270685
42733,0.9230885218137143
42734,0.5797784024944491
42737,0.8891788079282787
42743,0.282210989332468
42744,0.2565762462264861
42747,0.6009700396318154
42748,0.5288343834077494
42749,0.31430861191571347
42750,0.8471756994397195
42751,0.765746667315901
42753,0.37073327594335126
42754,0.8486104115405807
42755,0.8344674787342955
42756,0.5204301761145576
42757,0.3776600222007859
42758,0.5665775839760671
42765,0.34318203115380613
42766,0.016557700693266928
42767,0.4348637319484139
42768,0.6858389451611561
42769,0.6574237144290167
42771,0.48659117466297513
42772,0.7286917316284599
42773,0.5091028073388164
42774,0.31129486600632195
42775,0.4659287570478107
42777,0.693011815725179
42778,0.4817765852498757
42779,0.5522767880487921
42781,0.675957271735549
42784,0.5900610233029441
42785,0.622302248808195
42787,0.4347143783698706
42788,0.5255204439215386
42789,0.32309782002597115
42794,0.05756089965898495
42799,0.37856437902513146
42801,0.07463776378608053
42802,0.6197665485210697
42803,0.8803663615184786
42804,0.17685141167555582
42806,0.20279552533160428
42808,0.8643464061952282
42809,0.5078264038377613
42813,0.4178006441265239
42815,0.3985336401158267
42816,0.33595767297844054
42820,0.5840064647774951
42821,0.16639884442091155
42823,0.1674587435643852
42825,0.1474380934539184
42827,0.19491328720897128
42828,0.7074590316484582
42829,0.6081546279727722
42830,0.10436308812231081
42832,0.8744416430932039
42834,0.654879480680515
42838,0.40510370371515475
42841,0.8437248053014559
42842,0.6517852300363934
42843,0.2318570193160296
42844,0.62952911392082
42845,0.47525936146531544
42848,0.44271625074268717
42851,0.25854002043468843
42852,0.9848642639263475
42853,0.47713459136559677
42855,0.487210074408405
42860,0.4734731296802462
42862,0.8832686153861184
42868,0.6607024290521836
42869,0.7422481932396542
42872,0.8078040926209984
42873,0.4988668524149607
42875,0.600603484204031
42876,0.4489049370181096
42877,0.30684818593613666
42878,0.15803319752938375
42879,0.3363156012529081
42881,0.4088135340592405
42882,0.58157834053665
42883,0.20736281527384037
42887,0.8420058204745599
42895,0.8886311775970362
42897,0.8215301873157959
42898,0.19458308377551414
42900,0.5638281015327142
42908,0.38344723226046645
42910,0.13338306993718016
42913,0.7247851499556666
42914,0.7541804005059785
42915,0.14965453374348156
42916,0.24800614621253433
42918,0.360723989890451
42919,0.8959452792214849
42921,0.24544896125644722
42923,0.21966084186621804
42925,0.6968976621086115
42928,0.30877991959722345
42931,0.7086459619012425
42936,0.4924736262318457
42937,0.82739897507004
42938,0.6753202489421657
42943,0.8317062462881027
42944,0.45285073990470054
42945,0.5236077370981587
42946,0.9442620681943494
42947,0.3250585470752825
42948,0.7625022679189709
42949,0.15481055164237392
42950,0.5598859300985771
42953,0.08008913649781972
42955,0.7115282250433644
42957,0.8058328893511431
42959,0.13678571932670883
42960,0.44530034442211136
42961,0.45114579474391936
42962,0.13676934966095608
42963,0.9243375937969894
42966,0.37130725288632044
42967,0.9111114321564757
42968,0.6348903725933503
42974,0.5390540765701928
42979,0.2963786411459816
42984,0.3960607459195949
42985,0.7283691317476481
42986,0.35935728624355673
42987,0.3801690041642612
42989,0.395401862479853
42990,0.35301093022365687
42991,0.15995233925016705
42992,0.225912875845726
42993,0.4670188784728785
42994,0.6132569383405616
42997,0.4232244804891205
43003,0.8826271700965859
43004,0.4943230822648596
43005,0.15696743056728463
43010,0.46800107761918447
43011,0.5373839712699754
43012,0.561215512982938
43018,0.3709565581749083
43019,0.8001241833924646
43021,0.20566354484128402
43024,0.2882862892255657
43025,0.8337230532666011
43028,0.982073495250113
43031,0.6778670902035765
43033,0.6440566609857956
43034,0.538374084446282
43039,0.7822663142107837
43040,0.22991451630342477
43045,0.4984289123604094
43050,0.1220745012806404
43052,0.3798068756625451
43054,0.6655273684705548
43056,0.21454405228770615
43058,0.7066655598632896
43060,0.635086269181775
43061,0.8635272323376362
43062,0.5173723313185488
43067,0.5693021499439029
43069,0.8930423321804902
43073,0.31173329099039
43074,0.9006602726290421
43076,0.6743521529038374
43077,0.6544875083130451
43078,0.8201307918336724
43080,0.9075712780933848
43081,0.19099649522473713
43086,0.1591631278396781
43087,0.07093147874781287
43089,0.6790063516197633
43091,0.7832938566263057
43092,0.7514902335356999
43094,0.43600931073870935
43099,0.7148862625552195
43100,0.7586827078263061
43101,0.833780136759695
43104,0.8963235782710288
43106,0.528688137285568
43108,0.4524867389156422
43109,0.22313830871006934
43111,0.5159492373873888
43112,0.09785010623675797
43117,0.7394607900277893
43118,0.5858282478957743
43119,0.7609815337120972
43120,0.22565907865842816
43121,0.8334676318237614
43123,0.7499217773480364
43124,0.880387423559746
43125,0.6818362271036634
43128,0.43799379927054505
43131,0.7162733201804974
43135,0.05187522184585322
43136,0.8307364801636039
43145,0.6918436413874454
43150,0.7034997474191271
43153,0.6509621230127652
43156,0.18643707328660278
43158,0.5709212232167163
43159,0.2512204274871067
43161,0.4348979821688134
43162,0.17903268490504634
43163,0.3979723336407394
43165,0.3710428932145049
43167,0.4121469780482431
43168,0.539405053263662
43169,0.4657428898991626
43170,0.4200087529805222
43173,0.5460119498160334
43174,0.17646231103233084
43175,0.4533189359456668
43176,0.1536686613714941
43177,0.31261026723857765
43180,0.4380483955479701
43181,0.4319326282359767
43182,0.02641897965384145
43183,0.26393354128043417
43187,0.4109018266398368
43188,0.5732462198070448
43195,0.4046635667417552
43197,0.5036229596746705
43198,0.8753516012943611
43199,0.6307157977270667
43202,0.4603915842515824
43206,0.19139710156357764
43210,0.46619674812259654
43213,0.6661209543814548
43214,0.5014974750433288
43215,0.5962051097244813
43216,0.8748454841923821
43218,0.1489829108615222
43220,0.2588974206473275
43221,0.6377463439340716
43223,0.6005574343295175
43227,0.7059048496525963
43228,0.08190781345492612
43229,0.8971128977632085
43231,0.38901678496780884
43233,0.48414218648650514
43235,0.45398392499195434
43236,0.5422127187916195
43238,0.8097519525225816
43243,0.2061557248806428
43244,0.7325936061832057
43245,0.25675179504117307
43250,0.19332382333175188
43251,0.643824916545111
43254,0.39268547350834787
43258,0.27086626511462075
43259,0.7007461837867623
43262,0.6756193642312487
43263,0.6494324551587621
43264,0.8303359340926498
43265,0.7023921082186725
43268,0.9852819514532842
43271,0.39692178942833345
43272,0.4514594471022681
43275,0.5189228213094711
43277,0.8904284387314289
43279,0.28008136304333014
43280,0.5411994345883129
43282,0.8726269363192499
43285,0.5859244296548971
43286,0.14089089422533776
43287,0.1814580977256558
43291,0.8558595809423465
43295,0.5862909076305417
43298,0.385212662221832
43299,0.7695424541264223
43300,0.8285500800445278
43301,0.35701719901369
43302,0.9616449380846165
43303,0.4702809287515661
43305,0.49848177024972545
43308,0.23185404475633037
43310,0.24385214873773114
43312,0.28654367710588863
43314,0.4227865996498428
43317,0.7194611564074482
43318,0.8663586967656144
43321,0.6865839459267774
43322,0.42522522885439173
43325,0.6578124110075895
43326,0.4144562363560275
43329,0.2776997921447196
43332,0.31982459457882084
43333,0.8095905200124848
43335,0.24323457873857376
43340,0.5974996376599652
43343,0.5945709336689368
43344,0.6017002267279121
43345,0.7361485864394478
43346,0.5078815589158597
43353,0.9521450117445079
43354,0.5094071566962706
43364,0.2434827469738368
43365,0.1989350767325934
43368,0.4848101598656429
43369,0.4085731900166843
43370,0.4409232424410771
43371,0.7853872123959099
43374,0.5493560683835884
43378,0.7072730872748739
43379,0.8713143533086828
43382,0.7329146698670694
43384,0.45541261179077663
43385,0.7062360534130881
43386,0.4364547225646041
43388,0.47298392636354875
43389,0.71907734299255
43390,0.4001871399665854
43391,0.3172617625247081
43392,0.30680710262109995
43393,0.5784405227430764
43394,0.2927287084208862
43395,0.6659199223548052
43396,0.9427149737055996
43397,0.07382096580142189
43399,0.18361861516920489
43400,0.34435846422367905
43401,0.3274011341126071
43404,0.6447931769264377
43407,0.6683624094674215
43408,0.4772608937595913
43411,0.3875908751681448
43413,0.9675290090044496
43414,0.4361285790459951
43415,0.7768876780826901
43417,0.16927768182565597
43418,0.8452172519113608
43421,0.3974700110741869
43422,0.596294136051999
43424,0.868007143386656
43427,0.34512975018491115
43429,0.9383416757369495
43430,0.5072355919557561
43434,0.8183433915793827
43439,0.7981286134770913
43440,0.16865615699730488
43442,0.6387916221061147
43443,0.48418549383314596
43447,0.33604231504306437
43448,0.7893826924814843
43451,0.7764029167243264
43453,0.4128855039192917
43454,0.6386691360998678
43455,0.689350274647714
43456,0.48312893479622643
43457,0.8487037598139302
43459,0.7916039745185284
43460,0.7288694189072944
43461,0.0822479852939922
43462,0.8864734499901059
43463,0.2551376716334247
43465,0.4096026826806693
43466,0.9271880588388718
43469,0.41202278711200835
43470,0.545477909061502
43471,0.7589939824011165
43473,0.5518271459215466
43476,0.2563834861365742
43477,0.08929241188032096
43478,0.5795980201664519
43479,0.9416015836176914
43481,0.975041296773968
43482,0.6962028224208768
43483,0.5981368420668155
43484,0.2779492336439018
43485,0.7951417275275205
43491,0.2160292273590284
43492,0.2502564575705847
43493,0.6057556317226601
43495,0.8539934191145898
43500,0.2344714494291818
43503,0.34919492800336943
43504,0.28782820084840105
43505,0.3829291973884345
43506,0.392175587100474
43513,0.4733529283673627
43514,0.7075054879322358
43515,0.4885387358790873
43516,0.5339973398000395
43517,0.1846755622812691
43518,0.8686376408266755
43520,0.8542248021380426
43521,0.6353773725810586
43524,0.5995299472083259
43526,0.396517629384853
43527,0.6758123560384616
43528,0.17324244834203414
43529,0.3681472198075585
43530,0.026064245414240798
43532,0.49427653707848446
43533,0.46153504003845186
43534,0.33122749043353666
43536,0.5329799672506627
43541,0.4105859730059615
43545,0.015983176444547928
43547,0.17857644358652544
43549,0.4810863800683716
43550,0.492313028666938
43555,0.5916846092529169
43557,0.19483119069528004
43559,0.13140419847506118
43560,0.5933489174209707
43563,0.8762635078377948
43565,0.4525778865670976
43567,0.27311814603245765
43569,0.43319842003822207
43570,0.3930843473482624
43571,0.9680828979886621
43572,0.3976561868936245
43573,0.09521520504388485
43574,0.1762853938700816
43575,0.6789510462555387
43576,0.5512860658462164
43577,0.2070649280135615
43578,0.8247414891228991
43580,0.3854918208330297
43582,0.6429254540056646
43583,0.33498565244165834
43586,0.3095982756973354
43589,0.056496554758753335
43593,0.8252840526221317
43595,0.6103057098709365
43596,0.3205351183525952
43597,0.507936568180586
43603,0.26818113616196737
43604,0.3043211353166035
43605,0.3418114592060296
43606,0.5368435283143236
43607,0.5568743732049473
43608,0.44228664174508825
43613,0.5959407605225886
43614,0.4895049709842385
43616,0.1386272134861933
43619,0.09475462120341387
43621,0.5673728383276663
43622,0.5032239006604365
43623,0.9253036694745813
43624,0.6654031641977598
43625,0.3037341989484708
43626,0.39665062762026926
43629,0.1691866664892915
43634,0.521039255487071
43635,0.5916661932580511
43637,0.961957452297412
43639,0.7750029560887357
43640,0.6524301900498621
43641,0.3104251277993037
43642,0.4592890277900466
43644,0.5813019308425844
43645,0.4789802774765279
43649,0.6826814231998318
43652,0.7572717204139809
43654,0.19031359720416935
43655,0.7702913503527025
43659,0.4148975491640328
43660,0.9647266079912533
43663,0.5763239099716924
43664,0.07950473802808455
43665,0.13502294104524368
43666,0.6036117135060783
43668,0.8392357339298937
43670,0.8220457661323718
43672,0.32036543515325633
43675,0.2029421281115766
43680,0.38204876564575035
43681,0.04722201090758398
43683,0.6001221583536042
43684,0.6391020603548065
43685,0.5253835314614513
43686,0.8662324720943673
43689,0.7421722731579173
43690,0.836355905299907
43691,0.32602682353512563
43692,0.41580790572276305
43693,0.6727637267074477
43694,0.1512543466042444
43696,0.5253181471906351
43699,0.857099983711687
43701,0.4867692377408066
43702,0.2525493024881742
43708,0.5928104795017944
43709,0.8623667427445864
43712,0.6538183729968642
43715,0.488014951184689
43717,0.8988508245209536
43718,0.509676896896939
43719,0.10566232870926096
43720,0.7909643805784455
43722,0.6490010746981365
43723,0.6909871110445601
43724,0.4855599240577447
43725,0.7395595894860028
43727,0.0913260649092038
43728,0.8300719059068297
43731,0.7242166738522684
43732,0.5239919763512533
43735,0.6789416167084622
43736,0.8246125835111685
43740,0.6715100404504769
43741,0.22986660644671178
43743,0.8188379975539913
43744,0.4752485652784819
43745,0.7899275538482887
43747,0.8071084230113322
43750,0.8137879082871357
43752,0.6311908680082464
43755,0.24965141305313548
43758,0.8103400973984359
43759,0.7214633642768025
43761,0.6998445661488581
43767,0.326936999901104
43770,0.6780301436289664
43773,0.7494457146503704
43774,0.8001467300735126
43778,0.8018077828462843
43779,0.2898589499768519
43786,0.9180582251393898
43787,0.8782682879923751
43788,0.7716667836827797
43789,0.5447728983631456
43792,0.4202713887562707
43797,0.8255570405608046
43799,0.7295249365217904
43800,0.18158406079916226
43801,0.9581376347215751
43802,0.5435083982600999
43803,0.9203744560100403
43807,0.6285702209317208
43808,0.9489049990020875
43809,0.7517804731339682
43810,0.6306952747907868
43811,0.8073847715355984
43815,0.719503365621325
43818,0.38153806524629136
43819,0.8152264405665579
43820,0.603256480261704
43823,0.4831331302981187
43824,0.9525448645794719
43825,0.5962332758299793
43828,0.1877129103898523
43829,0.4306338167660841
43833,0.5296921581147799
43835,0.8797573056506486
43836,0.08655891096080723
43837,0.8151191336384187
43838,0.3870780291643924
43840,0.4313136761668818
43841,0.05646495400103465
43849,0.8595797221594267
43850,0.14009787570162888
43851,0.5191753114426604
43853,0.8766618501802306
43854,0.6417563951266047
43859,0.7261418493685069
43862,0.4679254403496792
43864,0.7471450899623244
43867,0.659663578412662
43868,0.5147733107424597
43869,0.3227851716413712
43871,0.1177001020238815
43873,0.882319218794017
43874,0.5765353292938558
43875,0.5092762975463084
43878,0.5090722287905777
43886,0.8611169964240246
43887,0.463281182529292
43889,0.24975099445745436
43891,0.10385211741633567
43892,0.5397013279425512
43894,0.29458130565909074
43895,0.7340633861222879
43897,0.7391098081498216
43901,0.2889663691607396
43905,0.1458310967382606
43906,0.30458370710564253
43907,0.9188784640142093
43909,0.2858867030312268
43910,0.683003673938577
43915,0.2512318241535707
43917,0.47475354512827944
43918,0.8490926143861787
43919,0.25745935526942837
43920,0.627427331258692
43925,0.2886107705926924
43927,0.7194012358147317
43928,0.7997712774641914
43929,0.7130634660772524
43930,0.7944805187895418
43931,0.41610075802845964
43932,0.7357868637149813
43933,0.1714891728276909
43934,0.42477391260750413
43937,0.463484311978891
43938,0.558724105590435
43940,0.39076365117766987
43942,0.5404695946213081
43943,0.6174048155024707
43948,0.888060767676735
43950,0.6074866626584763
43956,0.6647584460201352
43957,0.49866415675261083
43961,0.6956242906268113
43966,0.40409456126955434
43967,0.7355768552979054
43971,0.42334499608897735
43972,0.6219007094864522
43973,0.684192911593968
43974,0.8996270132047074
43976,0.41640097518520414
43977,0.710023211218717
43980,0.8599973603236409
43983,0.3224568402125193
43984,0.5220062999674433
43985,0.6055297028954476
43988,0.3099198166536685
43989,0.23919805097817892
43990,0.32369276748874765
43991,0.09102670568604865
43992,0.37654194904463023
43995,0.8100461312677908
43996,0.5512288136033706
43997,0.6767002727102656
44000,0.8439703321327262
44002,0.5278250299218495
44003,0.37312794558702106
44005,0.6209471731236071
44007,0.21681512515709833
44009,0.45431718282131495
44010,0.4688080736583452
44018,0.09289687693914654
44020,0.5465746596509153
44021,0.3651557288472999
44023,0.7021538823992621
44024,0.6482341266935108
44025,0.1510833053907356
44028,0.4593617899386274
44031,0.39441350705797995
44032,0.6254188145345649
44035,0.8339807869500765
44038,0.9520578718612913
44042,0.7794168301220441
44044,0.5827633569589339
44045,0.38104669445296113
44046,0.5120106288701519
44051,0.8795689360347112
44054,0.3703709641231553
44055,0.36382374573154536
44056,0.7882311318154639
44057,0.6227050988987561
44059,0.33690422268141484
44060,0.6717134080200022
44062,0.5106139418177462
44065,0.668603379910497
44069,0.5149467215147538
44071,0.4808348384546204
44074,0.5096260754492558
44076,0.9369381072466466
44079,0.10789742722352191
44083,0.4051978124738218
44085,0.9660451105903832
44087,0.01251364691080628
44089,0.12811948242097113
44091,0.7838045983610713
44092,0.21095390256357732
44094,0.9443052089902564
44097,0.28027027306673497
44098,0.7400885935702112
44101,0.14384961409548727
44102,0.4594202802998788
44104,0.8471134509767239
44106,0.6850486202373363
44107,0.8080687374543987
44110,0.7012697150000509
44111,0.8001557860147217
44114,0.20656098568508613
44118,0.1964817862778056
44120,0.5456343851747575
44121,0.07717125746601115
44122,0.3696030937217027
44124,0.7291387449647143
44125,0.3531671874810988
44127,0.8529884433656578
44128,0.22562749140075988
44130,0.7608678929230378
44133,0.26104021915245357
44135,0.42242741382853494
44139,0.5909570970366002
44140,0.4328639231334793
44143,0.7161728940381845
44147,0.43322461105471183
44149,0.3414820661505181
44150,0.622506695341843
44156,0.6220988213951697
44158,0.7175820853105112
44160,0.5873982264571166
44161,0.4587282532225893
44162,0.46123728837480704
44164,0.36299868384024137
44165,0.44599086361068985
44166,0.25877487544082156
44167,0.21246020585693726
44169,0.8407495186395608
44172,0.26327700860169406
44173,0.8407273361800905
44174,0.47566812354084753
44177,0.6374070818998634
44178,0.48886155667190073
44181,0.274622303677328
44182,0.3692616292733967
44184,0.3787814203953963
44185,0.3413371504950381
44188,0.012588901895075305
44190,0.08350603861476891
44192,0.16181019572241337
44193,0.6960232933154085
44196,0.10851312186511333
44197,0.0993297266163258
44198,0.40528396424995033
44200,0.2769377828252607
44201,0.7769981225030722
44204,0.34773323609116485
44206,0.381107699322581
44207,0.784391503072884
44210,0.593867916293474
44212,0.3236945639888748
44213,0.7476006316292473
44214,0.6761819127785998
44215,0.9159891614054069
44216,0.43148717280731325
44224,0.7968856722574731
44225,0.9235326673484247
44226,0.12519770554390164
44227,0.6763661038585939
44228,0.4213811717951996
44230,0.6370465191107783
44231,0.8344127510724435
44232,0.9405127970380396
44234,0.5289746666102887
44235,0.11747473765380737
44238,0.8141187773996137
44239,0.3596185322216874
44240,0.9364639458374402
44241,0.5393068355861841
44242,0.6295960291397128
44244,0.36835990251587464
44246,0.1715183064534974
44247,0.2890176367566926
44248,0.5402455196020086
44251,0.5176273572155784
44256,0.7152279236248749
44261,0.18545058291537878
44262,0.4019914556770204
44265,0.4678209859589369
44267,0.3818517395435775
44268,0.4867053561931746
44278,0.8140895974383415
44279,0.19807846425735087
44281,0.2057610693676558
44282,0.46223294888182104
44284,0.6871926721702498
44287,0.27960508931379424
44289,0.43107430951423775
44291,0.36156384163002814
44292,0.5044020277773719
44294,0.47812181202324633
44295,0.4117939385424407
44296,0.10442674434499005
44301,0.7034866874474857
44302,0.8052266821301435
44303,0.10492773677817521
44304,0.4845066481578518
44305,0.6847071217173254
44308,0.733438008817027
44312,0.48916059638975024
44317,0.2713820379273192
44318,0.2610788643024251
44320,0.33801587633511504
44326,0.32083677817914596
44327,0.4971536034995463
44331,0.39002367130102666
44332,0.47087401351521213
44335,0.3123566326098555
44338,0.698271390733156
44340,0.7296336810853647
44345,0.6350416398912626
44347,0.7612211789488971
44349,0.18874677329212605
44350,0.4329182222330799
44352,0.32325428352006524
44353,0.5710135446194714
44354,0.3085779180783457
44355,0.5348084233173229
44357,0.5947015677857552
44360,0.655809033474688
44361,0.07545153011503995
44363,0.39641332321889705
44364,0.12356064764753093
44367,0.09330055112459316
44369,0.3426628408858649
44371,0.8277974275254043
44372,0.8441478180481129
44374,0.5970656303142228
44375,0.4834223704539597
44376,0.9431479703519823
44377,0.40058656582922864
44379,0.38355663379204735
44384,0.7648175224987271
44386,0.7345491364088914
44387,0.7055946288197474
44393,0.6589945967621946
44395,0.6235044389115575
44397,0.4554213659792627
44403,0.4840220464305485
44404,0.26556300957913836
44406,0.5581207189958459
44407,0.7141607146422287
44408,0.35024057882671233
44412,0.13803189045881295
44413,0.6068655375229436
44414,0.28727555653971554
44418,0.8146172166887059
44420,0.4342793710012235
44424,0.28405305842414247
44425,0.7661483887126217
44426,0.7432883328171042
44428,0.6051388456671826
44429,0.574021440494018
44430,0.5041584072214387
44431,0.5461007252517741
44434,0.6168623617597487
44435,0.11122049298166319
44436,0.5305618706845426
44437,0.8485427211115355
44438,0.48618597409468883
44440,0.5365792475709947
44442,0.01410671267895649
44443,0.5953606943697328
44444,0.8691103940864092
44446,0.49718787419725496
44448,0.7864758521185857
44449,0.11060268532258853
44450,0.4909325397836643
44453,0.3375860820793966
44454,0.7705046493878833
44456,0.17689760870592194
44457,0.5845740459206287
44458,0.49932722148381325
44459,0.08900036353999097
44460,0.34574880131891295
44462,0.12382257650388208
44466,0.6797233378188695
44470,0.5939518572840106
44471,0.8002797089959617
44472,0.37047065897326115
44474,0.8088855950256809
44475,0.41017983605706415
44477,0.3926934929317938
44479,0.5579940984109611
44481,0.013265260346055486
44482,0.4110016876886289
44483,0.7771329955751666
44484,0.3315572348340752
44488,0.6295108982910723
44491,0.722838836182837
44492,0.41049010433770644
44493,0.20361222142239874
44494,0.6575003679884568
44496,0.47541896992103505
44498,0.14733399398242322
44499,0.3880688766072134
44500,0.45449771682756973
44501,0.6736595267641935
44502,0.27720793400144805
44503,0.7839459181859582
44504,0.5081432144063183
44505,0.44890748880309983
44506,0.3521965271779009
44514,0.09796172794958698
44515,0.357292181821682
44516,0.40918876790320324
44517,0.7123630675164457
44518,0.6268410946046162
44519,0.3578224266569043
44521,0.7979957005468686
44522,0.8916140644884686
44523,0.2373479172666036
44525,0.4564074584866958
44526,0.48123556488737196
44527,0.5240064452619242
44528,0.5122385653054748
44529,0.29247210339460444
44530,0.2405463377911961
44532,0.9714516643129366
44533,0.08818099467153236
44534,0.4399841722929498
44537,0.1641532239961103
44542,0.494118606296495
44544,0.6947900560254501
44546,0.5681263516086641
44547,0.81329110254022
44549,0.7675407162965436
44550,0.5365463091921405
44551,0.988861250337928
44552,0.6930736497577642
44554,0.5960392588392657
44555,0.32699342029905215
44557,0.7480618994817165
44560,0.5849375949289712
44561,0.31809183920199735
44563,0.08197717417390012
44566,0.7091958869429493
44567,0.056229236848540386
44568,0.3999118275144082
44570,0.3191991011235549
44572,0.769675177849552
44576,0.39847119498790373
44578,0.617225306639
44579,0.3354557369168758
44580,0.82540865372833
44581,0.8830766190315009
44582,0.6089886464007878
44589,0.768161374058549
44590,0.27241983337617504
44591,0.8944251949025022
44593,0.4415230200854529
44595,0.5105471438117511
44596,0.39496220980001673
44599,0.6170082808891246
44602,0.41985254997000393
44604,0.5724707258239449
44606,0.4063601319201666
44607,0.6836855503755918
44608,0.8631465958795418
44609,0.21419992252871936
44614,0.8766003656889158
44615,0.4476411313890518
44621,0.5021212192626718
44624,0.5635651892113679
44626,0.4283044795806208
44629,0.6096607230704084
44633,0.9543749065016097
44635,0.723700868179595
44636,0.870826526649906
44637,0.7164236355879343
44642,0.7803048109134024
44644,0.6145373822734045
44646,0.15326288572239824
44648,0.4209294164952963
44650,0.6224787167007638
44652,0.3443920379035216
44653,0.2321116682475947
44655,0.30114108664097394
44657,0.9105998729475359
44661,0.7461997817645858
44664,0.5510702794079275
44667,0.6219285108229171
44669,0.806670449850241
44671,0.9049944146628668
44677,0.7284388674748918
44680,0.4975651696987642
44681,0.24703568714261975
44682,0.8403945193141714
44683,0.12191026175612307
44685,0.2064109870516259
44687,0.9253193884875133
44690,0.42630955425677314
44691,0.8230837311069779
44692,0.6674533097178513
44693,0.43199951181800333
44694,0.8676268021298991
44697,0.053077075258897134
44700,0.2940017778512498
44703,0.41916998535761946
44705,0.4610441540195563
44706,0.6622569665513174
44707,0.5543349371646129
44709,0.605974519523841
44711,0.289758879775292
44712,0.2978698110014755
44715,0.42905578685338663
44716,0.2390236491135132
44717,0.5099233603422848
44718,0.46504388946193614
44719,0.5274394734659502
44720,0.2923571704260876
44724,0.6497887037606592
44725,0.8367484419278828
44727,0.11479341398898227
44729,0.6119706320361021
44730,0.547434393418952
44731,0.7933102747113704
44732,0.31702834899652943
44733,0.6351340238352494
44737,0.21407140488036994
44738,0.16537364112901964
44739,0.3124790180340748
44741,0.18076973136871274
44742,0.11732059039856657
44744,0.7682755921683319
44746,0.34935413029286144
44747,0.7153306701403904
44749,0.6016414941615029
44750,0.17950322543565272
44751,0.7126383133270864
44752,0.2358526827046115
44755,0.08054537102089157
44756,0.7416098815602191
44757,0.14099270936535604
44759,0.3078503134470574
44761,0.07682064326883424
44762,0.9562546280907498
44764,0.6576142683412144
44765,0.9078825710959898
44766,0.6102413105223305
44767,0.3072187717144807
44768,0.291928824448773
44770,0.9054422616099176
44774,0.21259688057743162
44777,0.25531557795182674
44779,0.6238381653253913
44783,0.9360966052065824
44786,0.8941436953981249
44787,0.4964731049984142
44790,0.5614992887979916
44791,0.491875269250898
44792,0.7695449698987203
44794,0.39284731219369273
44795,0.4159832472219218
44796,0.4996127720212643
44797,0.8050426957482028
44803,0.21105635702721806
44804,0.45094783520312265
44805,0.33172475171522675
44806,0.4906588295696885
44807,0.562186344032496
44810,0.34648324568541977
44813,0.16726738559497883
44814,0.7709409739458646
44815,0.24657628087713687
44816,0.6969505482978435
44818,0.12534537366038578
44819,0.7077359201365895
44821,0.2285096123694616
44823,0.468793955642074
44826,0.29306912776426086
44827,0.4398671390356578
44829,0.5689392797819796
44833,0.6323028091098041
44835,0.4756038665722608
44836,0.4860619887153151
44837,0.5710552004095916
44839,0.5224753660704254
44840,0.38895096851420147
44841,0.6545868524480055
44842,0.46238809096499456
44843,0.9202126098352646
44844,0.6079088366201656
44845,0.7802773007068226
44846,0.364952655094631
44847,0.8279102944192208
44848,0.017248715325106093
44849,0.2443720205273407
44851,0.7118662926116647
44856,0.9510341356224328
44857,0.28837816781152026
44860,0.4852114355578198
44863,0.8019609653857175
44866,0.434410329566255
44868,0.2007764785073237
44869,0.1156008756310426
44870,0.8401747676362582
44872,0.20031862882593302
44874,0.2555468850268799
44876,0.5001719062580434
44877,0.7805641816141502
44878,0.09320975526669051
44880,0.684685861801415
44883,0.3703492219537988
44884,0.2346714166875599
44885,0.23527482858494708
44889,0.5321055286314146
44891,0.30571554432887016
44892,0.3063984815489193
44893,0.6315660775782472
44896,0.5986604890786383
44897,0.4338412586548911
44898,0.7026054652253949
44900,0.599958362602901
44902,0.2813321531720562
44903,0.5884257414258406
44906,0.49249116913799
44909,0.16240427738715646
44910,0.8222824119717742
44911,0.9012008501650703
44913,0.9215109169934832
44918,0.7145040842318883
44920,0.3529667795710141
44921,0.6884961976665649
44922,0.41472241491164374
44924,0.6930051076158888
44929,0.43594562138516335
44931,0.5224127354858976
44932,0.35216472924670483
44933,0.619365046188195
44938,0.46304066126205606
44939,0.10767084549445065
44941,0.5672626873848565
44942,0.3231032717581565
44944,0.5252456564335464
44945,0.3778571566481284
44948,0.865454478434027
44949,0.8013726720919057
44951,0.9471835814535404
44953,0.19687426548331832
44954,0.9009413922753282
44955,0.1885081105036258
44957,0.5217870618722623
44959,0.9589031637608989
44963,0.22159509853631687
44964,0.9493452752364565
44965,0.6675945719295371
44967,0.07025820119595821
44970,0.9184963780022743
44971,0.9129892582411862
44973,0.70686592837559
44975,0.809364048902223
44977,0.9336472975568458
44981,0.09190275021319395
44982,0.4710446862988496
44987,0.40836442661478656
44989,0.2879068005068325
44991,0.7773722487234609
44993,0.08395197660910977
44995,0.68737142288952
45001,0.9022840108778487
45002,0.30558854843788213
45003,0.7608242258991578
45008,0.5046178685797461
45009,0.44788420230911447
45010,0.7841661458005592
45011,0.9011430982224913
45015,0.5604127117576064
45016,0.7234353274255971
45017,0.2622498351599179
45022,0.4843798856804452
45023,0.3195930094165071
45025,0.6645075255580036
45026,0.12752739401902666
45029,0.15497820832785392
45030,0.9546839838086554
45033,0.9416425852621113
45035,0.6061251283397742
45038,0.7822141010004475
45042,0.8558388977543745
45044,0.953502646106771
45045,0.25277598796733325
45046,0.3672428702801036
45048,0.37013825667961364
45049,0.48069102014499016
45051,0.24114977079304153
45053,0.7058699959760275
45060,0.6500498290190557
45061,0.35319234368389385
45062,0.6694221139923437
45063,0.5488704641907195
45064,0.7056210014759671
45066,0.5752147809988283
45069,0.3342445011610675
45070,0.5387850070023924
45071,0.1984296578606515
45074,0.7937892109221366
45076,0.8304535974203024
45077,0.783829351633486
45079,0.6714285074544919
45081,0.277525853415721
45082,0.6067330083277175
45083,0.7040942621566506
45087,0.5044170456047098
45088,0.7005271805830412
45089,0.6357435178023579
45092,0.7383469008343453
45096,0.39852798513562393
45097,0.7424189215422079
45098,0.8068452492774026
45100,0.5204704428995198
45103,0.7464790211639586
45105,0.4527543016466065
45109,0.44792346213527046
45111,0.7166566870698637
45112,0.2617077502586595
45113,0.644105533293071
45115,0.0984415932032458
45122,0.5809451941235384
45125,0.4590250457258831
45127,0.44992938560593876
45133,0.8949218665542045
45134,0.3878782837189416
45135,0.9002378411597272
45138,0.4806724648955758
45139,0.2220059155907706
45140,0.5829692295975721
45144,0.48110530052868433
45150,0.7846850494102798
45152,0.7354014033349233
45153,0.17621966719757304
45155,0.2504261413304156
45157,0.05730521210682899
45158,0.45482093412660035
45163,0.6443887393386891
45164,0.3225527156733675
45165,0.5668362332224752
45166,0.8444977560744328
45168,0.23587139472129284
45169,0.6125213440492122
45171,0.1392120458342661
45173,0.6877836000281865
45176,0.6299632806719193
45177,0.5068850840161134
45178,0.7237903942566251
45179,0.952294465286215
45180,0.659470653590592
45183,0.6344305015094368
45184,0.22825691875191562
45185,0.6860813934774374
45188,0.19238610395300612
45192,0.43641057184885046
45193,0.6808080046484857
45198,0.73280248568566
45199,0.3663397176188843
45201,0.7367041717980718
45204,0.34976449046551633
45210,0.06366462023743986
45211,0.20755626093864057
45213,0.5212984465819083
45214,0.6923639315947179
45215,0.4858332823475511
45216,0.8019415540147709
45217,0.20988480368811654
45219,0.5147915189656987
45220,0.4808521041063163
45221,0.6642980470521926
45222,0.2933322094311531
45224,0.24637629134459682
45228,0.4997278351586066
45230,0.25663500035204545
45231,0.17678010868373809
45233,0.3307607399182438
45236,0.39399832519130334
45237,0.03801900074706093
45238,0.8328631407024947
45242,0.12341304593475959
45243,0.26972337677268515
45244,0.48183822149640787
45245,0.273839430969969
45248,0.41560078245774706
45249,0.35834121915459805
45253,0.2561455805690939
45254,0.4234857351564029
45255,0.5870397421125031
45256,0.8039286015663305
45259,0.2547968293485682
45260,0.5920066783877662
45261,0.6717953625677027
45264,0.7732437005898006
45266,0.7578781674862691
45268,0.8329665956429686
45272,0.4301277996592725
45274,0.629283144378374
45276,0.1739387931638328
45277,0.3460697065105411
45278,0.9187370913824074
45281,0.3517182147722834
45283,0.33029823381203516
45284,0.57863197098297
45286,0.2990325584252297
45287,0.3166190145659216
45288,0.5499765384890295
45292,0.9083620689596735
45294,0.3118663113453159
45296,0.9849939729145017
45297,0.7502154598810169
45298,0.05060641678798303
45299,0.7069674419285898
45302,0.5048065765552853
45304,0.38802057703888343
45308,0.36815271933292
45309,0.24022906919704567
45310,0.7599684949069745
45311,0.2850650788854717
45312,0.7029668192881756
45315,0.43272074315432335
45318,0.09631850612353487
45319,0.34869242140607387
45322,0.6346147320839464
45324,0.625983514980689
45325,0.3167420352359025
45328,0.13993545241545688
45329,0.7042853667123256
45336,0.37604129208505704
45337,0.43402693830597816
45341,0.22266558516094245
45342,0.15372337767232003
45344,0.7693010851442413
45345,0.6733406155630512
45349,0.15466564298647312
45350,0.8100750800587974
45353,0.9298239238994199
45354,0.21256755183699133
45355,0.048159243509167574
45358,0.7056654316286227
45362,0.4612606915722179
45363,0.4102420400200861
45364,0.8069293544277273
45365,0.4381536734146082
45368,0.8836156745264658
45374,0.7855697830282773
45377,0.10848462553703625
45381,0.9175761801762911
45384,0.758721600562794
45385,0.8260307840407275
45386,0.4842806150959939
45388,0.7870076909308547
45393,0.36575315513905665
45394,0.30660649382892474
45395,0.39947013442386814
45398,0.3788024176223876
45403,0.40714097984918296
45406,0.34696728153987394
45407,0.9279247578609356
45411,0.274825963222044
45414,0.21877759043708353
45416,0.12331890753972602
45419,0.0926351028367617
45420,0.12766207968442733
45421,0.1858351156711297
45422,0.12441642150324413
45423,0.8882405380032087
45424,0.7594650824052829
45426,0.24217935821476294
45429,0.5129669972008117
45430,0.4570781781401014
45432,0.19733688287179763
45433,0.6060246432381776
45435,0.7721815475075747
45436,0.22002702939779792
45437,0.7880926402361698
45439,0.6642097729457382
45440,0.8655494195886385
45442,0.5118882066869822
45443,0.24606679299339101
45446,0.5905225215552578
45449,0.4669122324146072
45454,0.4859318644498273
45459,0.8694414976541155
45460,0.49344860816560354
45462,0.9294080566810825
45466,0.7856208924077639
45467,0.5620129170724859
45469,0.6099271927513161
45471,0.8514633708720621
45472,0.3836505587555037
45475,0.7469036391770614
45477,0.7832243263267407
45479,0.5203021827631622
45481,0.22961863014567926
45482,0.8797321076201661
45484,0.8091233782150646
45486,0.57096039793097
45487,0.4222141280063746
45491,0.07848775968398702
45494,0.2511944537026329
45495,0.7656449768956167
45497,0.19993263413541235
45498,0.708619247260116
45500,0.5370790517959537
45501,0.5451570682930055
45502,0.14145487534699863
45503,0.2586468228865535
45504,0.28075004209061305
45505,0.940055841821041
45509,0.0778649287766812
45517,0.7750639695256544
45519,0.8432739666725992
45520,0.7932189703285231
45521,0.5997611321211227
45522,0.8086176044447616
45523,0.7183372694231929
45526,0.24441346487168342
45528,0.29236208349759296
45529,0.4542443313555917
45530,0.3217334857863274
45533,0.29250521821239023
45537,0.6736479732909602
45539,0.6901285769082943
45540,0.6943170160107204
45544,0.7787373979357328
45547,0.18403260836053956
45548,0.10688080093670227
45550,0.3632843155295207
45551,0.7617289369638734
45552,0.39970841819565717
45553,0.1338768193356086
45556,0.6348743296873078
45558,0.2825418983900394
45559,0.8093634794853307
45567,0.3522598981004589
45569,0.6546201106111174
45570,0.835702901368641
45572,0.6803526504610564
45573,0.44158757558046685
45577,0.2589009939062249
45579,0.17879695790931305
45580,0.6441034761439118
45584,0.9313479650380383
45585,0.36736092248671837
45586,0.6111816189068295
45587,0.21726448909824816
45589,0.7099857984302536
45594,0.26971022160869906
45597,0.38032161468122433
45599,0.6443933129216429
45600,0.6252822351081679
45602,0.5292544838558096
45603,0.7144186342981108
45604,0.37812452783210265
45605,0.28758052891054203
45608,0.3458359016203584
45614,0.9131259491865213
45616,0.5013574409677828
45617,0.4492419265552372
45618,0.6120108092548002
45621,0.5740550208352122
45622,0.8024100461141297
45623,0.456674197683431
45624,0.19777648793660035
45628,0.7227548925680366
45633,0.5863773218445795
45634,0.6055700678391306
45635,0.06594778022144115
45638,0.8655566172272011
45639,0.8018734829183796
45640,0.44359814042422624
45641,0.2220490436616901
45642,0.8619284204214457
45644,0.5191872054998331
45647,0.5770211821064227
45648,0.792150867329648
45649,0.2797974842839129
45650,0.35041201206994826
45653,0.8543275364516454
45654,0.6457379388990685
45657,0.33433066971074654
45661,0.5586590245238356
45663,0.7196208578765406
45664,0.703479791755297
45665,0.48182001294853194
45668,0.19576951481148028
45669,0.609059634425476
45673,0.2720592608498858
45675,0.6351454974129159
45681,0.6970963210391967
45683,0.43996943873852035
45686,0.2568067067129497
45688,0.38151805755103346
45693,0.8285997981178245
45695,0.38813431079220423
45697,0.025829019779402378
45698,0.8478342531434927
45699,0.7128105522400966
45700,0.8451240272085375
45703,0.8760181307906861
45706,0.2840645268260197
45715,0.48467922078188036
45720,0.2885274932097722
45722,0.18026508152070939
45723,0.48875989868371966
45725,0.6897575308449736
45726,0.2372642635822394
45727,0.6441911918951968
45728,0.2463136800157769
45732,0.24595803856308104
45733,0.5533796693547225
45737,0.4227132458319775
45739,0.3655707611474404
45740,0.6633045250656092
45741,0.8354691990067568
45743,0.17669259173266133
45746,0.8253411210404225
45751,0.3266322869557277
45752,0.7852308487435374
45757,0.7558358024010742
45758,0.694357686962936
45760,0.2623516833411799
45761,0.5647043335491971
45763,0.8360026918187309
45768,0.027058933406650127
45770,0.6879509613939453
45771,0.07742845071332144
45772,0.855798709657215
45773,0.10910290566941566
45774,0.8487689894508725
45778,0.2959758838035341
45780,0.34257011690635925
45781,0.4207268889559231
45783,0.5136678918387318
45785,0.19892077654461682
45787,0.557373434867388
45794,0.5848760449170123
45796,0.6516092123726603
45797,0.7521810662437399
45799,0.8368605702630979
45800,0.7744638997935882
45803,0.4441281543378014
45804,0.6138590248643363
45806,0.8610594585797195
45810,0.45792393261196157
45812,0.6641150318712696
45814,0.25563948446271484
45815,0.7079371907138949
45820,0.6005174776506984
45824,0.43346253999957096
45826,0.4879681928581353
45828,0.4659062247753396
45829,0.9172002277920963
45832,0.5160957830345931
45833,0.6939546423677332
45834,0.9914516851887154
45835,0.8635141982709152
45837,0.9187686479602182
45838,0.15565048990741032
45839,0.12136084297504768
45840,0.5548022454166548
45843,0.2406673782872487
45844,0.7085518119410766
45845,0.3688364372127561
45846,0.7375504206693921
45848,0.9075209530590387
45849,0.2491619960477745
45854,0.658704962031507
45855,0.7415461686487475
45856,0.7937015563577356
45857,0.28019539454113734
45858,0.22296663098526998
45859,0.7920962035428297
45864,0.5862064002943128
45865,0.10156680415436259
45866,0.36071348764104866
45867,0.26246035297571724
45868,0.42025409382698914
45869,0.3431216991229797
45870,0.40368519544338516
45873,0.8659415158655142
45875,0.2312811680066442
45877,0.9287422993792864
45879,0.2461144311107701
45882,0.2354908848349034
45883,0.14369347451812878
45887,0.6279608249941369
45888,0.4130645233811122
45890,0.04879369760251622
45892,0.6253939193268081
45893,0.36996502207496174
45895,0.4225974082884066
45896,0.6714263924618898
45898,0.44064602831434435
45901,0.28132721684896617
45902,0.692629275987328
45903,0.8955347088601388
45905,0.3043608805386614
45906,0.2270383524769838
45907,0.31407395592925275
45909,0.41991081910689837
45910,0.32753736947395007
45911,0.4058911886659904
45913,0.5283773764726136
45914,0.08531113856031484
45916,0.2418872075299914
45917,0.40725146002009305
45920,0.6121095232318153
45921,0.6544593373989793
45924,0.39115169926161286
45926,0.5876354146586529
45928,0.4536650530670841
45929,0.47545620865353244
45932,0.4953815935535573
45933,0.4003568763768556
45935,0.2658073321399496
45936,0.2813534068016145
45939,0.14887965785891497
45940,0.5160287910103526
45941,0.46257430368709684
45945,0.5846407572211963
45948,0.5679427429470302
45952,0.6511475460495446
45956,0.13083800220988462
45957,0.3444763229294567
45958,0.8754446957366554
45959,0.2228199168583361
45961,0.771470725437916
45963,0.15075370948489059
45964,0.5940273997101769
45966,0.6119150446202647
45969,0.7320403575004736
45972,0.48375985484231837
45974,0.3964547098724254
45975,0.16301467988562515
45976,0.5259854558989564
45977,0.6451310567387808
45982,0.6159823729983138
45984,0.942728894774693
45985,0.5903228145624883
45986,0.17759982329832813
45991,0.44883804021550117
45992,0.4714627285013079
45994,0.39426144939216123
45996,0.2044614713607345
45997,0.14772217519190833
45999,0.6683207589242693
46004,0.6047777441609188
46006,0.7211457683097925
46008,0.07302056010955653
46010,0.23670453495860772
46011,0.6146514483525433
46013,0.1675735818101907
46015,0.22318679882655126
46016,0.8416996979574077
46017,0.1254777332932523
46018,0.7126385268778996
46019,0.19193328807946533
46022,0.5131032734755562
46024,0.5412700493560088
46025,0.5370999620003335
46026,0.3766369007859677
46027,0.6422605849169462
46030,0.4716882170279531
46031,0.3037634319193028
46032,0.5920288188181284
46035,0.8686734437347351
46036,0.6148927207294975
46037,0.6829226821885623
46039,0.051377760052693865
46043,0.3622507585284437
46045,0.24654516276966834
46046,0.36996907340047147
46047,0.6879453828564602
46053,0.27061476218282327
46054,0.24693363296902163
46055,0.14052691995568095
46056,0.6706284363059791
46057,0.4433236952185951
46059,0.7815889498006922
46061,0.30194577485628815
46062,0.7348788094222177
46066,0.8213980935627935
46067,0.8603782631314238
46068,0.6283879894206742
46070,0.8685666717850943
46071,0.16247187898409665
46072,0.26556070128873227
46073,0.4288096489390891
46074,0.4109769762459475
46076,0.6283130758257814
46080,0.5509788293205748
46081,0.19242821078359681
46082,0.15211273236508327
46083,0.5169769526451593
46087,0.5413174062211815
46090,0.21107709943856487
46092,0.6613114063729677
46093,0.4519481962327783
46096,0.7827172099370479
46097,0.357572920162878
46098,0.8033564986565351
46100,0.43745344204537107
46101,0.7218503061726708
46103,0.5989917611127934
46105,0.7408402516161778
46110,0.5643454667526236
46113,0.3163375728046479
46114,0.5745777953777417
46116,0.3657390187433206
46117,0.7089520959129221
46118,0.8163169754158461
46120,0.9229208988136377
46125,0.5339232963797778
46128,0.7258768411507728
46133,0.7765625364884254
46135,0.9645219425245544
46136,0.6174757867412697
46139,0.821276817055985
46140,0.21306577555295234
46143,0.2274547205388635
46144,0.4315794210172379
46147,0.623190954742038
46150,0.5702294868431651
46151,0.5704496290066519
46153,0.3848263383118851
46156,0.7257652434960973
46164,0.5402708701945055
46167,0.2721842644437392
46169,0.17399775334024567
46170,0.8042292695821899
46176,0.5990184798188072
46178,0.05959114614662052
46183,0.284105106129904
46186,0.48143325817878707
46188,0.575605930024221
46190,0.7274453293527504
46191,0.8545410797108773
46192,0.7619526504742931
46193,0.37145574995289704
46196,0.6594229479052385
46198,0.583363734662166
46199,0.7720262263205045
46200,0.3349933275169154
46201,0.3168139851349683
46202,0.4995256438210471
46203,0.783127972311467
46204,0.6567133549043115
46207,0.43462780928955036
46209,0.6929770171021846
46210,0.8245889070122735
46211,0.7053297467436105
46212,0.6809913831721813
46216,0.8995870552267751
46218,0.6827603039132718
46219,0.7297192165892065
46223,0.33953186802772534
46226,0.25595420622435094
46227,0.8023801028772154
46229,0.6803650243441889
46230,0.160046821808057
46231,0.5673691527344848
46232,0.19321346293831107
46234,0.5849376244966944
46235,0.5298778099377929
46237,0.30081252650397433
46238,0.4434901359100208
46239,0.9197103081830267
46240,0.06993121476790276
46241,0.9422694287504939
46245,0.1926583041276905
46246,0.7607575338082494
46249,0.9120680926066306
46251,0.3874666266591108
46252,0.4817301319608648
46253,0.7737562800462113
46255,0.7073876026568435
46256,0.6588332848912183
46257,0.2291219505129513
46261,0.6233140131564708
46267,0.6440615593020057
46268,0.6147726766650481
46270,0.7061244472889491
46272,0.8736247379432766
46276,0.30076178871100057
46277,0.18374571168824244
46279,0.17696454037504203
46280,0.769566412093002
46281,0.11701072678143232
46283,0.40468793247035445
46284,0.6365626217692079
46287,0.6795377343860799
46291,0.8896311048223123
46293,0.5322315433531535
46296,0.6846093919370024
46297,0.10440329307372566
46299,0.47277369480449827
46301,0.36051733664245156
46304,0.0721940886829254
46306,0.2583662867789394
46307,0.5356211038393806
46309,0.7808583352117786
46310,0.25341850680577416
46311,0.6179116216283103
46312,0.04489429633403611
46313,0.321272697214879
46316,0.502931933776784
46317,0.2578980094501541
46318,0.11990115324252335
46323,0.8214772411202558
46325,0.7050854052118981
46328,0.6161272680413651
46329,0.8015902213314292
46333,0.5364164891048112
46335,0.2367483638589876
46338,0.26966016520316965
46340,0.5009700434046475
46341,0.7429950336588309
46344,0.7236779673936299
46345,0.6069001239923026
46347,0.5632722714473394
46350,0.6049520075228763
46351,0.9829767063109909
46355,0.7851986525149237
46359,0.8563809958012074
46360,0.6324271198417839
46361,0.5713448010823351
46363,0.1311251203147575
46364,0.2731869627130218
46365,0.5983703115032966
46366,0.7641534010437305
46367,0.6106696551834608
46369,0.7740819397896995
46370,0.5338209676951767
46374,0.5329295157434674
46380,0.5086082490147527
46381,0.7412425484044486
46382,0.8885383663908121
46384,0.8403052199514022
46385,0.14448216677153009
46386,0.26711744007438576
46387,0.5500981773893531
46388,0.5701462286011186
46392,0.7759458256882151
46394,0.35473545723211414
46397,0.48404274451738694
46398,0.2615913073846363
46399,0.23053094101304997
46401,0.5653651623158934
46403,0.9023010998745126
46407,0.6421368637127397
46408,0.4895255386215836
46412,0.5103569294156358
46416,0.7208296400479796
46417,0.40937748852267786
46418,0.6230682769855945
46419,0.7704690207848928
46420,0.8765356374700108
46421,0.6899315522729484
46423,0.6227779008704638
46424,0.25302910251719507
46426,0.7233801810970287
46427,0.6275970519436497
46429,0.7759173116764368
46431,0.9727995264038308
46432,0.6410284220573088
46437,0.6026294990068545
46439,0.725470536519996
46440,0.22537246468962172
46443,0.32298195314533373
46446,0.5754263072808301
46448,0.607051157621661
46450,0.787592519490449
46451,0.7309448016824125
46453,0.4525731399597044
46454,0.3689633205311427
46458,0.37044001790361336
46466,0.5215786132320941
46468,0.8153217618164552
46470,0.40940301881791963
46473,0.9552803864948578
46474,0.49666416114830564
46475,0.7258111798463203
46476,0.725579896557087
46479,0.6928113126812032
46480,0.2694644523705815
46482,0.6321845583507337
46486,0.10404807233065339
46487,0.40516543929351895
46489,0.4022469193015852
46490,0.0757639903902411
46492,0.6920103401847738
46493,0.42757890774035706
46495,0.4223150486503848
46496,0.7002293538208832
46499,0.8293356364076582
46500,0.7155132158988661
46501,0.5282494391102138
46502,0.4268154253089231
46503,0.3623564486493723
46504,0.27986686309346726
46505,0.13692859378486927
46506,0.32428452138775143
46514,0.24073555862225093
46515,0.05272577746423832
46517,0.1616565487428304
46521,0.6657335791592163
46522,0.5977834114483973
46523,0.4698737719192399
46524,0.326321190918769
46525,0.8006274117182631
46526,0.25398599619467394
46527,0.5664357380253502
46529,0.6004868031267309
46530,0.623728060009527
46536,0.4347314603285473
46537,0.6860701841258241
46539,0.3440976804373982
46541,0.5668070715705098
46543,0.8726469918276956
46546,0.4855912853023026
46548,0.7212142200121181
46550,0.22704063796787213
46551,0.689858809332839
46558,0.17674044720011753
46562,0.5406625757674007
46566,0.7117757594085968
46568,0.15942220445796038
46571,0.3810094875588502
46572,0.9347580487335705
46578,0.314175562188072
46582,0.5587853061476359
46583,0.741472289438955
46584,0.3368013857957101
46585,0.4580445587903748
46589,0.38975224624687566
46591,0.6904921167855024
46592,0.6756007433840842
46595,0.21016843844076893
46597,0.25467751476071043
46599,0.824165348304928
46600,0.6237248378676058
46601,0.6483975522663253
46602,0.5689032254511593
46603,0.5535581265642019
46604,0.722147913073533
46606,0.6030431402234526
46607,0.6542568303642926
46608,0.396842856271563
46610,0.7960269944776371
46615,0.24722560112834005
46617,0.364672296875139
46619,0.3713410137683764
46620,0.22931147885812192
46622,0.056872496082492216
46624,0.8052567503191638
46626,0.5547693083783741
46628,0.24008979882265272
46631,0.34732678249156507
46634,0.9648877488731092
46636,0.3639071144848421
46637,0.6024406581028955
46638,0.2369565130608603
46642,0.993047945016027
46643,0.3659351381026109
46644,0.23436115223398696
46645,0.8895598320844185
46646,0.5516443700096655
46647,0.6680288861442759
46655,0.6261991646854447
46656,0.20265292740495428
46657,0.5102852504619702
46659,0.9499674282620888
46660,0.3951351362701516
46661,0.7769214382425597
46665,0.46244942106617976
46668,0.3991627626835628
46669,0.7224870646337727
46670,0.3391649441524535
46673,0.21851393419776646
46675,0.9311973242624549
46678,0.5329783667562875
46679,0.14694859095065574
46680,0.734322449834024
46681,0.686969031110219
46684,0.7641402873502788
46686,0.721662233868777
46687,0.4157131217736444
46689,0.7916409920166589
46691,0.12655915258230915
46692,0.4682835447446717
46693,0.696786304425601
46696,0.4426317116067326
46697,0.8776863771541589
46699,0.31587290404408974
46702,0.46488019446768014
46703,0.3316763318047803
46706,0.3599830469642947
46707,0.09053846845271077
46709,0.746204214913779
46710,0.7437484566978353
46711,0.9611274028242737
46713,0.6409009589342385
46714,0.443817275909415
46715,0.07061425320157216
46716,0.13674712933481434
46718,0.828873048126558
46719,0.6193106820278768
46720,0.537424668460973
46721,0.5825618304807396
46722,0.19281014018396642
46724,0.940140597174864
46726,0.5140072556619745
46727,0.4500449592309269
46729,0.73484412923549
46730,0.4424561935227609
46735,0.7831685520960365
46736,0.19144418539385508
46737,0.4655985774911776
46738,0.1399496450520094
46740,0.3030923742784696
46741,0.26446943553925645
46743,0.802091246872286
46744,0.3728316885547368
46745,0.8981005239616914
46746,0.1698445653511968
46748,0.6813640449590173
46750,0.6263528660062856
46751,0.30788083930337695
46753,0.13486006267707262
46754,0.36065191306159
46757,0.4679080570104049
46760,0.8499416035488923
46761,0.5850895474727962
46762,0.7771714696868037
46763,0.2512775506401422
46765,0.5503911441971585
46766,0.7664692253799643
46767,0.23842107158415096
46768,0.9125176136436005
46769,0.7032643211421318
46771,0.475460829587715
46772,0.9331112250543178
46774,0.3394943223629845
46776,0.4752354341400573
46777,0.8952755669832267
46779,0.31208374281085477
46780,0.40605739119460976
46781,0.6698811018462091
46787,0.37391201750283637
46791,0.319574287398495
46796,0.0575507954570087
46797,0.19390894742065345
46798,0.06868415364104052
46799,0.7174526584728489
46803,0.566660281033699
46804,0.40924265458668757
46806,0.5077167005432366
46810,0.5818771701697534
46811,0.9017278777211994
46812,0.11464882681281399
46814,0.6867619506089055
46815,0.3803459211336239
46817,0.5813513359916963
46819,0.6624533688747528
46820,0.21758145575427254
46823,0.7255735530867529
46825,0.8267017951216517
46826,0.8776768229256036
46827,0.5124788651022011
46828,0.7463229460963436
46832,0.6971222750260138
46833,0.6312586632740328
46834,0.27848065611369605
46835,0.8374130960992555
46836,0.27411708423598774
46837,0.8519627562711587
46838,0.670834060314873
46839,0.1998248522721895
46840,0.49156898048725567
46841,0.8214861936884588
46845,0.42685756144501585
46846,0.10422923684873217
46847,0.18554778886599765
46848,0.4790988311767824
46849,0.2892621904858834
46850,0.729410368704326
46851,0.7929716971447955
46852,0.14039161573264275
46853,0.3369150522507844
46855,0.06892241474497325
46857,0.8475174594729145
46860,0.5541372021136589
46862,0.6029890097920608
46864,0.9363467506665933
46865,0.19984021749785105
46867,0.1456618278339258
46868,0.6805358611195171
46871,0.2992077823147754
46873,0.6675339457937673
46875,0.057130929563120623
46882,0.11211475650211203
46883,0.5558215140023226
46884,0.1595030920990582
46887,0.5228482587433171
46890,0.4645684503923517
46895,0.6468771613601001
46896,0.238157740223801
46897,0.4332599225361369
46899,0.26634615896296476
46903,0.07257529835452733
46904,0.35042565360370426
46906,0.18918377266042996
46909,0.6798450028187419
46911,0.38301683685715576
46912,0.4903715676748279
46915,0.3337313577371226
46921,0.3540580289104764
46922,0.09693007643912117
46923,0.5561338494846443
46924,0.46059130285021954
46925,0.3869204958199015
46929,0.7137043698143419
46931,0.729360255345622
46932,0.8806854989203288
46933,0.6711733080365989
46934,0.6447154625591668
46935,0.6313998209695779
46937,0.3874236738679178
46938,0.7669728574735235
46939,0.620470394678252
46945,0.44721633021227875
46946,0.4243917644114182
46948,0.40263029290281444
46949,0.31600934630290484
46952,0.9750695593747837
46955,0.6399698803339858
46956,0.6893177282913282
46958,0.2846921376645982
46962,0.9099052952906553
46965,0.29210998296968493
46968,0.6823562864852611
46972,0.24142130081256963
46973,0.7969756382383245
46974,0.5128537121935968
46975,0.5241897725895739
46976,0.36590262302673837
46977,0.4136826347672024
46979,0.26508631544424427
46980,0.6595570690296356
46982,0.6434018919178173
46983,0.3341570284972829
46984,0.21483388976355355
46985,0.2666890701157261
46986,0.6979396274441165
46988,0.08178681043435951
46989,0.7196253891121496
46991,0.8937839163849436
46992,0.17668705011271368
46993,0.6598370423334994
46995,0.03709925502215979
46996,0.31878931310044456
46997,0.7749946135569841
47000,0.46386997229561716
47001,0.5187004814196561
47002,0.4067315646784133
47004,0.16232558412830891
47010,0.49399282728808747
47013,0.5419529722630705
47016,0.6374792973739586
47017,0.7995781464706603
47018,0.8724765569674744
47019,0.3325151321081544
47021,0.5584070926959039
47022,0.45390033607297536
47023,0.2266332477519713
47027,0.1786209209300108
47029,0.5958244741069284
47030,0.6912278648070774
47031,0.4096802980033055
47032,0.7650718346281776
47035,0.07045062352777968
47036,0.7190299951493415
47037,0.35364056365825053
47039,0.7027971052319987
47040,0.02791635833575775
47043,0.8904407415864226
47046,0.3017022931345029
47049,0.20255654815681073
47051,0.5207713095380883
47054,0.3252896862094087
47058,0.6573386555851108
47059,0.4977996576234517
47061,0.28029377231658126
47062,0.31486694131398757
47063,0.23180323159630628
47066,0.5999649752230661
47067,0.18299423536390136
47068,0.06012449983809361
47069,0.9673503661438814
47070,0.40200095990057244
47072,0.7952486050894099
47074,0.9338705634016615
47076,0.86509174630679
47077,0.9270597812100075
47078,0.7771446972248102
47079,0.6351727025605879
47080,0.9255735829132115
47081,0.9054437997497873
47085,0.8606216292179304
47086,0.20816547009429623
47088,0.48001948500633235
47090,0.246244971864611
47093,0.5546169509468615
47096,0.5696275103948011
47098,0.7977232962335401
47099,0.6888296605880065
47102,0.7958525570269455
47103,0.6470302756597008
47104,0.783045056825374
47105,0.7800669847470305
47106,0.38127941184402553
47113,0.7796975512655175
47116,0.05197745102962242
47117,0.4706461794055084
47118,0.028989868645883123
47124,0.6030706625966062
47126,0.6797327053170772
47127,0.61227403387952
47128,0.2940174562975418
47133,0.77472233218197
47135,0.3552282456818396
47136,0.6261375730286123
47137,0.32846286419871423
47139,0.4815299564278921
47142,0.25067862568693294
47143,0.7795335191922117
47144,0.6846782098137432
47145,0.2505068404383864
47148,0.8336414025867958
47151,0.37203758368457795
47152,0.5852077179384898
47153,0.09942689828727284
47156,0.3389918225998225
47157,0.5216992932952139
47160,0.7610964207922493
47161,0.492882139679786
47162,0.8284307396444893
47164,0.21280456408466306
47165,0.3443890307150195
47166,0.1628037670908802
47168,0.6694808328938162
47169,0.48689422719834746
47171,0.7204085242996576
47175,0.9697210676766347
47176,0.37934137864412304
47178,0.9691589950808707
47182,0.3813504800369831
47183,0.32491507157891814
47184,0.8392629683205136
47186,0.7858735042610325
47189,0.7876475000980601
47190,0.8561130241743792
47193,0.21990844732114959
47194,0.42149101041367415
47200,0.8538259059930137
47205,0.43981211482085697
47206,0.439166915301062
47208,0.8724671798222188
47213,0.27597155119423034
47214,0.7024144572877264
47216,0.7362268662687289
47218,0.2780564027111721
47220,0.7245433723622555
47222,0.6544194695418915
47223,0.5922097706857943
47224,0.6865508470939369
47225,0.6216069059999627
47227,0.5462355653337051
47232,0.6963071392381665
47233,0.6544488089327543
47236,0.6733457005574841
47245,0.5784205404487254
47248,0.4564416787909649
47249,0.3366978291882776
47251,0.6520162870990625
47252,0.6749884860051107
47254,0.08306674219344222
47261,0.31375927737444953
47262,0.5507243092653862
47263,0.730864090500396
47264,0.8047119960679737
47266,0.7271941777607729
47267,0.8351464565916676
47268,0.5557685787528545
47270,0.21996242010616346
47271,0.13681217187449987
47272,0.8167117107079439
47278,0.7968592224048543
47279,0.7106821275981922
47285,0.5184353539174187
47286,0.10436940262917041
47288,0.24733869958590335
47290,0.264001467950455
47295,0.895571950499135
47296,0.20294867571721215
47297,0.7042548048590942
47299,0.24408094909708644
47301,0.0890544688445176
47302,0.7976614447234855
47303,0.5885375731822354
47306,0.80482692503622
47307,0.51903549885496
47309,0.5937757349621736
47310,0.08987580543648144
47313,0.6598379361248673
47314,0.7523754491226431
47317,0.727013596175408
47318,0.5661404821131337
47320,0.27132756271268776
47322,0.5831615553110512
47325,0.41424385496478056
47328,0.3514342279365736
47330,0.22445535995143612
47331,0.39124922386066735
47335,0.8199856847293624
47338,0.7160443479437728
47341,0.44420568784095893
47342,0.2451078984675162
47345,0.789993849492698
47347,0.041317499667940426
47348,0.22195561086540103
47350,0.833668044132689
47352,0.6339075680548186
47354,0.1196848135295117
47358,0.49687289078110597
47359,0.7168182105259474
47361,0.5340409898846536
47362,0.5001923368983833
47363,0.6874151167978423
47364,0.723199882752421
47365,0.682107532109921
47367,0.8334851376575665
47369,0.5931881272777453
47371,0.5102558852521751
47373,0.5056430002422696
47374,0.23093897883403694
47379,0.7060955749513217
47381,0.4555111323524233
47382,0.6510664081079085
47383,0.12379976518638379
47385,0.6580909982331589
47387,0.8752088634892322
47388,0.33887958270915314
47390,0.6234702612274605
47393,0.1381579478047127
47394,0.5031387323548975
47398,0.20994598974717427
47399,0.26510923090805666
47400,0.8494745283454378
47401,0.8850113560090894
47402,0.5571928413366449
47404,0.20594231747969324
47405,0.9281143012167377
47409,0.5007393387233018
47413,0.6449472111994269
47415,0.3492087488712456
47418,0.26137312273065316
47419,0.8585215959709961
47421,0.7709619784258511
47422,0.06326581780692128
47423,0.7172013286961844
47424,0.6648816571940703
47426,0.6074863389447533
47428,0.2903503790949753
47430,0.7849101498024513
47431,0.5660353450445834
47433,0.7672997167389722
47437,0.6227449025300514
47440,0.7643850672085343
47441,0.8338211879818935
47443,0.718655904882138
47445,0.9649255408976054
47448,0.10484615443226322
47450,0.13305695019561012
47451,0.4477566904703844
47454,0.709934874734489
47455,0.21928951409409728
47458,0.4063427769955379
47460,0.9045756316538588
47462,0.45073159685863695
47463,0.42716131778384403
47464,0.14726724193949262
47466,0.19342214012906334
47467,0.2098829331510328
47469,0.15930955876607558
47470,0.38721399035307663
47471,0.15512724579329507
47475,0.7813288674936628
47481,0.21433165424458306
47482,0.3366767954125001
47484,0.8706851813610084
47488,0.2978594484029662
47491,0.5841259170391916
47492,0.5176503095953313
47493,0.5367600279417065
47494,0.8921196059816329
47496,0.420274754143261
47499,0.27319110569531846
47500,0.5955213884126063
47501,0.8766248929291974
47502,0.5887643509752447
47503,0.13982755942138494
47504,0.4895997436676356
47506,0.38778361468409145
47509,0.9388491401783748
47510,0.2960387740248273
47511,0.5125024419939347
47513,0.37694551123895326
47515,0.39053299759196614
47517,0.5069262770257067
47519,0.33721704120199064
47520,0.8919655752682022
47524,0.531055464295509
47525,0.2872672026290601
47528,0.8181957580466426
47531,0.8200049946591238
47532,0.30816218868841333
47533,0.7346189518270657
47534,0.6654233326005837
47537,0.8709762281880279
47539,0.7397918927240369
47545,0.7973308827367122
47546,0.5515675765071406
47550,0.4914313168681725
47551,0.2156706900778667
47554,0.3985469694728685
47555,0.7840751149700214
47556,0.5862870612654998
47557,0.7144016502961473
47558,0.7804519941168936
47559,0.7223056324106468
47560,0.9478838246770515
47562,0.903294463379969
47564,0.7696407309772557
47565,0.7723749581456064
47566,0.752949956373498
47567,0.5499929308521018
47568,0.8924266882086481
47569,0.32489633622030534
47571,0.6524216987048527
47573,0.5229354312893466
47576,0.38434538649475997
47583,0.07342547032488714
47587,0.25700367197203394
47588,0.5959805166767287
47591,0.7787070757125163
47593,0.9402928412883946
47594,0.914390045931385
47596,0.06499937268337334
47599,0.2074063213125471
47601,0.819952807440178
47603,0.07995973135022491
47604,0.2754960300824084
47605,0.49490496573657017
47606,0.6591232629213152
47609,0.7454617091157407
47612,0.5921729824786344
47613,0.0805340944592885
47615,0.3314704293738147
47619,0.15990780582535175
47621,0.6558181969590107
47623,0.6540759181376885
47624,0.6136785857345579
47627,0.027932024313047518
47631,0.6172667831821554
47634,0.15609419674043354
47641,0.13976366850679595
47645,0.8365368255253837
47647,0.8695609784727301
47648,0.1333600231595115
47651,0.6022305615606555
47655,0.7571862191029276
47656,0.5093286400107898
47663,0.06958679937598089
47667,0.9078064726816373
47670,0.674385685559863
47671,0.5578725675644806
47674,0.28743236400262945
47675,0.28249855336324164
47677,0.34230772491569883
47678,0.3608279550977492
47680,0.6743004101899993
47681,0.6339642221618343
47682,0.17779176405901592
47683,0.6173961431419264
47684,0.3672179583289939
47688,0.5542364571234296
47689,0.5699217829700023
47693,0.6735658633395979
47695,0.08627247984294766
47700,0.2839325253994912
47701,0.3160992224633175
47704,0.9582029108061855
47705,0.1749078474357553
47706,0.8655629510515965
47710,0.6801430465033316
47711,0.7976348258764441
47715,0.9593137986731984
47716,0.1989128465284723
47717,0.7897559005994236
47718,0.39003454183901953
47719,0.7038362896433755
47720,0.5959505724056667
47721,0.8979169161182516
47722,0.4324932164892818
47725,0.7041902043010572
47726,0.39059967776504967
47727,0.21123230427505876
47731,0.19447429835415186
47740,0.3836271518199748
47742,0.2009556494323748
47745,0.645992283331003
47748,0.9771904498830122
47752,0.8942112686557138
47757,0.7309412672912586
47759,0.19977138949924458
47760,0.8606515155291184
47768,0.9485044700268339
47769,0.36395618625265047
47770,0.6192941278489353
47773,0.19347715474536709
47775,0.879763480741898
47777,0.8556384174800472
47780,0.5889212306044245
47781,0.15124847627599394
47782,0.8065021941612472
47787,0.7018061509928915
47789,0.8551346953236425
47795,0.5107708322249224
47796,0.5223335237216138
47797,0.21616120781495937
47801,0.9862501224836778
47807,0.8243799539904145
47810,0.5773515405899877
47812,0.3132631908505922
47813,0.8733257264223145
47814,0.1524825045778255
47816,0.4936045802817736
47817,0.5749192062741554
47820,0.2510017127633678
47821,0.7956700840940193
47823,0.40859930267665323
47824,0.7039773573797182
47829,0.6107715690710713
47832,0.3559060261487221
47835,0.48586380950139535
47838,0.11063641974493986
47841,0.2398242442763133
47842,0.2699489307569596
47844,0.13099815672606424
47850,0.3626602561597682
47851,0.8904648751794076
47854,0.2332093905813423
47858,0.4895084751570924
47859,0.25822744163762484
47860,0.5066605311511385
47862,0.6320441989452971
47863,0.9164430933238916
47864,0.9166615602930227
47866,0.5418160267807125
47873,0.7857251858199081
47876,0.1407095829552083
47883,0.8654050692817828
47885,0.5221148672214894
47886,0.24770452775250812
47888,0.540941571078775
47891,0.7545913773601431
47893,0.21758857127290404
47898,0.18457733896287984
47899,0.4613827177761893
47900,0.444932714531305
47902,0.8856415958460453
47907,0.601606713557756
47908,0.5316757647116488
47909,0.5451837059145157
47910,0.33663496546151883
47911,0.27054129306416613
47912,0.4402689967438684
47913,0.25305055050511027
47914,0.6575176312545783
47915,0.6487782778557787
47916,0.19545453203093546
47919,0.47930528719890614
47920,0.042959538693421284
47926,0.5441846930701179
47928,0.1670696013205343
47930,0.604388040943534
47932,0.5209715693822033
47935,0.41014601854456895
47939,0.4884341479775047
47941,0.7452242774126442
47943,0.4836703861454525
47946,0.6492730384252197
47947,0.7624802691793308
47948,0.28752409388459277
47950,0.4682294383100513
47952,0.042024294286565386
47955,0.2912959149183149
47956,0.2557804694883698
47958,0.12499896708350673
47963,0.4215059427203214
47965,0.44044186469743274
47967,0.9224418729498075
47969,0.28277584977080283
47970,0.32241461382790193
47971,0.6313361148398002
47972,0.9234928628444126
47973,0.4060047802598696
47975,0.36682246892970277
47976,0.6191662666786856
47978,0.6356311895861463
47981,0.2875056813561237
47982,0.22132459927839238
47986,0.522255093718447
47988,0.54655793037352
47990,0.46618231478150257
47992,0.6524401305889257
47997,0.9752966083642931
47998,0.41392812402148244
47999,0.4560585624960948
48000,0.9453852716359136
48001,0.49813311557812257
48003,0.0691305965329764
48005,0.734477201086537
48006,0.6837181412897179
48007,0.280303987807509
48011,0.31147807886236273
48012,0.16868889682147828
48013,0.7007186172176748
48014,0.8009236534380513
48015,0.530746974923455
48017,0.5897086886389378
48018,0.6082568425380004
48020,0.5493895645751903
48022,0.6223885700508563
48023,0.7973342812776283
48024,0.48338606149564783
48028,0.20078257954319823
48030,0.6432520165292799
48032,0.23407818581162218
48033,0.8638174064774523
48036,0.3408661686246824
48044,0.8883451311753799
48048,0.8791665155607462
48049,0.6608648979351868
48051,0.6637868951727548
48053,0.7603441374144815
48054,0.6230528333811751
48056,0.6598744815879996
48058,0.6022392497710461
48059,0.8288834752487804
48060,0.7891849161772573
48062,0.1489812089372332
48063,0.5429297272501918
48069,0.7619686170903747
48073,0.5957077616139758
48074,0.7378028611963163
48078,0.4565747079776804
48079,0.809944138389975
48081,0.6415795212555552
48083,0.5603807305177229
48084,0.921817898136383
48089,0.6819209667090779
48094,0.295594127666863
48095,0.546039111413008
48096,0.635071455546457
48097,0.14782224285881257
48101,0.5422613234718989
48102,0.0969341099309108
48106,0.27351911344824276
48109,0.8684456927887073
48110,0.8187194993605615
48111,0.7943183014496017
48112,0.11356070840764086
48114,0.7260158660866003
48115,0.3283177932625856
48117,0.06381440221557165
48120,0.2170049828732277
48122,0.9094414627003616
48123,0.5400242884760448
48124,0.8674258721142151
48125,0.8540801682067535
48127,0.5324180389591897
48131,0.4211713462753429
48133,0.06380128767504988
48135,0.4729625760208504
48136,0.1384330446480607
48137,0.43913027045492864
48138,0.7991783214580359
48139,0.4297965030018682
48141,0.028863718593774616
48142,0.3969943056873346
48146,0.38381646811848585
48147,0.7086211765332516
48148,0.6408006641876121
48149,0.2997055483033717
48153,0.41461939650243745
48154,0.863683384257968
48155,0.203849437570859
48161,0.06881892723110697
48162,0.4086471456282759
48164,0.13208688925572235
48165,0.8875058816420689
48166,0.7266305559029239
48167,0.5891427186881578
48169,0.5069758927216491
48170,0.7440576375167135
48171,0.22495913944076498
48172,0.7921593254875737
48174,0.6831052143956415
48175,0.3385334850797692
48176,0.40821706517858575
48177,0.16767244200447862
48179,0.6961288039552266
48180,0.21094925027305939
48181,0.5821156181526134
48186,0.1790531573851734
48187,0.39996083492670675
48189,0.39894981281815317
48190,0.21464081432577164
48192,0.7574231804405104
48193,0.6669419177955002
48194,0.05201138507500622
48197,0.9057131619420923
48198,0.42839355731501116
48201,0.48110655292433735
48202,0.8360026045186402
48205,0.2572180270371494
48206,0.603913591952983
48207,0.33869356529205696
48208,0.3127077464351222
48209,0.7750333660871496
48211,0.6838245635105392
48212,0.7513694848050699
48213,0.5221061124205761
48214,0.24053964115754362
48217,0.4634358811579962
48219,0.592943628294247
48221,0.9092360875788064
48224,0.7334855948001937
48225,0.45831888107909885
48226,0.601511736556158
48227,0.7172565940577064
48229,0.313258706454967
48230,0.6803504491048809
48231,0.3991293067669583
48232,0.303092550165387
48233,0.7347127809747563
48234,0.35985173361421025
48235,0.774728064075987
48236,0.24931318854548812
48237,0.538791924956903
48238,0.7789097376056717
48240,0.3523720980185621
48243,0.1356606463688288
48244,0.951205022929489
48245,0.5496169462182159
48246,0.3738009637033742
48247,0.6584857881899961
48248,0.1821187528542519
48250,0.7793164070293104
48251,0.6062612741942272
48252,0.24735501102618648
48253,0.9797821895294301
48254,0.37985994653403843
48257,0.6826479828753984
48259,0.7424618858419365
48260,0.720025788845265
48262,0.5692869454032548
48263,0.06924262643006647
48264,0.2209212951612874
48265,0.19317403189624122
48267,0.19215081204093618
48270,0.25728150653715454
48272,0.7156716217793788
48274,0.4699124031707517
48275,0.6339070857397207
48276,0.4727276195436135
48277,0.7094821588195483
48278,0.6296578406195482
48279,0.7567041421873177
48281,0.777301803074139
48282,0.8873321627029016
48283,0.6652681529703436
48286,0.3904491707029839
48287,0.7779186697449011
48295,0.8578871780129044
48296,0.8078607472243752
48297,0.29553290396218834
48300,0.5670890541166921
48301,0.9462984706249743
48303,0.7676654361726971
48307,0.5472794985506872
48308,0.8568415599455599
48309,0.7548425720696791
48310,0.4592209552068217
48313,0.6701601308830287
48314,0.7565871434797289
48315,0.5286718254551837
48316,0.7928926880421677
48317,0.604220325379973
48318,0.6611298957549896
48319,0.2325261878214414
48321,0.16052299238760637
48324,0.5736059439967733
48326,0.7388092031961944
48327,0.36895652457938033
48332,0.31509306536374876
48334,0.5048593567777775
48335,0.25762541295053
48337,0.8138972912637181
48342,0.38299851830296083
48344,0.7448955989931987
48345,0.8493179332087814
48346,0.7891517003591396
48348,0.7833633652022226
48349,0.9116502560298212
48350,0.20089975259291143
48351,0.7418039102352868
48352,0.7025432537594103
48357,0.35413519721172826
48358,0.9781303357301803
48364,0.7004463951331187
48366,0.5863123537337147
48367,0.7232262855043278
48368,0.2997997323734869
48372,0.6706426571906988
48373,0.24401604863671494
48375,0.7332568506365533
48377,0.03541304932290745
48381,0.19162649953300276
48382,0.6781909071626502
48385,0.3401351121652178
48386,0.9313907303570506
48387,0.5451048897952024
48388,0.8954855589280815
48390,0.41074561826319106
48392,0.4434527181800186
48393,0.5421612896185295
48394,0.6664437759924552
48395,0.713581534019675
48396,0.4954067651149651
48400,0.1408468947391189
48404,0.4931486019413032
48406,0.7171571569907761
48407,0.7353424477716357
48408,0.29292566652039403
48410,0.21907655807021434
48412,0.3442671526817859
48413,0.562294247889097
48414,0.638794932657568
48416,0.5047680539050382
48418,0.35399604486148195
48419,0.5672799584106359
48420,0.6624510764660371
48421,0.6153826462261406
48422,0.34058709162598355
48426,0.6292506490974343
48427,0.9551272936586764
48429,0.5006992198831933
48436,0.418123994587363
48438,0.6240274821008661
48440,0.5103123439708108
48442,0.8180472905729237
48444,0.7819640566961207
48446,0.10594293351348442
48449,0.37514180807611114
48450,0.6519957633234033
48452,0.6075171259737664
48455,0.7140761501521079
48456,0.6377661859797104
48457,0.1387234764685704
48458,0.4054771081534545
48459,0.5877933755908903
48460,0.2947261904443543
48461,0.6324779784237983
48463,0.36703286797693063
48466,0.5842453029582874
48467,0.6074733388559252
48469,0.6721623297112007
48470,0.7279679032701832
48471,0.7411664872711002
48472,0.22815487530377046
48474,0.3736678156032283
48475,0.06660992123586078
48476,0.8138754828671068
48477,0.3798566086283451
48480,0.615578799028203
48482,0.6755856160850726
48484,0.14142268772426883
48485,0.9802218237089035
48488,0.5037904111790394
48489,0.9126098881735322
48493,0.4088633651430133
48494,0.4862409426689548
48496,0.6234127718718228
48499,0.4460082552177286
48501,0.21427894497186536
48509,0.37295620230960674
48511,0.8155294967286836
48512,0.888642596039456
48513,0.7008621478334947
48521,0.22313465841431124
48522,0.7405525843792132
48524,0.3687946120287491
48525,0.1796691340329427
48528,0.417831235458081
48531,0.8482893585075212
48532,0.5602350992000891
48543,0.6516434673331764
48544,0.615132173773837
48546,0.44298335924300164
48547,0.1594805003017524
48548,0.5265994650687398
48549,0.4025491212962041
48550,0.9461896621110248
48555,0.5693364946306281
48557,0.7634312551573544
48558,0.9408901217946781
48559,0.2837423980571588
48561,0.6111035972359782
48563,0.9583786246146457
48564,0.17695799667523346
48565,0.6902336636877872
48567,0.4020867459473441
48570,0.6665045244473711
48571,0.24835542816565903
48572,0.2244333716217255
48574,0.040315518069010896
48575,0.9695477632426873
48576,0.7127381539367241
48577,0.9080988435451853
48580,0.15737962856513996
48581,0.7474052708781007
48585,0.37449525423360525
48587,0.6719090344531045
48588,0.5343321338152052
48591,0.6638118485653344
48592,0.7322027488041968
48593,0.3433851374651121
48596,0.636594562825501
48597,0.44044401679700523
48599,0.6422423241436533
48604,0.32560720478751926
48605,0.4662565700346113
48607,0.7396620939926221
48608,0.8517423648983884
48611,0.6767006786612215
48612,0.3623950249904855
48614,0.11566982734249373
48616,0.7436463578573185
48617,0.7994674326620737
48619,0.6779906739738611
48621,0.6114561245607812
48622,0.606271348079087
48623,0.3234073832202722
48624,0.13791819009007156
48627,0.8502344703455145
48628,0.3504706958854447
48629,0.2155352702434792
48634,0.9271764982417977
48635,0.7710976545114485
48636,0.6983820218064263
48637,0.7449659604472687
48640,0.7365081642437791
48643,0.12429215969690359
48648,0.22363512301733843
48650,0.9148382045425067
48651,0.9239323591620585
48653,0.4937477965135947
48655,0.6329267993150655
48656,0.23462939145607029
48660,0.8862322659118128
48662,0.5293902697484165
48672,0.11845340081350487
48673,0.5747080611223828
48674,0.9566055853499814
48677,0.7409510012277039
48678,0.24499593234794342
48679,0.35916030187544357
48681,0.5374213845022902
48684,0.6335544937976149
48686,0.038822535802243055
48687,0.40791388990849625
48688,0.8621548412765606
48689,0.22150494380980645
48690,0.41134531627742793
48693,0.520696830362614
48694,0.8627239936823248
48698,0.6531383438656858
48699,0.8114209002856095
48700,0.768657350978866
48701,0.9577620192322573
48702,0.8732817681156844
48703,0.19178504277951416
48704,0.5599551607119676
48706,0.4426588823374453
48710,0.8336653615710079
48712,0.7981005066119647
48713,0.808204944572766
48714,0.7272066572208105
48716,0.7396360003147674
48717,0.9410526324812474
48718,0.7132141421574886
48730,0.812228758675898
48733,0.5101169256420144
48737,0.5075558233047082
48738,0.4683283749435237
48739,0.30192772247359595
48740,0.25764667779679973
48741,0.7141136072066794
48743,0.39979994910957933
48744,0.6741953357559323
48746,0.27813187799141437
48749,0.5957863751950592
48751,0.3308506837245132
48752,0.2798354511388041
48753,0.24721311094604762
48759,0.6582419452826098
48760,0.37711909359959633
48761,0.4462415892042457
48762,0.14923288757232037
48763,0.761443432801611
48764,0.6755687225086603
48765,0.7852617939262573
48766,0.16058404554118458
48769,0.6155051733803838
48772,0.2887437951048287
48774,0.902637274055521
48779,0.29115594582620535
48780,0.17294174995333114
48782,0.9901372098176302
48783,0.65619456768251
48784,0.3809446715673828
48787,0.7549443583012132
48788,0.8122274469573721
48790,0.4531784347482488
48793,0.6489104292291072
48794,0.3908863901398005
48796,0.6412768708673181
48798,0.4112802757009046
48799,0.7083688626211033
48800,0.9164617919479718
48801,0.04312985340374139
48804,0.19734211884732195
48807,0.1735996823691506
48813,0.853108070762746
48817,0.5140700210693305
48819,0.0772245274276019
48823,0.5755822151555922
48824,0.5435998691954349
48825,0.8127997203461251
48826,0.490290949403317
48827,0.8723500492414947
48828,0.4066655164744795
48829,0.839716054688244
48830,0.5781581326490025
48832,0.07269333227661307
48834,0.5081197364869051
48837,0.15499802885605518
48840,0.543683325704654
48843,0.5461557900402744
48847,0.7034337233969276
48848,0.8090726965420643
48849,0.6348915097324281
48850,0.3678483706894838
48851,0.13736861263992928
48852,0.10733841893402311
48854,0.8280216157996757
48855,0.15270746340495575
48856,0.098733731875029
48859,0.3732013293677171
48860,0.5438366201529719
48862,0.6392103368512558
48863,0.6008445386392139
48865,0.4440846685659117
48871,0.3116312509775624
48872,0.1809203850608678
48873,0.2113586193885746
48875,0.38076873261880667
48877,0.7840166442902552
48880,0.7057281481888759
48881,0.7866186064902477
48882,0.3855685448470041
48883,0.48223220550420604
48884,0.26865745529733
48887,0.44184377929072927
48888,0.4710203121205151
48895,0.2687044212445435
48898,0.10246701530208119
48902,0.4578919576736235
48903,0.41764585656002945
48904,0.5442200717691391
48907,0.34326362770038915
48908,0.6250058593599054
48909,0.9852963652136397
48912,0.06551390718651401
48913,0.5037686819569444
48914,0.9382486012716703
48916,0.16915961584131622
48917,0.694995731310839
48921,0.458185554687234
48924,0.4817686587267023
48925,0.9398538470616273
48928,0.4517754415888783
48930,0.9188775402589912
48931,0.9008923265358855
48933,0.2715352299396985
48934,0.32817507396719087
48936,0.3550905714158986
48938,0.49162691397267977
48941,0.4884291575493143
48942,0.07169095974627485
48943,0.08426206095919644
48945,0.36401187325841006
48946,0.4556863880013087
48949,0.3858046157112687
48950,0.18693497607214665
48951,0.22773220707117925
48952,0.6724417531049883
48956,0.8083684442750413
48957,0.6266489423897235
48958,0.7618101287853049
48959,0.8051087690086316
48960,0.5259205413301697
48963,0.5964078697579152
48964,0.35058933348296933
48967,0.14276833416916543
48968,0.4514070971420631
48969,0.9307711530133311
48971,0.866719324199791
48972,0.4986053826282819
48973,0.4645190181754175
48978,0.14612315070181878
48979,0.5486282757037306
48980,0.3808348325966035
48981,0.9160702509679278
48982,0.7860839641206645
48983,0.22343177917524143
48985,0.7208479118243408
48986,0.6327023574855386
48988,0.646189177838699
48989,0.9042369199636319
48990,0.48833861143006546
48991,0.37527848733039754
48994,0.8108735670963988
48995,0.6497950130825108
48996,0.4653515913930171
48999,0.9498682665842423
49001,0.37588488807650045
49002,0.7855090588521971
49005,0.19044283427084
49006,0.8134527561319738
49010,0.5436316921300598
49011,0.4700955971680387
49017,0.449945784164051
49018,0.5690644947674843
49020,0.30897206882169354
49022,0.5058459932050985
49023,0.4453378044674631
49024,0.5493329649053066
49027,0.3747873893851024
49032,0.4212325419621378
49034,0.30162800657146915
49035,0.45851412034273403
49036,0.40916634296935134
49037,0.17774948377593455
49039,0.3027786256093236
49040,0.1811812574691646
49041,0.6971764481424967
49043,0.482890809088203
49044,0.9066557200117635
49048,0.1873858569391272
49049,0.338987288191278
49053,0.1548260375576435
49055,0.45607933241773085
49057,0.4941598968479893
49058,0.41959068579093073
49061,0.7912978239331508
49062,0.5168906761874686
49063,0.9500565492779297
49065,0.6888532544489621
49066,0.9194845517728674
49067,0.4732134910383763
49073,0.3699898786752751
49074,0.203109586886266
49075,0.3334481095386948
49076,0.28574432595265514
49077,0.5264334038853979
49078,0.6622026851247675
49084,0.44682534182197053
49086,0.884097436184342
49090,0.5296370327274695
49091,0.3002621601606931
49093,0.5446217593352592
49094,0.718753996225231
49096,0.2135916425001049
49098,0.7718814883891043
49101,0.28285734492359405
49102,0.803216265017599
49108,0.31485776122838355
49110,0.5288569497325192
49111,0.46106536409744103
49112,0.24701107260140345
49114,0.7391029822289884
49116,0.5564931964348614
49117,0.6974904687190648
49119,0.32323152727509835
49120,0.6172718135610596
49124,0.5582467846328961
49126,0.3854161454005401
49127,0.7342151890579519
49131,0.7291025704062125
49136,0.22806492925288865
49138,0.3517966677924768
49139,0.26282953063723313
49140,0.42670155606055865
49142,0.49100726185329024
49143,0.18540983573860365
49151,0.28594237415783424
49152,0.5673315115605055
49156,0.49332356317093506
49157,0.08060566865529584
49158,0.25436451832142026
49160,0.695590951563072
49161,0.4292353696333678
49162,0.7173888441717565
49163,0.20690672659176593
49164,0.8795208199061705
49166,0.9313758098638089
49167,0.6260477341482391
49168,0.6830339882963483
49171,0.9784817809863936
49172,0.26270090565574683
49176,0.23991710518800222
49180,0.36501167963765424
49182,0.5694988854511357
49185,0.2381727115126984
49186,0.5251429157524448
49188,0.5330009804782427
49191,0.46226412278288154
49192,0.7305544026927256
49193,0.5602347622001629
49195,0.6943734675406612
49198,0.7124152952595272
49203,0.28487750875131523
49205,0.15215255303168204
49206,0.6679645897397493
49211,0.3437361128610649
49213,0.6036595212095834
49216,0.6039760398772743
49217,0.6984135416663991
49221,0.47899649642659026
49222,0.4047119930609697
49223,0.16373624531622757
49225,0.7075317148328024
49229,0.3438988279211061
49230,0.7833078957620128
49231,0.3932386709489077
49233,0.31885498600642587
49235,0.5923314524597254
49238,0.3358489992931259
49239,0.1500635037926754
49240,0.808025586022902
49241,0.5658727163793613
49243,0.5522656610341717
49247,0.3259514337610778
49249,0.5147728385517725
49253,0.31381768592499454
49257,0.4572882456449812
49258,0.6411158277047128
49260,0.2756161014939339
49261,0.7887565364196663
49263,0.26569810064542787
49264,0.1729386639795406
49267,0.08768139491499281
49272,0.7486598621767948
49273,0.5286022881220531
49274,0.3870337325785236
49275,0.8630325905955561
49277,0.3751015781823676
49278,0.38837823930443965
49279,0.5269485944889065
49281,0.46310940833583214
49283,0.5404903822347673
49284,0.4987182984978784
49285,0.9030027708380429
49286,0.3177565574130098
49287,0.7100242856324492
49288,0.5687655117906039
49290,0.29192672558519084
49291,0.8956110871835125
49293,0.1564291972406756
49294,0.23791036030707313
49295,0.647527735136633
49297,0.6546954541389963
49299,0.4298150080344334
49301,0.672915321516274
49302,0.11038329913303462
49303,0.08114365446923875
49308,0.6806973147547742
49309,0.8559496657919029
49310,0.4945989953062997
49311,0.22498496826213663
49315,0.3550576552216375
49316,0.4780398294485153
49319,0.644568928664559
49321,0.426705920736753
49325,0.3734207846233626
49326,0.14629344933277016
49329,0.5983221503225972
49332,0.27162293354870404
49334,0.12694267788787555
49335,0.4353673358784564
49337,0.41047670066111613
49340,0.2841833638672291
49342,0.8994644019438929
49345,0.7640815124222667
49346,0.31855070039988787
49347,0.2490293116349359
49349,0.07553931965658138
49350,0.5851761101005768
49352,0.8878306366346157
49355,0.11325803706765773
49362,0.21939797466212496
49363,0.8823360969055851
49364,0.9099167190031299
49365,0.7229032185317965
49366,0.5985840426561259
49367,0.6447081286470118
49370,0.7785670938690725
49371,0.3079507194087733
49374,0.4855984936351296
49375,0.1702506293455816
49376,0.7304282077205592
49378,0.7134861923982283
49379,0.5959820673047657
49380,0.5443443518105586
49382,0.7651187829820543
49383,0.5034434320607378
49385,0.5295921231218355
49390,0.2209949585694888
49392,0.6898272833651243
49393,0.30049213362559896
49394,0.688777896290531
49395,0.21967536910681734
49396,0.8281259294739879
49397,0.4015875214125316
49398,0.46309246849235003
49399,0.8618776067400205
49400,0.7914232084175559
49401,0.3732448736141609
49403,0.8900134116172491
49405,0.558922204359651
49407,0.8515568223663471
49410,0.3295968707820929
49412,0.6594210094232813
49415,0.7615784781825553
49416,0.43157556658642093
49419,0.6618032244072904
49420,0.3866299568400023
49421,0.861336464883064
49422,0.09225754457958898
49425,0.8101200627059808
49427,0.7735703230399134
49430,0.9567020928782077
49433,0.2876520746448181
49434,0.2985402797853191
49440,0.7742352874310905
49446,0.6244675271331235
49449,0.35423901213871894
49451,0.4472630243844089
49453,0.5561047114575174
49455,0.5927869341509077
49457,0.011975241259790631
49460,0.3432651415583995
49462,0.18413602557655287
49465,0.31933830641043726
49467,0.2959056090739548
49468,0.5158915879713037
49474,0.5878877611157443
49475,0.8563300209093981
49478,0.4510869587221033
49479,0.503478451337125
49480,0.87878703770406
49481,0.8019931922394106
49484,0.7460609588553162
49487,0.5563776726897474
49488,0.965625099348738
49489,0.8239203834813882
49491,0.4494505255677856
49492,0.6017534542695049
49493,0.5625276291679938
49497,0.8535164435776323
49498,0.7428492201177984
49501,0.8869735544901524
49503,0.26109023221196787
49504,0.7323434104046829
49505,0.582839193646024
49506,0.23083706054394576
49507,0.3201933902279542
49508,0.3459482499689133
49512,0.6937625263707172
49513,0.4864166252859519
49515,0.6166648607061617
49518,0.6002911382813075
49519,0.8400922997603846
49521,0.2893691342971497
49522,0.5529705170109398
49524,0.4403401219070102
49526,0.18601981519030292
49527,0.5253503861414975
49528,0.32301037775013064
49529,0.5629043466945809
49530,0.5785693294982481
49534,0.5555569366985015
49535,0.8599828786856882
49536,0.15483034804888934
49537,0.4187370601325467
49538,0.852033546809437
49539,0.14233617320326755
49541,0.5324576659955221
49542,0.7689849407819945
49549,0.7506693314239682
49550,0.7060875114023923
49554,0.5486954676311502
49555,0.8552978930794117
49559,0.3890719288119474
49560,0.6984002977037157
49563,0.5279919238216862
49564,0.4770097330554327
49568,0.3043694382800364
49569,0.4100223594431088
49573,0.07249942357151518
49575,0.2672170548495334
49577,0.3693339705476049
49579,0.18128783003625637
49580,0.9333959510256584
49582,0.3910304405870265
49586,0.952239520378214
49587,0.3316810438338583
49588,0.40453292616574255
49589,0.6334982772337575
49590,0.45194246915645614
49591,0.3774007001366619
49592,0.164528627196029
49594,0.2984720534908597
49596,0.7486579587768456
49597,0.788454174356046
49599,0.2035036069448004
49601,0.30504000169174234
49602,0.9372371716999487
49604,0.21966420261587324
49606,0.32160884956348057
49607,0.3490110587035633
49610,0.41208374431822614
49622,0.7257034137579015
49626,0.9615470991573454
49628,0.15097465026301551
49629,0.2386074865801726
49631,0.6169953210709694
49632,0.6456471655430843
49635,0.7100966566110378
49637,0.16694864240024807
49639,0.9771615773066464
49640,0.638554466986429
49641,0.5675348557595328
49642,0.2742925580975275
49643,0.20693198630191975
49644,0.16398519198813247
49645,0.3737357477681056
49646,0.3640658724346132
49649,0.8779417882211797
49652,0.22286120660977282
49657,0.37996218903578427
49659,0.7969368262556215
49662,0.6486240383299074
49664,0.5139626363451434
49665,0.02278200647071652
49666,0.5952296155841152
49667,0.47652526035005655
49670,0.7082233300664519
49671,0.954033915551637
49672,0.7983174707578718
49673,0.6473038437106239
49675,0.8459065667326728
49676,0.681374881588274
49677,0.5016924476800994
49678,0.8489912220066014
49684,0.6344903428008338
49686,0.01639694203797858
49687,0.4726324789494603
49688,0.9319266016353732
49690,0.8574829485804192
49692,0.5782829948232602
49694,0.6397537089899983
49701,0.41722948946468624
49702,0.18909486991756078
49707,0.2389412207760596
49709,0.2953437127190052
49710,0.5828797632482152
49713,0.4343335934830224
49714,0.7430158706003566
49716,0.06884200542120195
49717,0.9361466865807967
49718,0.8680765374191987
49720,0.2141240863635993
49721,0.6356948614944816
49723,0.5965245209027923
49725,0.30834091361650345
49727,0.8297363870626211
49728,0.056304513606953
49729,0.4460681504087681
49732,0.5882080532953078
49735,0.6974102715766879
49736,0.5621393917760539
49737,0.2721058276954436
49741,0.8322357837838221
49742,0.07284539972529423
49744,0.554882436564186
49745,0.4914075711089556
49748,0.707675853556173
49749,0.5249459419219881
49750,0.5403433521538602
49751,0.9051678557817336
49752,0.49890413982998644
49756,0.2698834487323208
49759,0.5694034519287934
49762,0.5077189673099434
49763,0.8859990945466444
49765,0.6930320923122884
49767,0.21032637204528698
49768,0.44826779317864307
49769,0.7264095769361099
49770,0.4978829832920016
49774,0.5428355692396628
49775,0.607119278949397
49776,0.7635039083612484
49778,0.6009277380366969
49784,0.3501642569354438
49786,0.8120991228471525
49787,0.1294081728071955
49788,0.6272499745802642
49789,0.7668060927226873
49790,0.7381088207916592
49791,0.8730357317677983
49792,0.6984164914175204
49797,0.29923852593547245
49798,0.4931995629891609
49803,0.5803008393185229
49804,0.20655257082931305
49805,0.1587423400859815
49806,0.5737823553624082
49807,0.7353068780049993
49808,0.4322059061129789
49809,0.5215095477168498
49810,0.6797228236295485
49811,0.6567905498893296
49812,0.07356722817096971
49813,0.18580746528210468
49816,0.7355670893510163
49818,0.8743866427688495
49820,0.6918934133909342
49823,0.9536523923978762
49830,0.6265483977648008
49831,0.6135398001117358
49832,0.6396079740959596
49834,0.4387322855737629
49835,0.6689205364931243
49836,0.7629547629956979
49837,0.10038905869074112
49841,0.20053368099019048
49842,0.6682157371126276
49846,0.496468970906531
49847,0.14372597620303526
49849,0.7107102759590118
49850,0.3689759851782963
49854,0.29024369225804747
49857,0.46066934800199877
49858,0.3067182643104099
49861,0.7448471175813751
49864,0.6064180915849974
49865,0.9023828378646177
49866,0.6376977298996024
49867,0.6536475777044852
49869,0.16574914892707096
49870,0.817199245689681
49872,0.4440772233098328
49874,0.49323779260813444
49876,0.1318511829837221
49880,0.7213458251232733
49881,0.3517198203218599
49882,0.2516394158774106
49884,0.2527569244943808
49885,0.7646158166150145
49888,0.47373395283000197
49889,0.14232590118240912
49892,0.4369598056078297
49893,0.6237570893000973
49894,0.6194155777881872
49895,0.5009455473944028
49897,0.5890793305572193
49898,0.42552579891851167
49899,0.26097777149379675
49900,0.7136820682653643
49905,0.5348169511242767
49909,0.615666408423349
49912,0.7085197674993758
49914,0.4211109332993924
49916,0.5597423029132511
49918,0.26741488543559705
49920,0.4808914495383647
49921,0.5632873589789612
49922,0.3219217496620731
49923,0.39883281396234943
49924,0.8223968560437037
49925,0.7793544150671058
49926,0.7685333277869895
49928,0.5130438319596307
49929,0.32225587594097554
49935,0.7838837949909143
49936,0.44716835353454853
49942,0.33733383295976466
49943,0.521036805490192
49944,0.37639290646026125
49947,0.8401817650203535
